{"type":"FeatureCollection","crs":{"type":"name","properties":{"name":"EPSG:4326"}},"features":[{"type":"Feature","id":1,"geometry":{"type":"Point","coordinates":[-97.7386737020999,30.2894340927206]},"properties":{"Finding_Number":1,"Section":"Ramps (not curb ramps)","Area_Description":"NMS","As_Built":"Handrails are missing on both sides.","Finding":"The ramp does not have compliant handrails.\r\n\r\nHandrails are required on both sides of all surfaces that are sloped greater than 5 percent (1:20). Handrails must be between 34 inches and 38 inches above the ramp surface, must extend 12 inches beyond the top and bottom of the ramp and be parallel to the floor or ground surface. The diameter of the handrails must be between 1 1/4 inches and 2 inches in cross-sectional nominal dimension for circular handrails. Handrail gripping surfaces with a non-circular cross section shall have a perimeter dimension of 4 inches minimum and 6 1/4 inches maximum, and a cross-section dimension of 2 1/4 inches maximum. The space between handrails and walls must be 1 1/2 inches minimum.","Type":"Handrail","Subtype_1":"Missing","Subtype_2":"NA","Subtype_3":"NA","Latitude":30.28946,"Longitude":-97.73867,"Photo_1":"https://access.bluedag.com/clientdata/090884C4-08CE-44BA-8783-0F91BAD9C316/photos/complaints/hi-res/7djuNHFlQSCE8pID9ymUGRro1756989658.jpg","Photo_2":null,"FID":1,"ObjectId":1,"GlobalID":"fc898190-d7d7-4970-b571-a6f75c7b5604","CreationDate":"Tue, 18 Nov 2025 19:57:25 GMT","Creator":"TRECS_PUB","EditDate":"Tue, 27 Jan 2026 22:59:12 GMT","Editor":"cjg4522_trecs"}},{"type":"Feature","id":2,"geometry":{"type":"Point","coordinates":[-97.7379424567837,30.2894030983799]},"properties":{"Finding_Number":2,"Section":"Ramps (not curb ramps)","Area_Description":"NMS","As_Built":"The handrail is not continuous the entire length of the ramp.","Finding":"The handrail is not continuous the entire length of the ramp.\n\nThe handrail must be continuous. Handrails shall be placed on each side of each ramp, and shall be continuous the full length of the ramp. The inside handrail on switchback or dogleg ramps shall always be continuous.","Type":"Handrail","Subtype_1":"Continuous","Subtype_2":"NA","Subtype_3":"NA","Latitude":30.28944,"Longitude":-97.73795,"Photo_1":"https://access.bluedag.com/clientdata/090884C4-08CE-44BA-8783-0F91BAD9C316/photos/complaints/hi-res/VUOJlS96xEcBsKLtDIM7aZ3T1756989657.jpg","Photo_2":null,"FID":2,"ObjectId":2,"GlobalID":"c7189de2-4144-4d2b-8c22-4c64c66c2c47","CreationDate":"Tue, 18 Nov 2025 19:57:25 GMT","Creator":"TRECS_PUB","EditDate":"Tue, 27 Jan 2026 22:59:49 GMT","Editor":"cjg4522_trecs"}},{"type":"Feature","id":3,"geometry":{"type":"Point","coordinates":[-97.7377077785005,30.2878170021291]},"properties":{"Finding_Number":3,"Section":"Ramps (not curb ramps)","Area_Description":"NST","As_Built":"The handrails are missing in middle section of the ramp.","Finding":"The ramp does not have compliant handrails.\r\n\r\nHandrails are required on both sides of all surfaces that are sloped greater than 5 percent (1:20). Handrails must be between 34 inches and 38 inches above the ramp surface, must extend 12 inches beyond the top and bottom of the ramp and be parallel to the floor or ground surface. The diameter of the handrails must be between 1 1/4 inches and 2 inches in cross-sectional nominal dimension for circular handrails. Handrail gripping surfaces with a non-circular cross section shall have a perimeter dimension of 4 inches minimum and 6 1/4 inches maximum, and a cross-section dimension of 2 1/4 inches maximum. The space between handrails and walls must be 1 1/2 inches minimum.","Type":"Handrail","Subtype_1":"Missing","Subtype_2":"NA","Subtype_3":"NA","Latitude":30.28778,"Longitude":-97.73767,"Photo_1":"https://access.bluedag.com/clientdata/090884C4-08CE-44BA-8783-0F91BAD9C316/photos/complaints/hi-res/piIPqgEMrLASZs6mOwxG3bR41757004944.jpg","Photo_2":null,"FID":3,"ObjectId":3,"GlobalID":"d84c1c85-2ccd-4866-b16b-ae57623c29b4","CreationDate":"Tue, 18 Nov 2025 19:57:25 GMT","Creator":"TRECS_PUB","EditDate":"Tue, 27 Jan 2026 22:45:12 GMT","Editor":"cjg4522_trecs"}},{"type":"Feature","id":4,"geometry":{"type":"Point","coordinates":[-97.7377105352294,30.2877665238195]},"properties":{"Finding_Number":4,"Section":"Ramps (not curb ramps)","Area_Description":"NST","As_Built":"The handrails are missing on the mid landing platform.","Finding":"The ramp does not have compliant handrails.\r\n\r\nHandrails are required on both sides of all surfaces that are sloped greater than 5 percent (1:20). Handrails must be between 34 inches and 38 inches above the ramp surface, must extend 12 inches beyond the top and bottom of the ramp and be parallel to the floor or ground surface. The diameter of the handrails must be between 1 1/4 inches and 2 inches in cross-sectional nominal dimension for circular handrails. Handrail gripping surfaces with a non-circular cross section shall have a perimeter dimension of 4 inches minimum and 6 1/4 inches maximum, and a cross-section dimension of 2 1/4 inches maximum. The space between handrails and walls must be 1 1/2 inches minimum.","Type":"Handrail","Subtype_1":"Missing","Subtype_2":"NA","Subtype_3":"NA","Latitude":30.28784,"Longitude":-97.73763,"Photo_1":"https://access.bluedag.com/clientdata/090884C4-08CE-44BA-8783-0F91BAD9C316/photos/complaints/hi-res/6hcVjMp8LdvJ1bRmqQAUGrxE1757004944.jpg","Photo_2":null,"FID":4,"ObjectId":4,"GlobalID":"a7131a1a-395b-4b25-855d-448b232a45eb","CreationDate":"Tue, 18 Nov 2025 19:57:25 GMT","Creator":"TRECS_PUB","EditDate":"Tue, 27 Jan 2026 22:47:33 GMT","Editor":"cjg4522_trecs"}},{"type":"Feature","id":5,"geometry":{"type":"Point","coordinates":[-97.7377082107106,30.2878183982604]},"properties":{"Finding_Number":5,"Section":"Ramps (not curb ramps)","Area_Description":"NST","As_Built":"The handrail extensions are not 12 inches.","Finding":"The handrail extension is not a minimum 12 inches.\r\n\r\nHandrails must be between 34 inches and 38 inches above the ramp surface and must extend beyond the top and bottom of the ramp run 12 inches horizontally. The 12 inches horizontal extensions must not include the radius at the top end of round handrails. Extensions shall return to a wall, guard, or the landing surface, or shall be continuous to the handrail of an adjacent ramp run.","Type":"Handrail","Subtype_1":"Extensions","Subtype_2":"Not 12\" Minimum","Subtype_3":"NA","Latitude":30.28781,"Longitude":-97.73772,"Photo_1":"https://access.bluedag.com/clientdata/090884C4-08CE-44BA-8783-0F91BAD9C316/photos/complaints/hi-res/ysLbf7YB0DmG9WtzH3oChMuq1757004945.jpg","Photo_2":null,"FID":5,"ObjectId":5,"GlobalID":"dfdbc5b7-599e-4760-aa92-e918bdcc9343","CreationDate":"Tue, 18 Nov 2025 19:57:25 GMT","Creator":"TRECS_PUB","EditDate":"Tue, 27 Jan 2026 22:47:13 GMT","Editor":"cjg4522_trecs"}},{"type":"Feature","id":6,"geometry":{"type":"Point","coordinates":[-97.7382354736328,30.2878952026367]},"properties":{"Finding_Number":6,"Section":"Ramps (not curb ramps)","Area_Description":"NST","As_Built":"There are no handrail extensions provided.","Finding":"The handrail extension is not a minimum 12 inches.\r\n\r\nHandrails must be between 34 inches and 38 inches above the ramp surface and must extend beyond the top and bottom of the ramp run 12 inches horizontally. The 12 inches horizontal extensions must not include the radius at the top end of round handrails. Extensions shall return to a wall, guard, or the landing surface, or shall be continuous to the handrail of an adjacent ramp run.","Type":"Handrail","Subtype_1":"Extensions","Subtype_2":"Not 12\" Minimum","Subtype_3":"NA","Latitude":30.2879,"Longitude":-97.73824,"Photo_1":"https://access.bluedag.com/clientdata/090884C4-08CE-44BA-8783-0F91BAD9C316/photos/complaints/hi-res/sqcBRvgTQKJwPHMWXhm93LCu1757004946.jpg","Photo_2":null,"FID":6,"ObjectId":6,"GlobalID":"6305a755-6b57-4b31-b32d-d3ee8b153dd8","CreationDate":"Tue, 18 Nov 2025 19:57:25 GMT","Creator":"TRECS_PUB","EditDate":"Tue, 18 Nov 2025 19:57:25 GMT","Editor":"TRECS_PUB"}},{"type":"Feature","id":7,"geometry":{"type":"Point","coordinates":[-97.7382352952465,30.2878968352634]},"properties":{"Finding_Number":7,"Section":"Ramps (not curb ramps)","Area_Description":"NST","As_Built":"The handrails are missing on top landing.","Finding":"The ramp does not have compliant handrails.\r\n\r\nHandrails are required on both sides of all surfaces that are sloped greater than 5 percent (1:20). Handrails must be between 34 inches and 38 inches above the ramp surface, must extend 12 inches beyond the top and bottom of the ramp and be parallel to the floor or ground surface. The diameter of the handrails must be between 1 1/4 inches and 2 inches in cross-sectional nominal dimension for circular handrails. Handrail gripping surfaces with a non-circular cross section shall have a perimeter dimension of 4 inches minimum and 6 1/4 inches maximum, and a cross-section dimension of 2 1/4 inches maximum. The space between handrails and walls must be 1 1/2 inches minimum.","Type":"Handrail","Subtype_1":"Missing","Subtype_2":"NA","Subtype_3":"NA","Latitude":30.28805,"Longitude":-97.73819,"Photo_1":"https://access.bluedag.com/clientdata/090884C4-08CE-44BA-8783-0F91BAD9C316/photos/complaints/hi-res/bqAhWGUp1XPJreFxo7HDNaQj1757004946.jpg","Photo_2":null,"FID":7,"ObjectId":7,"GlobalID":"3219d0e4-669a-47b4-8f7e-f0f05662fc27","CreationDate":"Tue, 18 Nov 2025 19:57:25 GMT","Creator":"TRECS_PUB","EditDate":"Tue, 27 Jan 2026 22:54:22 GMT","Editor":"cjg4522_trecs"}},{"type":"Feature","id":8,"geometry":{"type":"Point","coordinates":[-97.7382942441713,30.2878086893364]},"properties":{"Finding_Number":8,"Section":"Ramps (not curb ramps)","Area_Description":"NST","As_Built":"Both handrails are missing from the ramp.","Finding":"The ramp does not have compliant handrails.\r\n\r\nHandrails are required on both sides of all surfaces that are sloped greater than 5 percent (1:20). Handrails must be between 34 inches and 38 inches above the ramp surface, must extend 12 inches beyond the top and bottom of the ramp and be parallel to the floor or ground surface. The diameter of the handrails must be between 1 1/4 inches and 2 inches in cross-sectional nominal dimension for circular handrails. Handrail gripping surfaces with a non-circular cross section shall have a perimeter dimension of 4 inches minimum and 6 1/4 inches maximum, and a cross-section dimension of 2 1/4 inches maximum. The space between handrails and walls must be 1 1/2 inches minimum.","Type":"Handrail","Subtype_1":"Missing","Subtype_2":"NA","Subtype_3":"NA","Latitude":30.2879,"Longitude":-97.73829,"Photo_1":"https://access.bluedag.com/clientdata/090884C4-08CE-44BA-8783-0F91BAD9C316/photos/complaints/hi-res/4EDZPb3hxjI9HysFdXC5VARQ1757004947.jpg","Photo_2":null,"FID":8,"ObjectId":8,"GlobalID":"17fcf9c4-a0b0-44b5-a4f3-3bfeafe21cf1","CreationDate":"Tue, 18 Nov 2025 19:57:25 GMT","Creator":"TRECS_PUB","EditDate":"Tue, 27 Jan 2026 22:52:44 GMT","Editor":"cjg4522_trecs"}},{"type":"Feature","id":9,"geometry":{"type":"Point","coordinates":[-97.7389569879822,30.288180623721]},"properties":{"Finding_Number":9,"Section":"Ramps (not curb ramps)","Area_Description":"PHR","As_Built":"The handrails do not have extensions provided.","Finding":"The handrail extension is not a minimum 12 inches.\r\n\r\nHandrails must be between 34 inches and 38 inches above the ramp surface and must extend beyond the top and bottom of the ramp run 12 inches horizontally. The 12 inches horizontal extensions must not include the radius at the top end of round handrails. Extensions shall return to a wall, guard, or the landing surface, or shall be continuous to the handrail of an adjacent ramp run.","Type":"Handrail","Subtype_1":"Extensions","Subtype_2":"Not 12\" Minimum","Subtype_3":"NA","Latitude":30.28817,"Longitude":-97.73892,"Photo_1":"https://access.bluedag.com/clientdata/090884C4-08CE-44BA-8783-0F91BAD9C316/photos/complaints/hi-res/JVWKlGxBN68p31rkmoqaCO0F1757004947.jpg","Photo_2":null,"FID":9,"ObjectId":9,"GlobalID":"f2c73baa-fd93-401a-8520-7c5334eb16b1","CreationDate":"Tue, 18 Nov 2025 19:57:25 GMT","Creator":"TRECS_PUB","EditDate":"Tue, 27 Jan 2026 22:51:03 GMT","Editor":"cjg4522_trecs"}},{"type":"Feature","id":10,"geometry":{"type":"Point","coordinates":[-97.7389762849577,30.2884785791755]},"properties":{"Finding_Number":10,"Section":"Ramps (not curb ramps)","Area_Description":"PHR","As_Built":"The handrails are 33 inches high.","Finding":"The handrails do not meet minimum height requirements.\r\n\r\nHandrails are measured to the top of the gripping surface and must be between 34 inches and 38 inches above the ramp surface. Handrails must extend horizontally 12 inches beyond the top and bottom of the ramp.","Type":"Handrail","Subtype_1":"Height","Subtype_2":"Too Low","Subtype_3":"NA","Latitude":30.28847,"Longitude":-97.739,"Photo_1":"https://access.bluedag.com/clientdata/090884C4-08CE-44BA-8783-0F91BAD9C316/photos/complaints/hi-res/q2wI3m5aWX67enVuL0FBM9gO1757004948.jpg","Photo_2":null,"FID":10,"ObjectId":10,"GlobalID":"f44faef6-3901-4fbf-b25e-00d2bf707f3e","CreationDate":"Tue, 18 Nov 2025 19:57:25 GMT","Creator":"TRECS_PUB","EditDate":"Tue, 27 Jan 2026 22:55:11 GMT","Editor":"cjg4522_trecs"}},{"type":"Feature","id":11,"geometry":{"type":"Point","coordinates":[-97.7386114301388,30.2884776931825]},"properties":{"Finding_Number":11,"Section":"Ramps (not curb ramps)","Area_Description":"PHR","As_Built":"There are no handrails provided.","Finding":"The ramp does not have compliant handrails.\r\n\r\nHandrails are required on both sides of all surfaces that are sloped greater than 5 percent (1:20). Handrails must be between 34 inches and 38 inches above the ramp surface, must extend 12 inches beyond the top and bottom of the ramp and be parallel to the floor or ground surface. The diameter of the handrails must be between 1 1/4 inches and 2 inches in cross-sectional nominal dimension for circular handrails. Handrail gripping surfaces with a non-circular cross section shall have a perimeter dimension of 4 inches minimum and 6 1/4 inches maximum, and a cross-section dimension of 2 1/4 inches maximum. The space between handrails and walls must be 1 1/2 inches minimum.","Type":"Handrail","Subtype_1":"Missing","Subtype_2":"NA","Subtype_3":"NA","Latitude":30.28854,"Longitude":-97.73869,"Photo_1":"https://access.bluedag.com/clientdata/090884C4-08CE-44BA-8783-0F91BAD9C316/photos/complaints/hi-res/iSojCpk7bXRNqIK1OhZJMW361757004949.jpg","Photo_2":null,"FID":11,"ObjectId":11,"GlobalID":"60c73dc0-0534-4948-a56d-d89c3238d6c3","CreationDate":"Tue, 18 Nov 2025 19:57:25 GMT","Creator":"TRECS_PUB","EditDate":"Tue, 27 Jan 2026 22:54:39 GMT","Editor":"cjg4522_trecs"}},{"type":"Feature","id":12,"geometry":{"type":"Point","coordinates":[-97.7385360600909,30.2886094367992]},"properties":{"Finding_Number":12,"Section":"Ramps (not curb ramps)","Area_Description":"BUR","As_Built":"There are no handrail provided.","Finding":"The ramp does not have compliant handrails.\r\n\r\nHandrails are required on both sides of all surfaces that are sloped greater than 5 percent (1:20). Handrails must be between 34 inches and 38 inches above the ramp surface, must extend 12 inches beyond the top and bottom of the ramp and be parallel to the floor or ground surface. The diameter of the handrails must be between 1 1/4 inches and 2 inches in cross-sectional nominal dimension for circular handrails. Handrail gripping surfaces with a non-circular cross section shall have a perimeter dimension of 4 inches minimum and 6 1/4 inches maximum, and a cross-section dimension of 2 1/4 inches maximum. The space between handrails and walls must be 1 1/2 inches minimum.","Type":"Handrail","Subtype_1":"Missing","Subtype_2":"NA","Subtype_3":"NA","Latitude":30.2886,"Longitude":-97.73862,"Photo_1":"https://access.bluedag.com/clientdata/090884C4-08CE-44BA-8783-0F91BAD9C316/photos/complaints/hi-res/jD2Sh5TUHpEaWd8ombiR3cKX1757004950.jpg","Photo_2":null,"FID":12,"ObjectId":12,"GlobalID":"9155dd7d-7335-48d1-982e-ab9f65cadce2","CreationDate":"Tue, 18 Nov 2025 19:57:25 GMT","Creator":"TRECS_PUB","EditDate":"Tue, 27 Jan 2026 22:55:00 GMT","Editor":"cjg4522_trecs"}},{"type":"Feature","id":13,"geometry":{"type":"Point","coordinates":[-97.7386744620506,30.2894342964625]},"properties":{"Finding_Number":13,"Section":"Ramps (not curb ramps)","Area_Description":"BME","As_Built":"There are no handrails provided on both sides of the ramp.","Finding":"The ramp does not have compliant handrails.\r\n\r\nHandrails are required on both sides of all surfaces that are sloped greater than 5 percent (1:20). Handrails must be between 34 inches and 38 inches above the ramp surface, must extend 12 inches beyond the top and bottom of the ramp and be parallel to the floor or ground surface. The diameter of the handrails must be between 1 1/4 inches and 2 inches in cross-sectional nominal dimension for circular handrails. Handrail gripping surfaces with a non-circular cross section shall have a perimeter dimension of 4 inches minimum and 6 1/4 inches maximum, and a cross-section dimension of 2 1/4 inches maximum. The space between handrails and walls must be 1 1/2 inches minimum.","Type":"Handrail","Subtype_1":"Missing","Subtype_2":"NA","Subtype_3":"NA","Latitude":30.28945,"Longitude":-97.73869,"Photo_1":"https://access.bluedag.com/clientdata/090884C4-08CE-44BA-8783-0F91BAD9C316/photos/complaints/hi-res/sJxu8LVQBFrDcb3E0zK46pHg1757004950.jpg","Photo_2":null,"FID":13,"ObjectId":13,"GlobalID":"2f6efec8-f3de-492f-b042-7edcc3ea7db6","CreationDate":"Tue, 18 Nov 2025 19:57:25 GMT","Creator":"TRECS_PUB","EditDate":"Tue, 27 Jan 2026 22:59:02 GMT","Editor":"cjg4522_trecs"}},{"type":"Feature","id":14,"geometry":{"type":"Point","coordinates":[-97.738924622677,30.2890420640007]},"properties":{"Finding_Number":14,"Section":"Ramps (not curb ramps)","Area_Description":"BME","As_Built":"The handrails are not continuous and do not have extensions that are at least 12 inches in length.","Finding":"The ramps contains multiple issues.\r\n\r\nThe ramp contains running slopes greater than 8.3% and 2% cross slope.\r\nThe ramp does not have compliant level landings.\r\nThe ramp is not the required minimum width.\r\nThe ramp does not have compliant handrails with wheel guides.\r\nThe ramp surface contains changes in level.","Type":"Multiple Issues","Subtype_1":"NA","Subtype_2":"NA","Subtype_3":"NA","Latitude":30.28906,"Longitude":-97.73888,"Photo_1":"https://access.bluedag.com/clientdata/090884C4-08CE-44BA-8783-0F91BAD9C316/photos/complaints/hi-res/aZfTN5bhgeDEcJI7V0FnK3Rm1757004951.jpg","Photo_2":"https://access.bluedag.com/clientdata/090884C4-08CE-44BA-8783-0F91BAD9C316/photos/complaints/hi-res/hUOM29zCeFls4niGk8fwgcu61757004951.jpg","FID":14,"ObjectId":14,"GlobalID":"858ce229-dee4-4639-9ff1-240304223981","CreationDate":"Tue, 18 Nov 2025 19:57:25 GMT","Creator":"TRECS_PUB","EditDate":"Tue, 27 Jan 2026 22:58:34 GMT","Editor":"cjg4522_trecs"}},{"type":"Feature","id":15,"geometry":{"type":"Point","coordinates":[-97.7396545410156,30.2894058227539]},"properties":{"Finding_Number":15,"Section":"Ramps (not curb ramps)","Area_Description":"Littlefield Patio","As_Built":"There are missing handrail on one side and missing extensions that are at least 12 inches in length.","Finding":"The ramps contains multiple issues.\r\n\r\nThe ramp contains running slopes greater than 8.3% and 2% cross slope.\r\nThe ramp does not have compliant level landings.\r\nThe ramp is not the required minimum width.\r\nThe ramp does not have compliant handrails with wheel guides.\r\nThe ramp surface contains changes in level.","Type":"Multiple Issues","Subtype_1":"NA","Subtype_2":"NA","Subtype_3":"NA","Latitude":30.28941,"Longitude":-97.73965,"Photo_1":"https://access.bluedag.com/clientdata/090884C4-08CE-44BA-8783-0F91BAD9C316/photos/complaints/hi-res/QFN6JYKrOpGyLoBA842X3tfV1757004952.jpg","Photo_2":null,"FID":15,"ObjectId":15,"GlobalID":"7cfdf5a9-a55f-4595-aec6-cb404eaebc9e","CreationDate":"Tue, 18 Nov 2025 19:57:25 GMT","Creator":"TRECS_PUB","EditDate":"Tue, 18 Nov 2025 19:57:25 GMT","Editor":"TRECS_PUB"}},{"type":"Feature","id":16,"geometry":{"type":"Point","coordinates":[-97.7401809692383,30.2889060974121]},"properties":{"Finding_Number":16,"Section":"Ramps (not curb ramps)","Area_Description":"CRD","As_Built":"The handrails have no extensions provided.","Finding":"The ramps contains multiple issues.\r\n\r\nThe ramp contains running slopes greater than 8.3% and 2% cross slope.\r\nThe ramp does not have compliant level landings.\r\nThe ramp is not the required minimum width.\r\nThe ramp does not have compliant handrails with wheel guides.\r\nThe ramp surface contains changes in level.","Type":"Multiple Issues","Subtype_1":"NA","Subtype_2":"NA","Subtype_3":"NA","Latitude":30.28891,"Longitude":-97.74018,"Photo_1":"https://access.bluedag.com/clientdata/090884C4-08CE-44BA-8783-0F91BAD9C316/photos/complaints/hi-res/FJlATxz0QNHXbucUMkISdrf11757004952.jpg","Photo_2":null,"FID":16,"ObjectId":16,"GlobalID":"7417e577-e530-461a-870a-a5fe55bc7af5","CreationDate":"Tue, 18 Nov 2025 19:57:25 GMT","Creator":"TRECS_PUB","EditDate":"Tue, 18 Nov 2025 19:57:25 GMT","Editor":"TRECS_PUB"}},{"type":"Feature","id":17,"geometry":{"type":"Point","coordinates":[-97.7375514532069,30.290883373806]},"properties":{"Finding_Number":17,"Section":"Ramps (not curb ramps)","Area_Description":"ASE","As_Built":"Good","Finding":"Directions: Notes added to the As-Built field will carry over once the finding is updated.\r\n\r\nText / Notes added in the Finding Text, Item or Recommendation fields will be replaced when the drop-down menu selections are updated.","Type":"NA","Subtype_1":"NA","Subtype_2":"NA","Subtype_3":"NA","Latitude":30.29088,"Longitude":-97.73755,"Photo_1":"https://access.bluedag.com/clientdata/090884C4-08CE-44BA-8783-0F91BAD9C316/photos/complaints/hi-res/ohgeWK4IXM97rPN6s3qODLxy1757284392.jpg","Photo_2":null,"FID":17,"ObjectId":17,"GlobalID":"2785b809-fc3b-46fe-ac41-b110ca2cc6f6","CreationDate":"Tue, 18 Nov 2025 19:57:25 GMT","Creator":"TRECS_PUB","EditDate":"Wed, 19 Nov 2025 23:42:35 GMT","Editor":"cjg4522_trecs"}},{"type":"Feature","id":18,"geometry":{"type":"Point","coordinates":[-97.7402086254576,30.2878688402663]},"properties":{"Finding_Number":18,"Section":"Ramps (not curb ramps)","Area_Description":"GWB","As_Built":"Both sides missing","Finding":"The ramp does not have compliant handrails.\r\n\r\nHandrails are required on both sides of all surfaces that are sloped greater than 5 percent (1:20). Handrails must be between 34 inches and 38 inches above the ramp surface, must extend 12 inches beyond the top and bottom of the ramp and be parallel to the floor or ground surface. The diameter of the handrails must be between 1 1/4 inches and 2 inches in cross-sectional nominal dimension for circular handrails. Handrail gripping surfaces with a non-circular cross section shall have a perimeter dimension of 4 inches minimum and 6 1/4 inches maximum, and a cross-section dimension of 2 1/4 inches maximum. The space between handrails and walls must be 1 1/2 inches minimum.","Type":"Handrail","Subtype_1":"Missing","Subtype_2":"NA","Subtype_3":"NA","Latitude":30.28787,"Longitude":-97.74017,"Photo_1":"https://access.bluedag.com/clientdata/090884C4-08CE-44BA-8783-0F91BAD9C316/photos/complaints/hi-res/ODWENXGkgblscr5CQ94n2uoJ1757004953.jpg","Photo_2":null,"FID":18,"ObjectId":18,"GlobalID":"4d03c6a6-776c-4366-a998-0a452eb884d2","CreationDate":"Tue, 18 Nov 2025 19:57:25 GMT","Creator":"TRECS_PUB","EditDate":"Tue, 27 Jan 2026 22:39:24 GMT","Editor":"cjg4522_trecs"}},{"type":"Feature","id":19,"geometry":{"type":"Point","coordinates":[-97.7401275634765,30.2871589660644]},"properties":{"Finding_Number":19,"Section":"Ramps (not curb ramps)","Area_Description":"BIO","As_Built":"The handrail does not extend past the ramp.","Finding":"The handrail does not extend past the ramp.\r\n\r\nHandrails must be between 34 inches and 38 inches above the ramp surface and must extend beyond the top and bottom of the ramp run 12 inches horizontally. The 12 inches horizontal extensions must not include the radius at the top end of round handrails. Extensions shall return to a wall, guard, or the landing surface, or shall be continuous to the handrail of an adjacent ramp run.","Type":"Handrail","Subtype_1":"Extensions","Subtype_2":"Missing","Subtype_3":"NA","Latitude":30.28716,"Longitude":-97.74013,"Photo_1":"https://access.bluedag.com/clientdata/090884C4-08CE-44BA-8783-0F91BAD9C316/photos/complaints/hi-res/YdRkMJT6maW5yPgB1sXoEizr1757004955.jpg","Photo_2":null,"FID":19,"ObjectId":19,"GlobalID":"c66ca489-f551-4a1d-8d12-0b7bab7516c5","CreationDate":"Tue, 18 Nov 2025 19:57:25 GMT","Creator":"TRECS_PUB","EditDate":"Tue, 18 Nov 2025 19:57:25 GMT","Editor":"TRECS_PUB"}},{"type":"Feature","id":20,"geometry":{"type":"Point","coordinates":[-97.7361506654599,30.2905132117026]},"properties":{"Finding_Number":20,"Section":"Ramps (not curb ramps)","Area_Description":"CPE","As_Built":"One side missing","Finding":"The ramp does not have compliant handrails.\r\n\r\nHandrails are required on both sides of all surfaces that are sloped greater than 5 percent (1:20). Handrails must be between 34 inches and 38 inches above the ramp surface, must extend 12 inches beyond the top and bottom of the ramp and be parallel to the floor or ground surface. The diameter of the handrails must be between 1 1/4 inches and 2 inches in cross-sectional nominal dimension for circular handrails. Handrail gripping surfaces with a non-circular cross section shall have a perimeter dimension of 4 inches minimum and 6 1/4 inches maximum, and a cross-section dimension of 2 1/4 inches maximum. The space between handrails and walls must be 1 1/2 inches minimum.","Type":"Handrail","Subtype_1":"Missing","Subtype_2":"NA","Subtype_3":"NA","Latitude":30.29054,"Longitude":-97.73615,"Photo_1":"https://access.bluedag.com/clientdata/090884C4-08CE-44BA-8783-0F91BAD9C316/photos/complaints/hi-res/OFMmDAjwPC8byuGQpzYWlJfg1757284393.jpg","Photo_2":null,"FID":20,"ObjectId":20,"GlobalID":"b72ba8cb-f560-41a3-8894-fda1c7ca15fb","CreationDate":"Tue, 18 Nov 2025 19:57:25 GMT","Creator":"TRECS_PUB","EditDate":"Wed, 19 Nov 2025 23:38:46 GMT","Editor":"cjg4522_trecs"}},{"type":"Feature","id":21,"geometry":{"type":"Point","coordinates":[-97.7384083274528,30.2870907771272]},"properties":{"Finding_Number":21,"Section":"Ramps (not curb ramps)","Area_Description":"PAI","As_Built":"The handrail extension is not a minimum 12 inches.","Finding":"The handrail extension is not a minimum 12 inches.\r\n\r\nHandrails must be between 34 inches and 38 inches above the ramp surface and must extend beyond the top and bottom of the ramp run 12 inches horizontally. The 12 inches horizontal extensions must not include the radius at the top end of round handrails. Extensions shall return to a wall, guard, or the landing surface, or shall be continuous to the handrail of an adjacent ramp run.","Type":"Handrail","Subtype_1":"Extensions","Subtype_2":"Not 12\" Minimum","Subtype_3":"NA","Latitude":30.28715,"Longitude":-97.73831,"Photo_1":"https://access.bluedag.com/clientdata/090884C4-08CE-44BA-8783-0F91BAD9C316/photos/complaints/hi-res/ja54AK1mWBEYSPMfUtDl2OdT1757004955.jpg","Photo_2":null,"FID":21,"ObjectId":21,"GlobalID":"d4a89fb4-694d-432c-9c9e-e1a98aacaa34","CreationDate":"Tue, 18 Nov 2025 19:57:25 GMT","Creator":"TRECS_PUB","EditDate":"Tue, 27 Jan 2026 22:43:28 GMT","Editor":"cjg4522_trecs"}},{"type":"Feature","id":22,"geometry":{"type":"Point","coordinates":[-97.7389306725258,30.2870465012622]},"properties":{"Finding_Number":22,"Section":"Ramps (not curb ramps)","Area_Description":"PAI","As_Built":"Handrails missing.","Finding":"The ramps contains multiple issues.\r\n\r\nThe ramp contains running slopes greater than 8.3% and 2% cross slope.\r\nThe ramp does not have compliant level landings.\r\nThe ramp is not the required minimum width.\r\nThe ramp does not have compliant handrails with wheel guides.\r\nThe ramp surface contains changes in level.","Type":"Multiple Issues","Subtype_1":"NA","Subtype_2":"NA","Subtype_3":"NA","Latitude":30.28701,"Longitude":-97.73894,"Photo_1":"https://access.bluedag.com/clientdata/090884C4-08CE-44BA-8783-0F91BAD9C316/photos/complaints/hi-res/fJibYsgIl9chWKE75qH2Vpn41757004956.jpg","Photo_2":null,"FID":22,"ObjectId":22,"GlobalID":"4067a102-6074-4191-a717-e720cbefcc35","CreationDate":"Tue, 18 Nov 2025 19:57:25 GMT","Creator":"TRECS_PUB","EditDate":"Tue, 27 Jan 2026 22:42:44 GMT","Editor":"cjg4522_trecs"}},{"type":"Feature","id":23,"geometry":{"type":"Point","coordinates":[-97.7356253866781,30.2891410761646]},"properties":{"Finding_Number":23,"Section":"Ramps (not curb ramps)","Area_Description":"ECJ","As_Built":"Left handrail is at 33 inches","Finding":"The handrails do not meet minimum height requirements.\r\n\r\nHandrails are measured to the top of the gripping surface and must be between 34 inches and 38 inches above the ramp surface. Handrails must extend horizontally 12 inches beyond the top and bottom of the ramp.","Type":"Handrail","Subtype_1":"Height","Subtype_2":"Too Low","Subtype_3":"NA","Latitude":30.28916,"Longitude":-97.73564,"Photo_1":"https://access.bluedag.com/clientdata/090884C4-08CE-44BA-8783-0F91BAD9C316/photos/complaints/hi-res/Qtw8BZnSgC03cKdGek1yiAVJ1757284394.jpg","Photo_2":null,"FID":23,"ObjectId":23,"GlobalID":"321a3358-7857-4a67-b6d6-22836608859b","CreationDate":"Tue, 18 Nov 2025 19:57:25 GMT","Creator":"TRECS_PUB","EditDate":"Tue, 27 Jan 2026 22:05:38 GMT","Editor":"cjg4522_trecs"}},{"type":"Feature","id":24,"geometry":{"type":"Point","coordinates":[-97.7410204410014,30.287321703847]},"properties":{"Finding_Number":24,"Section":"Ramps (not curb ramps)","Area_Description":"Union","As_Built":"Square Handrails","Finding":"The handrail is not smooth and free of abrasive elements.\r\n\r\nHandrail gripping surfaces and any surfaces adjacent to them shall be free of sharp or abrasive elements and shall have rounded edges.","Type":"Handrail","Subtype_1":"Not Smooth","Subtype_2":"NA","Subtype_3":"NA","Latitude":30.2873,"Longitude":-97.74097,"Photo_1":"https://access.bluedag.com/clientdata/090884C4-08CE-44BA-8783-0F91BAD9C316/photos/complaints/hi-res/EYgvmcBTQP617Of8WneMVkzU1757004957.jpg","Photo_2":null,"FID":24,"ObjectId":24,"GlobalID":"32e4d62e-4ec1-41a6-ae56-314ce8048bda","CreationDate":"Tue, 18 Nov 2025 19:57:25 GMT","Creator":"TRECS_PUB","EditDate":"Tue, 27 Jan 2026 23:03:54 GMT","Editor":"cjg4522_trecs"}},{"type":"Feature","id":25,"geometry":{"type":"Point","coordinates":[-97.7415237426758,30.2863082885742]},"properties":{"Finding_Number":25,"Section":"Ramps (not curb ramps)","Area_Description":"Union","As_Built":"The handrail is at 33 inches","Finding":"The handrails do not meet minimum height requirements.\r\n\r\nHandrails are measured to the top of the gripping surface and must be between 34 inches and 38 inches above the ramp surface. Handrails must extend horizontally 12 inches beyond the top and bottom of the ramp.","Type":"Handrail","Subtype_1":"Height","Subtype_2":"Too Low","Subtype_3":"NA","Latitude":30.28631,"Longitude":-97.74152,"Photo_1":"https://access.bluedag.com/clientdata/090884C4-08CE-44BA-8783-0F91BAD9C316/photos/complaints/hi-res/AUfn9zJekh5vS8mV0ECuaH7o1757004958.jpg","Photo_2":null,"FID":25,"ObjectId":25,"GlobalID":"d0a2a817-8ee8-464a-bd8f-6bfb49410d7f","CreationDate":"Tue, 18 Nov 2025 19:57:25 GMT","Creator":"TRECS_PUB","EditDate":"Tue, 18 Nov 2025 19:57:25 GMT","Editor":"TRECS_PUB"}},{"type":"Feature","id":26,"geometry":{"type":"Point","coordinates":[-97.7409744265327,30.2862873790084]},"properties":{"Finding_Number":26,"Section":"Ramps (not curb ramps)","Area_Description":"Union","As_Built":"The handrails are missing","Finding":"The ramp does not have compliant handrails.\r\n\r\nHandrails are required on both sides of all surfaces that are sloped greater than 5 percent (1:20). Handrails must be between 34 inches and 38 inches above the ramp surface, must extend 12 inches beyond the top and bottom of the ramp and be parallel to the floor or ground surface. The diameter of the handrails must be between 1 1/4 inches and 2 inches in cross-sectional nominal dimension for circular handrails. Handrail gripping surfaces with a non-circular cross section shall have a perimeter dimension of 4 inches minimum and 6 1/4 inches maximum, and a cross-section dimension of 2 1/4 inches maximum. The space between handrails and walls must be 1 1/2 inches minimum.","Type":"Handrail","Subtype_1":"Missing","Subtype_2":"NA","Subtype_3":"NA","Latitude":30.28618,"Longitude":-97.74097,"Photo_1":"https://access.bluedag.com/clientdata/090884C4-08CE-44BA-8783-0F91BAD9C316/photos/complaints/hi-res/tH9szuR0SIDE2FGd1B3gPZcM1757004959.jpg","Photo_2":null,"FID":26,"ObjectId":26,"GlobalID":"3bd0e514-1337-4ce0-a945-7881fb43eb8c","CreationDate":"Tue, 18 Nov 2025 19:57:25 GMT","Creator":"TRECS_PUB","EditDate":"Tue, 27 Jan 2026 22:35:58 GMT","Editor":"cjg4522_trecs"}},{"type":"Feature","id":27,"geometry":{"type":"Point","coordinates":[-97.735990256119,30.2884635247968]},"properties":{"Finding_Number":27,"Section":"Ramps (not curb ramps)","Area_Description":"PMA","As_Built":"No extensions","Finding":"The handrail extension is not a minimum 12 inches.\r\n\r\nHandrails must be between 34 inches and 38 inches above the ramp surface and must extend beyond the top and bottom of the ramp run 12 inches horizontally. The 12 inches horizontal extensions must not include the radius at the top end of round handrails. Extensions shall return to a wall, guard, or the landing surface, or shall be continuous to the handrail of an adjacent ramp run.","Type":"Handrail","Subtype_1":"Extensions","Subtype_2":"Not 12\" Minimum","Subtype_3":"NA","Latitude":30.2884,"Longitude":-97.73601,"Photo_1":"https://access.bluedag.com/clientdata/090884C4-08CE-44BA-8783-0F91BAD9C316/photos/complaints/hi-res/IjZMxqVmrXFRg4bHSlKP9GvO1757284397.jpg","Photo_2":null,"FID":27,"ObjectId":27,"GlobalID":"7d9a1c59-9ee5-49f0-992d-23d44cba22c3","CreationDate":"Tue, 18 Nov 2025 19:57:25 GMT","Creator":"TRECS_PUB","EditDate":"Tue, 27 Jan 2026 22:04:02 GMT","Editor":"cjg4522_trecs"}},{"type":"Feature","id":28,"geometry":{"type":"Point","coordinates":[-97.723442018525,30.2832547239822]},"properties":{"Finding_Number":28,"Section":"Ramps (not curb ramps)","Area_Description":"UIL","As_Built":"The handrail extension is not a minimum 12 inches.","Finding":"The handrail extension is not a minimum 12 inches.\r\n\r\nHandrails must be between 34 inches and 38 inches above the ramp surface and must extend beyond the top and bottom of the ramp run 12 inches horizontally. The 12 inches horizontal extensions must not include the radius at the top end of round handrails. Extensions shall return to a wall, guard, or the landing surface, or shall be continuous to the handrail of an adjacent ramp run.","Type":"Handrail","Subtype_1":"Extensions","Subtype_2":"Not 12\" Minimum","Subtype_3":"NA","Latitude":30.28308,"Longitude":-97.72366,"Photo_1":"https://access.bluedag.com/clientdata/090884C4-08CE-44BA-8783-0F91BAD9C316/photos/complaints/hi-res/ZeLqiuJcVGrXh9ybpIOtaFTB1757271997.jpg","Photo_2":null,"FID":28,"ObjectId":28,"GlobalID":"40c97f21-a133-44ab-8ad9-613212ccd832","CreationDate":"Tue, 18 Nov 2025 19:57:25 GMT","Creator":"TRECS_PUB","EditDate":"Tue, 18 Nov 2025 21:36:40 GMT","Editor":"cjg4522_trecs"}},{"type":"Feature","id":29,"geometry":{"type":"Point","coordinates":[-97.7362142803427,30.2873748365449]},"properties":{"Finding_Number":29,"Section":"Ramps (not curb ramps)","Area_Description":"GLT","As_Built":"The handrails are missing","Finding":"The ramp does not have compliant handrails.\r\n\r\nHandrails are required on both sides of all surfaces that are sloped greater than 5 percent (1:20). Handrails must be between 34 inches and 38 inches above the ramp surface, must extend 12 inches beyond the top and bottom of the ramp and be parallel to the floor or ground surface. The diameter of the handrails must be between 1 1/4 inches and 2 inches in cross-sectional nominal dimension for circular handrails. Handrail gripping surfaces with a non-circular cross section shall have a perimeter dimension of 4 inches minimum and 6 1/4 inches maximum, and a cross-section dimension of 2 1/4 inches maximum. The space between handrails and walls must be 1 1/2 inches minimum.","Type":"Handrail","Subtype_1":"Missing","Subtype_2":"NA","Subtype_3":"NA","Latitude":30.28741,"Longitude":-97.73625,"Photo_1":"https://access.bluedag.com/clientdata/090884C4-08CE-44BA-8783-0F91BAD9C316/photos/complaints/hi-res/BxDe9V2q1YAyba6GzKEk3Pls1757284398.jpg","Photo_2":null,"FID":29,"ObjectId":29,"GlobalID":"1939ac38-eccf-42e3-b389-0cad565cfcff","CreationDate":"Tue, 18 Nov 2025 19:57:25 GMT","Creator":"TRECS_PUB","EditDate":"Tue, 27 Jan 2026 21:59:49 GMT","Editor":"cjg4522_trecs"}},{"type":"Feature","id":30,"geometry":{"type":"Point","coordinates":[-97.7251197102514,30.2827916154933]},"properties":{"Finding_Number":30,"Section":"Ramps (not curb ramps)","Area_Description":"CML","As_Built":"Not all extensions are at least 12\" and incorrect handrail terminations.","Finding":"The ramp does not have compliant handrails. \r\n\r\nHandrails are required on both sides of all surfaces that are sloped greater than 5 percent (1:20). Handrails must be between 34 inches and 38 inches above the ramp surface, and must extend horizontally 12 inches beyond the top and bottom of the ramp. The diameter of the handrails must be 1 1/4 inches minimum and 2 inches maximum in cross-sectional nominal dimension for circular handrails. Handrail gripping surfaces with a non-circular cross section shall have a perimeter dimension of 4 inches minimum and 6 1/4 inches maximum, and a cross-section dimension of 2 1/4 inches maximum. The space between handrails and walls must be 1-1/2 inches minimum.","Type":"Handrail","Subtype_1":"Not Compliant (General)","Subtype_2":"NA","Subtype_3":"NA","Latitude":30.28243,"Longitude":-97.72479,"Photo_1":"https://access.bluedag.com/clientdata/090884C4-08CE-44BA-8783-0F91BAD9C316/photos/complaints/hi-res/9jML7PXk5OJ162ixqVnyuZoF1757271999.jpg","Photo_2":null,"FID":30,"ObjectId":30,"GlobalID":"8d64eb85-5e2e-4a77-92fd-be8aedfb8731","CreationDate":"Tue, 18 Nov 2025 19:57:25 GMT","Creator":"TRECS_PUB","EditDate":"Tue, 18 Nov 2025 21:43:04 GMT","Editor":"cjg4522_trecs"}},{"type":"Feature","id":31,"geometry":{"type":"Point","coordinates":[-97.725509524254,30.2827514678521]},"properties":{"Finding_Number":31,"Section":"Ramps (not curb ramps)","Area_Description":"CML","As_Built":"Handrails missing","Finding":"The ramp does not have compliant handrails.\r\n\r\nHandrails are required on both sides of all surfaces that are sloped greater than 5 percent (1:20). Handrails must be between 34 inches and 38 inches above the ramp surface, must extend 12 inches beyond the top and bottom of the ramp and be parallel to the floor or ground surface. The diameter of the handrails must be between 1 1/4 inches and 2 inches in cross-sectional nominal dimension for circular handrails. Handrail gripping surfaces with a non-circular cross section shall have a perimeter dimension of 4 inches minimum and 6 1/4 inches maximum, and a cross-section dimension of 2 1/4 inches maximum. The space between handrails and walls must be 1 1/2 inches minimum.","Type":"Handrail","Subtype_1":"Missing","Subtype_2":"NA","Subtype_3":"NA","Latitude":30.28243,"Longitude":-97.72479,"Photo_1":"https://access.bluedag.com/clientdata/090884C4-08CE-44BA-8783-0F91BAD9C316/photos/complaints/hi-res/e45Lr8QlXzTZIx3k9OHsftq71757272003.jpg","Photo_2":null,"FID":31,"ObjectId":31,"GlobalID":"702e9560-3db7-4988-aa08-75c47cd90427","CreationDate":"Tue, 18 Nov 2025 19:57:25 GMT","Creator":"TRECS_PUB","EditDate":"Tue, 18 Nov 2025 21:42:47 GMT","Editor":"cjg4522_trecs"}},{"type":"Feature","id":32,"geometry":{"type":"Point","coordinates":[-97.7249249218443,30.2794196685156]},"properties":{"Finding_Number":32,"Section":"Ramps (not curb ramps)","Area_Description":"CPC","As_Built":"Handrails missing","Finding":"The ramp does not have compliant handrails.\r\n\r\nHandrails are required on both sides of all surfaces that are sloped greater than 5 percent (1:20). Handrails must be between 34 inches and 38 inches above the ramp surface, must extend 12 inches beyond the top and bottom of the ramp and be parallel to the floor or ground surface. The diameter of the handrails must be between 1 1/4 inches and 2 inches in cross-sectional nominal dimension for circular handrails. Handrail gripping surfaces with a non-circular cross section shall have a perimeter dimension of 4 inches minimum and 6 1/4 inches maximum, and a cross-section dimension of 2 1/4 inches maximum. The space between handrails and walls must be 1 1/2 inches minimum.","Type":"Handrail","Subtype_1":"Missing","Subtype_2":"NA","Subtype_3":"NA","Latitude":30.27946,"Longitude":-97.72494,"Photo_1":"https://access.bluedag.com/clientdata/090884C4-08CE-44BA-8783-0F91BAD9C316/photos/complaints/hi-res/YFMcustIU2x7WXwgSCRkN0Lm1757272006.jpg","Photo_2":null,"FID":32,"ObjectId":32,"GlobalID":"54cafd8e-5fdb-4402-810d-5e000b1a1668","CreationDate":"Tue, 18 Nov 2025 19:57:25 GMT","Creator":"TRECS_PUB","EditDate":"Tue, 18 Nov 2025 21:45:51 GMT","Editor":"cjg4522_trecs"}},{"type":"Feature","id":33,"geometry":{"type":"Point","coordinates":[-97.7323075434433,30.2865352503398]},"properties":{"Finding_Number":33,"Section":"Ramps (not curb ramps)","Area_Description":"ART","As_Built":"Handrails missing","Finding":"The ramp does not have compliant handrails. \r\n\r\nHandrails are required on both sides of all surfaces that are sloped greater than 5 percent (1:20). Handrails must be between 34 inches and 38 inches above the ramp surface, and must extend horizontally 12 inches beyond the top and bottom of the ramp. The diameter of the handrails must be 1 1/4 inches minimum and 2 inches maximum in cross-sectional nominal dimension for circular handrails. Handrail gripping surfaces with a non-circular cross section shall have a perimeter dimension of 4 inches minimum and 6 1/4 inches maximum, and a cross-section dimension of 2 1/4 inches maximum. The space between handrails and walls must be 1-1/2 inches minimum.","Type":"Handrail","Subtype_1":"Not Compliant (General)","Subtype_2":"NA","Subtype_3":"NA","Latitude":30.28654,"Longitude":-97.73231,"Photo_1":"https://access.bluedag.com/clientdata/090884C4-08CE-44BA-8783-0F91BAD9C316/photos/complaints/hi-res/7tiXoM21dQpgl3rEZ6W4eFjb1757272010.jpg","Photo_2":null,"FID":33,"ObjectId":33,"GlobalID":"b0d3ab94-441b-4965-bfd5-7505044321d7","CreationDate":"Tue, 18 Nov 2025 19:57:25 GMT","Creator":"TRECS_PUB","EditDate":"Wed, 19 Nov 2025 23:26:17 GMT","Editor":"cjg4522_trecs"}},{"type":"Feature","id":34,"geometry":{"type":"Point","coordinates":[-97.7334934324191,30.2857234924287]},"properties":{"Finding_Number":34,"Section":"Ramps (not curb ramps)","Area_Description":"ART","As_Built":"The handrails do not meet minimum height requirements.","Finding":"The handrails do not meet minimum height requirements.\r\n\r\nHandrails are measured to the top of the gripping surface and must be between 34 inches and 38 inches above the ramp surface. Handrails must extend horizontally 12 inches beyond the top and bottom of the ramp.","Type":"Handrail","Subtype_1":"Height","Subtype_2":"Too Low","Subtype_3":"NA","Latitude":30.28557,"Longitude":-97.73349,"Photo_1":"https://access.bluedag.com/clientdata/090884C4-08CE-44BA-8783-0F91BAD9C316/photos/complaints/hi-res/BD9nbS25pzamPfWriOyjvtLA1757272016.jpg","Photo_2":null,"FID":34,"ObjectId":34,"GlobalID":"1a30e176-5a73-43e9-84a8-2c56919dba1a","CreationDate":"Tue, 18 Nov 2025 19:57:25 GMT","Creator":"TRECS_PUB","EditDate":"Tue, 27 Jan 2026 20:40:56 GMT","Editor":"cjg4522_trecs"}},{"type":"Feature","id":35,"geometry":{"type":"Point","coordinates":[-97.7370943425981,30.2858077458007]},"properties":{"Finding_Number":35,"Section":"Ramps (not curb ramps)","Area_Description":"EPS","As_Built":"The handrail extension is not a minimum 12 inches.","Finding":"The handrail extension is not a minimum 12 inches.\r\n\r\nHandrails must be between 34 inches and 38 inches above the ramp surface and must extend beyond the top and bottom of the ramp run 12 inches horizontally. The 12 inches horizontal extensions must not include the radius at the top end of round handrails. Extensions shall return to a wall, guard, or the landing surface, or shall be continuous to the handrail of an adjacent ramp run.","Type":"Handrail","Subtype_1":"Extensions","Subtype_2":"Not 12\" Minimum","Subtype_3":"NA","Latitude":30.28581,"Longitude":-97.73713,"Photo_1":"https://access.bluedag.com/clientdata/090884C4-08CE-44BA-8783-0F91BAD9C316/photos/complaints/hi-res/IcqxeKv5rWuoGPkUwBMJb9Cg1757284402.jpg","Photo_2":null,"FID":35,"ObjectId":35,"GlobalID":"5ea834b8-223d-446e-82cf-d80cf2bf8c98","CreationDate":"Tue, 18 Nov 2025 19:57:25 GMT","Creator":"TRECS_PUB","EditDate":"Tue, 27 Jan 2026 21:46:20 GMT","Editor":"cjg4522_trecs"}},{"type":"Feature","id":36,"geometry":{"type":"Point","coordinates":[-97.7320216883351,30.2859051781212]},"properties":{"Finding_Number":36,"Section":"Ramps (not curb ramps)","Area_Description":"DFA","As_Built":"Handrail too low and incorrect terminations","Finding":"The ramp does not have compliant handrails. \r\n\r\nHandrails are required on both sides of all surfaces that are sloped greater than 5 percent (1:20). Handrails must be between 34 inches and 38 inches above the ramp surface, and must extend horizontally 12 inches beyond the top and bottom of the ramp. The diameter of the handrails must be 1 1/4 inches minimum and 2 inches maximum in cross-sectional nominal dimension for circular handrails. Handrail gripping surfaces with a non-circular cross section shall have a perimeter dimension of 4 inches minimum and 6 1/4 inches maximum, and a cross-section dimension of 2 1/4 inches maximum. The space between handrails and walls must be 1-1/2 inches minimum.","Type":"Handrail","Subtype_1":"Not Compliant (General)","Subtype_2":"NA","Subtype_3":"NA","Latitude":30.28599,"Longitude":-97.73203,"Photo_1":"https://access.bluedag.com/clientdata/090884C4-08CE-44BA-8783-0F91BAD9C316/photos/complaints/hi-res/Wjv7Z3A8B9oXYcsfEg2SItVO1757272018.jpg","Photo_2":null,"FID":36,"ObjectId":36,"GlobalID":"f485d64f-ede9-470a-b128-a39d5dd2a869","CreationDate":"Tue, 18 Nov 2025 19:57:25 GMT","Creator":"TRECS_PUB","EditDate":"Wed, 19 Nov 2025 23:24:54 GMT","Editor":"cjg4522_trecs"}},{"type":"Feature","id":37,"geometry":{"type":"Point","coordinates":[-97.731524483767,30.2861541800875]},"properties":{"Finding_Number":37,"Section":"Ramps (not curb ramps)","Area_Description":"DFA","As_Built":"Handrail missing on one side & incorrect terminations","Finding":"The ramp does not have compliant handrails. \r\n\r\nHandrails are required on both sides of all surfaces that are sloped greater than 5 percent (1:20). Handrails must be between 34 inches and 38 inches above the ramp surface, and must extend horizontally 12 inches beyond the top and bottom of the ramp. The diameter of the handrails must be 1 1/4 inches minimum and 2 inches maximum in cross-sectional nominal dimension for circular handrails. Handrail gripping surfaces with a non-circular cross section shall have a perimeter dimension of 4 inches minimum and 6 1/4 inches maximum, and a cross-section dimension of 2 1/4 inches maximum. The space between handrails and walls must be 1-1/2 inches minimum.","Type":"Handrail","Subtype_1":"Not Compliant (General)","Subtype_2":"NA","Subtype_3":"NA","Latitude":30.28636,"Longitude":-97.73174,"Photo_1":"https://access.bluedag.com/clientdata/090884C4-08CE-44BA-8783-0F91BAD9C316/photos/complaints/hi-res/NMdvl9TjaA0SexDLB1zUCcrX1757272020.jpg","Photo_2":null,"FID":37,"ObjectId":37,"GlobalID":"e7425126-8c22-479f-b468-5f95fb8aa841","CreationDate":"Tue, 18 Nov 2025 19:57:25 GMT","Creator":"TRECS_PUB","EditDate":"Wed, 19 Nov 2025 23:24:24 GMT","Editor":"cjg4522_trecs"}},{"type":"Feature","id":38,"geometry":{"type":"Point","coordinates":[-97.7315942073886,30.2855693549464]},"properties":{"Finding_Number":38,"Section":"Ramps (not curb ramps)","Area_Description":"DFA","As_Built":"Handrail too low & incorrect terminations","Finding":"The ramp does not have compliant handrails. \r\n\r\nHandrails are required on both sides of all surfaces that are sloped greater than 5 percent (1:20). Handrails must be between 34 inches and 38 inches above the ramp surface, and must extend horizontally 12 inches beyond the top and bottom of the ramp. The diameter of the handrails must be 1 1/4 inches minimum and 2 inches maximum in cross-sectional nominal dimension for circular handrails. Handrail gripping surfaces with a non-circular cross section shall have a perimeter dimension of 4 inches minimum and 6 1/4 inches maximum, and a cross-section dimension of 2 1/4 inches maximum. The space between handrails and walls must be 1-1/2 inches minimum.","Type":"Handrail","Subtype_1":"Not Compliant (General)","Subtype_2":"NA","Subtype_3":"NA","Latitude":30.28535,"Longitude":-97.73184,"Photo_1":"https://access.bluedag.com/clientdata/090884C4-08CE-44BA-8783-0F91BAD9C316/photos/complaints/hi-res/WKkcEVbd9x2UIaHw4YB7gZy51757272021.jpg","Photo_2":null,"FID":38,"ObjectId":38,"GlobalID":"1d644403-9279-413a-adf4-dc2dac86b81e","CreationDate":"Tue, 18 Nov 2025 19:57:25 GMT","Creator":"TRECS_PUB","EditDate":"Wed, 19 Nov 2025 23:25:23 GMT","Editor":"cjg4522_trecs"}},{"type":"Feature","id":39,"geometry":{"type":"Point","coordinates":[-97.7371215820313,30.2852630615234]},"properties":{"Finding_Number":39,"Section":"Ramps (not curb ramps)","Area_Description":"BRB","As_Built":"The handrail extension is not a minimum 12 inches.","Finding":"The handrail extension is not a minimum 12 inches.\r\n\r\nHandrails must be between 34 inches and 38 inches above the ramp surface and must extend beyond the top and bottom of the ramp run 12 inches horizontally. The 12 inches horizontal extensions must not include the radius at the top end of round handrails. Extensions shall return to a wall, guard, or the landing surface, or shall be continuous to the handrail of an adjacent ramp run.","Type":"Handrail","Subtype_1":"Extensions","Subtype_2":"Not 12\" Minimum","Subtype_3":"NA","Latitude":30.28526,"Longitude":-97.73712,"Photo_1":"https://access.bluedag.com/clientdata/090884C4-08CE-44BA-8783-0F91BAD9C316/photos/complaints/hi-res/yIbqSZzTn0hwYXQt6sUL5pFe1757284403.jpg","Photo_2":null,"FID":39,"ObjectId":39,"GlobalID":"328371e2-22a9-4de5-aef4-cb7e3ece65b9","CreationDate":"Tue, 18 Nov 2025 19:57:25 GMT","Creator":"TRECS_PUB","EditDate":"Tue, 18 Nov 2025 19:57:25 GMT","Editor":"TRECS_PUB"}},{"type":"Feature","id":40,"geometry":{"type":"Point","coordinates":[-97.7308647472073,30.2871043490815]},"properties":{"Finding_Number":40,"Section":"Ramps (not curb ramps)","Area_Description":"MRH","As_Built":"Handrail too low & incorrect terminations","Finding":"The ramp does not have compliant handrails. \r\n\r\nHandrails are required on both sides of all surfaces that are sloped greater than 5 percent (1:20). Handrails must be between 34 inches and 38 inches above the ramp surface, and must extend horizontally 12 inches beyond the top and bottom of the ramp. The diameter of the handrails must be 1 1/4 inches minimum and 2 inches maximum in cross-sectional nominal dimension for circular handrails. Handrail gripping surfaces with a non-circular cross section shall have a perimeter dimension of 4 inches minimum and 6 1/4 inches maximum, and a cross-section dimension of 2 1/4 inches maximum. The space between handrails and walls must be 1-1/2 inches minimum.","Type":"Handrail","Subtype_1":"Not Compliant (General)","Subtype_2":"NA","Subtype_3":"NA","Latitude":30.28701,"Longitude":-97.73095,"Photo_1":"https://access.bluedag.com/clientdata/090884C4-08CE-44BA-8783-0F91BAD9C316/photos/complaints/hi-res/PBOUqtd6Aj7wRQ4HfauZDmLF1757272024.jpg","Photo_2":null,"FID":40,"ObjectId":40,"GlobalID":"5f7787d5-735a-4f6d-9c82-b4fe6c469227","CreationDate":"Tue, 18 Nov 2025 19:57:25 GMT","Creator":"TRECS_PUB","EditDate":"Wed, 19 Nov 2025 23:22:14 GMT","Editor":"cjg4522_trecs"}},{"type":"Feature","id":41,"geometry":{"type":"Point","coordinates":[-97.7364787758832,30.28497600494]},"properties":{"Finding_Number":41,"Section":"Ramps (not curb ramps)","Area_Description":"WCP","As_Built":"The handrails are at 33 inches","Finding":"The handrails do not meet minimum height requirements.\r\n\r\nHandrails are measured to the top of the gripping surface and must be between 34 inches and 38 inches above the ramp surface. Handrails must extend horizontally 12 inches beyond the top and bottom of the ramp.","Type":"Handrail","Subtype_1":"Height","Subtype_2":"Too Low","Subtype_3":"NA","Latitude":30.28499,"Longitude":-97.73644,"Photo_1":"https://access.bluedag.com/clientdata/090884C4-08CE-44BA-8783-0F91BAD9C316/photos/complaints/hi-res/9omX5JlHbG42hYe1RUTBIKES1757284404.jpg","Photo_2":null,"FID":41,"ObjectId":41,"GlobalID":"0fd312f5-ae7a-4500-aeb1-93297ece9bb2","CreationDate":"Tue, 18 Nov 2025 19:57:25 GMT","Creator":"TRECS_PUB","EditDate":"Tue, 27 Jan 2026 21:45:58 GMT","Editor":"cjg4522_trecs"}},{"type":"Feature","id":42,"geometry":{"type":"Point","coordinates":[-97.7363536061716,30.2846311135066]},"properties":{"Finding_Number":42,"Section":"Ramps (not curb ramps)","Area_Description":"WCP","As_Built":"The handrail is not continuous the entire length of the ramp.","Finding":"The handrail is not continuous the entire length of the ramp.\r\n\r\nThe handrail must be continuous. Handrails shall be placed on each side of each ramp, and shall be continuous the full length of the ramp. The inside handrail on switchback or dogleg ramps shall always be continuous.","Type":"Handrail","Subtype_1":"Continuous","Subtype_2":"NA","Subtype_3":"NA","Latitude":30.28468,"Longitude":-97.73633,"Photo_1":"https://access.bluedag.com/clientdata/090884C4-08CE-44BA-8783-0F91BAD9C316/photos/complaints/hi-res/K9VABSlqyo2mQsa5gjR4LipE1757284405.jpg","Photo_2":null,"FID":42,"ObjectId":42,"GlobalID":"d301ff75-2060-4932-8091-0c4f79fdf328","CreationDate":"Tue, 18 Nov 2025 19:57:25 GMT","Creator":"TRECS_PUB","EditDate":"Tue, 27 Jan 2026 21:46:54 GMT","Editor":"cjg4522_trecs"}},{"type":"Feature","id":43,"geometry":{"type":"Point","coordinates":[-97.7291311920968,30.2868047891264]},"properties":{"Finding_Number":43,"Section":"Ramps (not curb ramps)","Area_Description":"TCC","As_Built":"The handrails are missing.","Finding":"The ramp does not have compliant handrails.\r\n\r\nHandrails are required on both sides of all surfaces that are sloped greater than 5 percent (1:20). Handrails must be between 34 inches and 38 inches above the ramp surface, must extend 12 inches beyond the top and bottom of the ramp and be parallel to the floor or ground surface. The diameter of the handrails must be between 1 1/4 inches and 2 inches in cross-sectional nominal dimension for circular handrails. Handrail gripping surfaces with a non-circular cross section shall have a perimeter dimension of 4 inches minimum and 6 1/4 inches maximum, and a cross-section dimension of 2 1/4 inches maximum. The space between handrails and walls must be 1 1/2 inches minimum.","Type":"Handrail","Subtype_1":"Missing","Subtype_2":"NA","Subtype_3":"NA","Latitude":30.28682,"Longitude":-97.7292,"Photo_1":"https://access.bluedag.com/clientdata/090884C4-08CE-44BA-8783-0F91BAD9C316/photos/complaints/hi-res/2g6KUZeT5Cyinos1zuEYNRFx1757272031.jpg","Photo_2":null,"FID":43,"ObjectId":43,"GlobalID":"1e7ae7a0-8bcb-46cb-9052-c4c2fdd678e2","CreationDate":"Tue, 18 Nov 2025 19:57:25 GMT","Creator":"TRECS_PUB","EditDate":"Tue, 18 Nov 2025 21:49:21 GMT","Editor":"cjg4522_trecs"}},{"type":"Feature","id":44,"geometry":{"type":"Point","coordinates":[-97.7289276123047,30.2871818542481]},"properties":{"Finding_Number":44,"Section":"Ramps (not curb ramps)","Area_Description":"TCC","As_Built":"The ramp does not have compliant handrails.","Finding":"The ramp does not have compliant handrails. \r\n\r\nHandrails are required on both sides of all surfaces that are sloped greater than 5 percent (1:20). Handrails must be between 34 inches and 38 inches above the ramp surface, and must extend horizontally 12 inches beyond the top and bottom of the ramp. The diameter of the handrails must be 1 1/4 inches minimum and 2 inches maximum in cross-sectional nominal dimension for circular handrails. Handrail gripping surfaces with a non-circular cross section shall have a perimeter dimension of 4 inches minimum and 6 1/4 inches maximum, and a cross-section dimension of 2 1/4 inches maximum. The space between handrails and walls must be 1-1/2 inches minimum.","Type":"Handrail","Subtype_1":"Not Compliant (General)","Subtype_2":"NA","Subtype_3":"NA","Latitude":30.28718,"Longitude":-97.72893,"Photo_1":"https://access.bluedag.com/clientdata/090884C4-08CE-44BA-8783-0F91BAD9C316/photos/complaints/hi-res/JceUkYoZInsdWK9V0gEw4jhM1757272032.jpg","Photo_2":null,"FID":44,"ObjectId":44,"GlobalID":"097518c6-8332-4f09-896e-982432cf525e","CreationDate":"Tue, 18 Nov 2025 19:57:25 GMT","Creator":"TRECS_PUB","EditDate":"Tue, 18 Nov 2025 19:57:25 GMT","Editor":"TRECS_PUB"}},{"type":"Feature","id":45,"geometry":{"type":"Point","coordinates":[-97.7373855708303,30.28224427483]},"properties":{"Finding_Number":45,"Section":"Ramps (not curb ramps)","Area_Description":"JES","As_Built":"The ramp does not have compliant handrails.","Finding":"The ramp does not have compliant handrails. \r\n\r\nHandrails are required on both sides of all surfaces that are sloped greater than 5 percent (1:20). Handrails must be between 34 inches and 38 inches above the ramp surface, and must extend horizontally 12 inches beyond the top and bottom of the ramp. The diameter of the handrails must be 1 1/4 inches minimum and 2 inches maximum in cross-sectional nominal dimension for circular handrails. Handrail gripping surfaces with a non-circular cross section shall have a perimeter dimension of 4 inches minimum and 6 1/4 inches maximum, and a cross-section dimension of 2 1/4 inches maximum. The space between handrails and walls must be 1-1/2 inches minimum.","Type":"Handrail","Subtype_1":"Not Compliant (General)","Subtype_2":"NA","Subtype_3":"NA","Latitude":30.28223,"Longitude":-97.7373,"Photo_1":"https://access.bluedag.com/clientdata/090884C4-08CE-44BA-8783-0F91BAD9C316/photos/complaints/hi-res/QcTdyuBNteCv5Hiw19UFJlRq1757284406.jpg","Photo_2":null,"FID":45,"ObjectId":45,"GlobalID":"df2c9ab7-7866-4ed5-baa0-e69202892460","CreationDate":"Tue, 18 Nov 2025 19:57:25 GMT","Creator":"TRECS_PUB","EditDate":"Tue, 27 Jan 2026 21:55:34 GMT","Editor":"cjg4522_trecs"}},{"type":"Feature","id":46,"geometry":{"type":"Point","coordinates":[-97.7306592184141,30.2880170419861]},"properties":{"Finding_Number":46,"Section":"Ramps (not curb ramps)","Area_Description":"CCJ","As_Built":"The ramp does not have compliant handrails.","Finding":"The ramp does not have compliant handrails. \r\n\r\nHandrails are required on both sides of all surfaces that are sloped greater than 5 percent (1:20). Handrails must be between 34 inches and 38 inches above the ramp surface, and must extend horizontally 12 inches beyond the top and bottom of the ramp. The diameter of the handrails must be 1 1/4 inches minimum and 2 inches maximum in cross-sectional nominal dimension for circular handrails. Handrail gripping surfaces with a non-circular cross section shall have a perimeter dimension of 4 inches minimum and 6 1/4 inches maximum, and a cross-section dimension of 2 1/4 inches maximum. The space between handrails and walls must be 1-1/2 inches minimum.","Type":"Handrail","Subtype_1":"Not Compliant (General)","Subtype_2":"NA","Subtype_3":"NA","Latitude":30.28803,"Longitude":-97.73069,"Photo_1":"https://access.bluedag.com/clientdata/090884C4-08CE-44BA-8783-0F91BAD9C316/photos/complaints/hi-res/emdRa7cGTVuLiD1HUM2fNbOq1757272048.jpg","Photo_2":"https://access.bluedag.com/clientdata/090884C4-08CE-44BA-8783-0F91BAD9C316/photos/complaints/hi-res/tZn502mxqHr8POcasSEdUguk1759245005.jpg","FID":46,"ObjectId":46,"GlobalID":"8eead226-2ec0-4f5f-ba6b-ad1da5f6bd6b","CreationDate":"Tue, 18 Nov 2025 19:57:25 GMT","Creator":"TRECS_PUB","EditDate":"Wed, 19 Nov 2025 23:19:33 GMT","Editor":"cjg4522_trecs"}},{"type":"Feature","id":47,"geometry":{"type":"Point","coordinates":[-97.7302202920166,30.2880939771418]},"properties":{"Finding_Number":47,"Section":"Ramps (not curb ramps)","Area_Description":"CCJ","As_Built":"The ramp does not have compliant handrails.","Finding":"The ramp does not have compliant handrails. \r\n\r\nHandrails are required on both sides of all surfaces that are sloped greater than 5 percent (1:20). Handrails must be between 34 inches and 38 inches above the ramp surface, and must extend horizontally 12 inches beyond the top and bottom of the ramp. The diameter of the handrails must be 1 1/4 inches minimum and 2 inches maximum in cross-sectional nominal dimension for circular handrails. Handrail gripping surfaces with a non-circular cross section shall have a perimeter dimension of 4 inches minimum and 6 1/4 inches maximum, and a cross-section dimension of 2 1/4 inches maximum. The space between handrails and walls must be 1-1/2 inches minimum.","Type":"Handrail","Subtype_1":"Not Compliant (General)","Subtype_2":"NA","Subtype_3":"NA","Latitude":30.28806,"Longitude":-97.73015,"Photo_1":"https://access.bluedag.com/clientdata/090884C4-08CE-44BA-8783-0F91BAD9C316/photos/complaints/hi-res/UJohDqVvbFcmXNuTl91sSZGd1757272048.jpg","Photo_2":"https://access.bluedag.com/clientdata/090884C4-08CE-44BA-8783-0F91BAD9C316/photos/complaints/hi-res/DcOHAlUKT72a5ewbR4gSWqyz1759245006.jpg","FID":47,"ObjectId":47,"GlobalID":"b25f641a-faeb-4af2-ae24-bd8faa4807ee","CreationDate":"Tue, 18 Nov 2025 19:57:25 GMT","Creator":"TRECS_PUB","EditDate":"Wed, 19 Nov 2025 23:17:16 GMT","Editor":"cjg4522_trecs"}},{"type":"Feature","id":48,"geometry":{"type":"Point","coordinates":[-97.7373950479604,30.2816324269688]},"properties":{"Finding_Number":48,"Section":"Ramps (not curb ramps)","Area_Description":"Blantons","As_Built":"The ramp does not have compliant handrails.","Finding":"The ramp does not have compliant handrails.\r\n\r\nHandrails are required on both sides of all surfaces that are sloped greater than 5 percent (1:20). Handrails must be between 34 inches and 38 inches above the ramp surface, must extend 12 inches beyond the top and bottom of the ramp and be parallel to the floor or ground surface. The diameter of the handrails must be between 1 1/4 inches and 2 inches in cross-sectional nominal dimension for circular handrails. Handrail gripping surfaces with a non-circular cross section shall have a perimeter dimension of 4 inches minimum and 6 1/4 inches maximum, and a cross-section dimension of 2 1/4 inches maximum. The space between handrails and walls must be 1 1/2 inches minimum.","Type":"Handrail","Subtype_1":"Missing","Subtype_2":"NA","Subtype_3":"NA","Latitude":30.28158,"Longitude":-97.73732,"Photo_1":"https://access.bluedag.com/clientdata/090884C4-08CE-44BA-8783-0F91BAD9C316/photos/complaints/hi-res/uTEHtlwa4dGRbz9LkovXqPmZ1757284407.jpg","Photo_2":null,"FID":48,"ObjectId":48,"GlobalID":"e8744d9c-d865-4dc9-b31b-c3a9e94aa84c","CreationDate":"Tue, 18 Nov 2025 19:57:25 GMT","Creator":"TRECS_PUB","EditDate":"Tue, 27 Jan 2026 21:52:54 GMT","Editor":"cjg4522_trecs"}},{"type":"Feature","id":49,"geometry":{"type":"Point","coordinates":[-97.7377968434388,30.2808983488901]},"properties":{"Finding_Number":49,"Section":"Ramps (not curb ramps)","Area_Description":"Blantons","As_Built":"The ramp does not have compliant handrails.","Finding":"The ramp does not have compliant handrails.\r\n\r\nHandrails are required on both sides of all surfaces that are sloped greater than 5 percent (1:20). Handrails must be between 34 inches and 38 inches above the ramp surface, must extend 12 inches beyond the top and bottom of the ramp and be parallel to the floor or ground surface. The diameter of the handrails must be between 1 1/4 inches and 2 inches in cross-sectional nominal dimension for circular handrails. Handrail gripping surfaces with a non-circular cross section shall have a perimeter dimension of 4 inches minimum and 6 1/4 inches maximum, and a cross-section dimension of 2 1/4 inches maximum. The space between handrails and walls must be 1 1/2 inches minimum.","Type":"Handrail","Subtype_1":"Missing","Subtype_2":"NA","Subtype_3":"NA","Latitude":30.28112,"Longitude":-97.73821,"Photo_1":"https://access.bluedag.com/clientdata/090884C4-08CE-44BA-8783-0F91BAD9C316/photos/complaints/hi-res/sgQxSG8eRiNZUAKhw5rpbln61757284408.jpg","Photo_2":null,"FID":49,"ObjectId":49,"GlobalID":"c5705543-7f39-488f-b506-055fdb332de3","CreationDate":"Tue, 18 Nov 2025 19:57:25 GMT","Creator":"TRECS_PUB","EditDate":"Tue, 27 Jan 2026 21:52:43 GMT","Editor":"cjg4522_trecs"}},{"type":"Feature","id":50,"geometry":{"type":"Point","coordinates":[-97.7377234693978,30.2824362315439]},"properties":{"Finding_Number":50,"Section":"Ramps (not curb ramps)","Area_Description":"PCL","As_Built":"The ramp does not have compliant handrails.","Finding":"The ramp does not have compliant handrails.\r\n\r\nHandrails are required on both sides of all surfaces that are sloped greater than 5 percent (1:20). Handrails must be between 34 inches and 38 inches above the ramp surface, must extend 12 inches beyond the top and bottom of the ramp and be parallel to the floor or ground surface. The diameter of the handrails must be between 1 1/4 inches and 2 inches in cross-sectional nominal dimension for circular handrails. Handrail gripping surfaces with a non-circular cross section shall have a perimeter dimension of 4 inches minimum and 6 1/4 inches maximum, and a cross-section dimension of 2 1/4 inches maximum. The space between handrails and walls must be 1 1/2 inches minimum.","Type":"Handrail","Subtype_1":"Missing","Subtype_2":"NA","Subtype_3":"NA","Latitude":30.28248,"Longitude":-97.73774,"Photo_1":"https://access.bluedag.com/clientdata/090884C4-08CE-44BA-8783-0F91BAD9C316/photos/complaints/hi-res/mkWZavVOHcIo5b2ihKXA1g0s1757284409.jpg","Photo_2":null,"FID":50,"ObjectId":50,"GlobalID":"cba64f3a-3734-4622-85ef-ad20884720b9","CreationDate":"Tue, 18 Nov 2025 19:57:25 GMT","Creator":"TRECS_PUB","EditDate":"Tue, 27 Jan 2026 21:51:37 GMT","Editor":"cjg4522_trecs"}},{"type":"Feature","id":51,"geometry":{"type":"Point","coordinates":[-97.7387771606445,30.2825717926025]},"properties":{"Finding_Number":51,"Section":"Ramps (not curb ramps)","Area_Description":"PCL","As_Built":"The ramp does not have compliant handrails.","Finding":"The ramp does not have compliant handrails. \r\n\r\nHandrails are required on both sides of all surfaces that are sloped greater than 5 percent (1:20). Handrails must be between 34 inches and 38 inches above the ramp surface, and must extend horizontally 12 inches beyond the top and bottom of the ramp. The diameter of the handrails must be 1 1/4 inches minimum and 2 inches maximum in cross-sectional nominal dimension for circular handrails. Handrail gripping surfaces with a non-circular cross section shall have a perimeter dimension of 4 inches minimum and 6 1/4 inches maximum, and a cross-section dimension of 2 1/4 inches maximum. The space between handrails and walls must be 1-1/2 inches minimum.","Type":"Handrail","Subtype_1":"Not Compliant (General)","Subtype_2":"NA","Subtype_3":"NA","Latitude":30.28257,"Longitude":-97.73878,"Photo_1":"https://access.bluedag.com/clientdata/090884C4-08CE-44BA-8783-0F91BAD9C316/photos/complaints/hi-res/TpDLZU60C7zMxamHoXfQcwq51757284410.jpg","Photo_2":null,"FID":51,"ObjectId":51,"GlobalID":"7c4bd41b-b9be-4e4e-92e8-46fbf6341591","CreationDate":"Tue, 18 Nov 2025 19:57:25 GMT","Creator":"TRECS_PUB","EditDate":"Tue, 18 Nov 2025 19:57:25 GMT","Editor":"TRECS_PUB"}},{"type":"Feature","id":52,"geometry":{"type":"Point","coordinates":[-97.7378872927019,30.2832719855986]},"properties":{"Finding_Number":52,"Section":"Ramps (not curb ramps)","Area_Description":"PCL","As_Built":"The ramp does not have compliant handrails.","Finding":"The ramp does not have compliant handrails. \r\n\r\nHandrails are required on both sides of all surfaces that are sloped greater than 5 percent (1:20). Handrails must be between 34 inches and 38 inches above the ramp surface, and must extend horizontally 12 inches beyond the top and bottom of the ramp. The diameter of the handrails must be 1 1/4 inches minimum and 2 inches maximum in cross-sectional nominal dimension for circular handrails. Handrail gripping surfaces with a non-circular cross section shall have a perimeter dimension of 4 inches minimum and 6 1/4 inches maximum, and a cross-section dimension of 2 1/4 inches maximum. The space between handrails and walls must be 1-1/2 inches minimum.","Type":"Handrail","Subtype_1":"Not Compliant (General)","Subtype_2":"NA","Subtype_3":"NA","Latitude":30.28342,"Longitude":-97.73791,"Photo_1":"https://access.bluedag.com/clientdata/090884C4-08CE-44BA-8783-0F91BAD9C316/photos/complaints/hi-res/aJ0Rbvp4FI8lkBx2E73ghQLi1757284411.jpg","Photo_2":null,"FID":52,"ObjectId":52,"GlobalID":"6b5294cd-5447-4f7a-a72a-0351f464189c","CreationDate":"Tue, 18 Nov 2025 19:57:25 GMT","Creator":"TRECS_PUB","EditDate":"Tue, 27 Jan 2026 22:12:41 GMT","Editor":"cjg4522_trecs"}},{"type":"Feature","id":53,"geometry":{"type":"Point","coordinates":[-97.7381425802063,30.2847266892471]},"properties":{"Finding_Number":53,"Section":"Ramps (not curb ramps)","Area_Description":"CBA","As_Built":"The ramp does not have compliant handrails.","Finding":"The ramp does not have compliant handrails.\r\n\r\nHandrails are required on both sides of all surfaces that are sloped greater than 5 percent (1:20). Handrails must be between 34 inches and 38 inches above the ramp surface, must extend 12 inches beyond the top and bottom of the ramp and be parallel to the floor or ground surface. The diameter of the handrails must be between 1 1/4 inches and 2 inches in cross-sectional nominal dimension for circular handrails. Handrail gripping surfaces with a non-circular cross section shall have a perimeter dimension of 4 inches minimum and 6 1/4 inches maximum, and a cross-section dimension of 2 1/4 inches maximum. The space between handrails and walls must be 1 1/2 inches minimum.","Type":"Handrail","Subtype_1":"Missing","Subtype_2":"NA","Subtype_3":"NA","Latitude":30.2847,"Longitude":-97.73814,"Photo_1":"https://access.bluedag.com/clientdata/090884C4-08CE-44BA-8783-0F91BAD9C316/photos/complaints/hi-res/WXsd1HiMTtEZ4lV8hPejn2wU1757284412.jpg","Photo_2":null,"FID":53,"ObjectId":53,"GlobalID":"40732c87-78b0-4f7c-86f0-56453ebd5a0f","CreationDate":"Tue, 18 Nov 2025 19:57:25 GMT","Creator":"TRECS_PUB","EditDate":"Tue, 27 Jan 2026 22:15:49 GMT","Editor":"cjg4522_trecs"}},{"type":"Feature","id":54,"geometry":{"type":"Point","coordinates":[-97.7386690976326,30.284532423944]},"properties":{"Finding_Number":54,"Section":"Ramps (not curb ramps)","Area_Description":"MEZ","As_Built":"The handrail extension is not a minimum 12 inches.","Finding":"The handrail extension is not a minimum 12 inches.\r\n\r\nHandrails must be between 34 inches and 38 inches above the ramp surface and must extend beyond the top and bottom of the ramp run 12 inches horizontally. The 12 inches horizontal extensions must not include the radius at the top end of round handrails. Extensions shall return to a wall, guard, or the landing surface, or shall be continuous to the handrail of an adjacent ramp run.","Type":"Handrail","Subtype_1":"Extensions","Subtype_2":"Not 12\" Minimum","Subtype_3":"NA","Latitude":30.28425,"Longitude":-97.73869,"Photo_1":"https://access.bluedag.com/clientdata/090884C4-08CE-44BA-8783-0F91BAD9C316/photos/complaints/hi-res/bQMDlLTXvnSPCKBHxG2J1R7Y1757284413.jpg","Photo_2":null,"FID":54,"ObjectId":54,"GlobalID":"4e853f9c-95c9-43f8-8377-e1e63234c146","CreationDate":"Tue, 18 Nov 2025 19:57:25 GMT","Creator":"TRECS_PUB","EditDate":"Tue, 27 Jan 2026 22:13:41 GMT","Editor":"cjg4522_trecs"}},{"type":"Feature","id":55,"geometry":{"type":"Point","coordinates":[-97.7374871966932,30.2853612920131]},"properties":{"Finding_Number":55,"Section":"Ramps (not curb ramps)","Area_Description":"WAG","As_Built":"The ramp does not have compliant handrails.","Finding":"The ramp does not have compliant handrails. \r\n\r\nHandrails are required on both sides of all surfaces that are sloped greater than 5 percent (1:20). Handrails must be between 34 inches and 38 inches above the ramp surface, and must extend horizontally 12 inches beyond the top and bottom of the ramp. The diameter of the handrails must be 1 1/4 inches minimum and 2 inches maximum in cross-sectional nominal dimension for circular handrails. Handrail gripping surfaces with a non-circular cross section shall have a perimeter dimension of 4 inches minimum and 6 1/4 inches maximum, and a cross-section dimension of 2 1/4 inches maximum. The space between handrails and walls must be 1-1/2 inches minimum.","Type":"Handrail","Subtype_1":"Not Compliant (General)","Subtype_2":"NA","Subtype_3":"NA","Latitude":30.28531,"Longitude":-97.73745,"Photo_1":"https://access.bluedag.com/clientdata/090884C4-08CE-44BA-8783-0F91BAD9C316/photos/complaints/hi-res/LXcOasnxAqRGpECJ50Wv4Yzt1757284414.jpg","Photo_2":null,"FID":55,"ObjectId":55,"GlobalID":"b5413968-a361-4483-8a3a-387c32de64ed","CreationDate":"Tue, 18 Nov 2025 19:57:25 GMT","Creator":"TRECS_PUB","EditDate":"Tue, 27 Jan 2026 21:47:40 GMT","Editor":"cjg4522_trecs"}},{"type":"Feature","id":56,"geometry":{"type":"Point","coordinates":[-97.7317710296067,30.281655483037]},"properties":{"Finding_Number":56,"Section":"Ramps (not curb ramps)","Area_Description":"REC","As_Built":"The ramp does not have compliant handrails.","Finding":"The ramp does not have compliant handrails. \r\n\r\nHandrails are required on both sides of all surfaces that are sloped greater than 5 percent (1:20). Handrails must be between 34 inches and 38 inches above the ramp surface, and must extend horizontally 12 inches beyond the top and bottom of the ramp. The diameter of the handrails must be 1 1/4 inches minimum and 2 inches maximum in cross-sectional nominal dimension for circular handrails. Handrail gripping surfaces with a non-circular cross section shall have a perimeter dimension of 4 inches minimum and 6 1/4 inches maximum, and a cross-section dimension of 2 1/4 inches maximum. The space between handrails and walls must be 1-1/2 inches minimum.","Type":"Handrail","Subtype_1":"Not Compliant (General)","Subtype_2":"NA","Subtype_3":"NA","Latitude":30.28164,"Longitude":-97.73177,"Photo_1":"https://access.bluedag.com/clientdata/090884C4-08CE-44BA-8783-0F91BAD9C316/photos/complaints/hi-res/OiehECcSfawpDbYnk6Amj9u11757695185.jpg","Photo_2":null,"FID":56,"ObjectId":56,"GlobalID":"6c8ab27a-ea38-4426-84a1-3068b03e842a","CreationDate":"Tue, 18 Nov 2025 19:57:25 GMT","Creator":"TRECS_PUB","EditDate":"Wed, 19 Nov 2025 22:55:33 GMT","Editor":"cjg4522_trecs"}},{"type":"Feature","id":57,"geometry":{"type":"Point","coordinates":[-97.734739541871,30.2841873854204]},"properties":{"Finding_Number":57,"Section":"Ramps (not curb ramps)","Area_Description":"Etter-Harbin Alumni Center","As_Built":"33 inches high. Handrails not continuous. No extensions","Finding":"The ramp does not have compliant handrails. \r\n\r\nHandrails are required on both sides of all surfaces that are sloped greater than 5 percent (1:20). Handrails must be between 34 inches and 38 inches above the ramp surface, and must extend horizontally 12 inches beyond the top and bottom of the ramp. The diameter of the handrails must be 1 1/4 inches minimum and 2 inches maximum in cross-sectional nominal dimension for circular handrails. Handrail gripping surfaces with a non-circular cross section shall have a perimeter dimension of 4 inches minimum and 6 1/4 inches maximum, and a cross-section dimension of 2 1/4 inches maximum. The space between handrails and walls must be 1-1/2 inches minimum.","Type":"Handrail","Subtype_1":"Not Compliant (General)","Subtype_2":"NA","Subtype_3":"NA","Latitude":30.28418,"Longitude":-97.73477,"Photo_1":"https://access.bluedag.com/clientdata/090884C4-08CE-44BA-8783-0F91BAD9C316/photos/complaints/hi-res/DAGtJYMOp8X29mBdPvQNLUfn1759245015.jpg","Photo_2":null,"FID":57,"ObjectId":57,"GlobalID":"46dae855-a38f-47d6-a30a-c450c9e09b4c","CreationDate":"Tue, 18 Nov 2025 19:57:25 GMT","Creator":"TRECS_PUB","EditDate":"Tue, 27 Jan 2026 21:12:37 GMT","Editor":"cjg4522_trecs"}},{"type":"Feature","id":58,"geometry":{"type":"Point","coordinates":[-97.7345155774183,30.2847212636222]},"properties":{"Finding_Number":58,"Section":"Ramps (not curb ramps)","Area_Description":"Etter-Harbin Alumni Center","As_Built":"33 inches high. Handrails not continuous. No extensions","Finding":"The ramp does not have compliant handrails. \r\n\r\nHandrails are required on both sides of all surfaces that are sloped greater than 5 percent (1:20). Handrails must be between 34 inches and 38 inches above the ramp surface, and must extend horizontally 12 inches beyond the top and bottom of the ramp. The diameter of the handrails must be 1 1/4 inches minimum and 2 inches maximum in cross-sectional nominal dimension for circular handrails. Handrail gripping surfaces with a non-circular cross section shall have a perimeter dimension of 4 inches minimum and 6 1/4 inches maximum, and a cross-section dimension of 2 1/4 inches maximum. The space between handrails and walls must be 1-1/2 inches minimum.","Type":"Handrail","Subtype_1":"Not Compliant (General)","Subtype_2":"NA","Subtype_3":"NA","Latitude":30.28418,"Longitude":-97.73477,"Photo_1":"https://access.bluedag.com/clientdata/090884C4-08CE-44BA-8783-0F91BAD9C316/photos/complaints/hi-res/QBNOlId6kAJ1PqVzoegxjHYK1759245018.jpg","Photo_2":null,"FID":58,"ObjectId":58,"GlobalID":"f0be6c01-1de0-418b-b762-7152c83993e9","CreationDate":"Tue, 18 Nov 2025 19:57:25 GMT","Creator":"TRECS_PUB","EditDate":"Tue, 27 Jan 2026 21:12:50 GMT","Editor":"cjg4522_trecs"}},{"type":"Feature","id":59,"geometry":{"type":"Point","coordinates":[-97.7349990454662,30.2819635072431]},"properties":{"Finding_Number":59,"Section":"Ramps (not curb ramps)","Area_Description":"SJH","As_Built":"Missing one side and handrail is at 40 inches","Finding":"The ramp does not have compliant handrails.\r\n\r\nHandrails are required on both sides of all surfaces that are sloped greater than 5 percent (1:20). Handrails must be between 34 inches and 38 inches above the ramp surface, must extend 12 inches beyond the top and bottom of the ramp and be parallel to the floor or ground surface. The diameter of the handrails must be between 1 1/4 inches and 2 inches in cross-sectional nominal dimension for circular handrails. Handrail gripping surfaces with a non-circular cross section shall have a perimeter dimension of 4 inches minimum and 6 1/4 inches maximum, and a cross-section dimension of 2 1/4 inches maximum. The space between handrails and walls must be 1 1/2 inches minimum.","Type":"Handrail","Subtype_1":"Missing","Subtype_2":"NA","Subtype_3":"NA","Latitude":30.28213,"Longitude":-97.73512,"Photo_1":"https://access.bluedag.com/clientdata/090884C4-08CE-44BA-8783-0F91BAD9C316/photos/complaints/hi-res/xhIVcFDmRbef7gXotnNOrLdA1757695189.jpg","Photo_2":null,"FID":59,"ObjectId":59,"GlobalID":"498915c8-71f5-41b3-9791-08b49349d495","CreationDate":"Tue, 18 Nov 2025 19:57:25 GMT","Creator":"TRECS_PUB","EditDate":"Tue, 27 Jan 2026 20:54:16 GMT","Editor":"cjg4522_trecs"}},{"type":"Feature","id":60,"geometry":{"type":"Point","coordinates":[-97.7353080507724,30.2810738382939]},"properties":{"Finding_Number":60,"Section":"Ramps (not curb ramps)","Area_Description":"SJH","As_Built":"Columns 32 inches apart, no handrails, over 8.3% running","Finding":"The ramps contains multiple issues.\r\n\r\nThe ramp contains running slopes greater than 8.3% and 2% cross slope.\r\nThe ramp does not have compliant level landings.\r\nThe ramp is not the required minimum width.\r\nThe ramp does not have compliant handrails with wheel guides.\r\nThe ramp surface contains changes in level.","Type":"Multiple Issues","Subtype_1":"NA","Subtype_2":"NA","Subtype_3":"NA","Latitude":30.28113,"Longitude":-97.73531,"Photo_1":"https://access.bluedag.com/clientdata/090884C4-08CE-44BA-8783-0F91BAD9C316/photos/complaints/hi-res/ZCprK7kwVE2bxicdS0zaOuA61757695190.jpg","Photo_2":"https://access.bluedag.com/clientdata/090884C4-08CE-44BA-8783-0F91BAD9C316/photos/complaints/hi-res/CjuySwaorskKJA64HxgNfdtE1757695190.jpg","FID":60,"ObjectId":60,"GlobalID":"e5d9555b-4f57-41a6-b59a-190793a39842","CreationDate":"Tue, 18 Nov 2025 19:57:25 GMT","Creator":"TRECS_PUB","EditDate":"Tue, 27 Jan 2026 21:00:56 GMT","Editor":"cjg4522_trecs"}},{"type":"Feature","id":61,"geometry":{"type":"Point","coordinates":[-97.7346900700441,30.2856374474706]},"properties":{"Finding_Number":61,"Section":"Ramps (not curb ramps)","Area_Description":"*WIN","As_Built":"The ramp does not have compliant handrails.","Finding":"The ramp does not have compliant handrails. \r\n\r\nHandrails are required on both sides of all surfaces that are sloped greater than 5 percent (1:20). Handrails must be between 34 inches and 38 inches above the ramp surface, and must extend horizontally 12 inches beyond the top and bottom of the ramp. The diameter of the handrails must be 1 1/4 inches minimum and 2 inches maximum in cross-sectional nominal dimension for circular handrails. Handrail gripping surfaces with a non-circular cross section shall have a perimeter dimension of 4 inches minimum and 6 1/4 inches maximum, and a cross-section dimension of 2 1/4 inches maximum. The space between handrails and walls must be 1-1/2 inches minimum.","Type":"Handrail","Subtype_1":"Not Compliant (General)","Subtype_2":"NA","Subtype_3":"NA","Latitude":30.28562,"Longitude":-97.7347,"Photo_1":"https://access.bluedag.com/clientdata/090884C4-08CE-44BA-8783-0F91BAD9C316/photos/complaints/hi-res/WGZkX1JtBfmwRrKjcM2aolyU1758224493.jpg","Photo_2":"https://access.bluedag.com/clientdata/090884C4-08CE-44BA-8783-0F91BAD9C316/photos/complaints/hi-res/wY0N9RGErv1o2l5UekWg6jOt1759245006.jpg","FID":61,"ObjectId":61,"GlobalID":"81fd4c54-cb85-4abf-9ef0-dff19aacd9ec","CreationDate":"Tue, 18 Nov 2025 19:57:25 GMT","Creator":"TRECS_PUB","EditDate":"Tue, 27 Jan 2026 21:16:00 GMT","Editor":"cjg4522_trecs"}},{"type":"Feature","id":62,"geometry":{"type":"Point","coordinates":[-97.7353515625,30.2859306335449]},"properties":{"Finding_Number":62,"Section":"Ramps (not curb ramps)","Area_Description":"JGB","As_Built":"The ramp does not have compliant handrails.","Finding":"The ramp does not have compliant handrails. \r\n\r\nHandrails are required on both sides of all surfaces that are sloped greater than 5 percent (1:20). Handrails must be between 34 inches and 38 inches above the ramp surface, and must extend horizontally 12 inches beyond the top and bottom of the ramp. The diameter of the handrails must be 1 1/4 inches minimum and 2 inches maximum in cross-sectional nominal dimension for circular handrails. Handrail gripping surfaces with a non-circular cross section shall have a perimeter dimension of 4 inches minimum and 6 1/4 inches maximum, and a cross-section dimension of 2 1/4 inches maximum. The space between handrails and walls must be 1-1/2 inches minimum.","Type":"Handrail","Subtype_1":"Not Compliant (General)","Subtype_2":"NA","Subtype_3":"NA","Latitude":30.28593,"Longitude":-97.73535,"Photo_1":"https://access.bluedag.com/clientdata/090884C4-08CE-44BA-8783-0F91BAD9C316/photos/complaints/hi-res/r8WICZ6JEcm5bY0DBlFd7kUg1758224497.jpg","Photo_2":null,"FID":62,"ObjectId":62,"GlobalID":"d08966f1-f666-4712-a66b-4cfb6a8afafa","CreationDate":"Tue, 18 Nov 2025 19:57:25 GMT","Creator":"TRECS_PUB","EditDate":"Tue, 18 Nov 2025 19:57:25 GMT","Editor":"TRECS_PUB"}},{"type":"Feature","id":63,"geometry":{"type":"Point","coordinates":[-97.7348760066939,30.2830640879683]},"properties":{"Finding_Number":63,"Section":"Ramps (not curb ramps)","Area_Description":"RRH","As_Built":"The ramp does not have compliant handrails.","Finding":"The ramp does not have compliant handrails.\r\n\r\nHandrails are required on both sides of all surfaces that are sloped greater than 5 percent (1:20). Handrails must be between 34 inches and 38 inches above the ramp surface, must extend 12 inches beyond the top and bottom of the ramp and be parallel to the floor or ground surface. The diameter of the handrails must be between 1 1/4 inches and 2 inches in cross-sectional nominal dimension for circular handrails. Handrail gripping surfaces with a non-circular cross section shall have a perimeter dimension of 4 inches minimum and 6 1/4 inches maximum, and a cross-section dimension of 2 1/4 inches maximum. The space between handrails and walls must be 1 1/2 inches minimum.","Type":"Handrail","Subtype_1":"Missing","Subtype_2":"NA","Subtype_3":"NA","Latitude":30.28314,"Longitude":-97.7348,"Photo_1":"https://access.bluedag.com/clientdata/090884C4-08CE-44BA-8783-0F91BAD9C316/photos/complaints/hi-res/5YyId1oOHzfkpj7GThWmBaXC1757695196.jpg","Photo_2":null,"FID":63,"ObjectId":63,"GlobalID":"7e165cda-a23a-4fc1-b793-4de02f8d9e9d","CreationDate":"Tue, 18 Nov 2025 19:57:25 GMT","Creator":"TRECS_PUB","EditDate":"Tue, 27 Jan 2026 20:51:55 GMT","Editor":"cjg4522_trecs"}},{"type":"Feature","id":64,"geometry":{"type":"Point","coordinates":[-97.7348439095842,30.2851338403184]},"properties":{"Finding_Number":64,"Section":"Ramps (not curb ramps)","Area_Description":"RLP","As_Built":"The ramp does not have compliant handrails.","Finding":"The ramp does not have compliant handrails.\r\n\r\nHandrails are required on both sides of all surfaces that are sloped greater than 5 percent (1:20). Handrails must be between 34 inches and 38 inches above the ramp surface, must extend 12 inches beyond the top and bottom of the ramp and be parallel to the floor or ground surface. The diameter of the handrails must be between 1 1/4 inches and 2 inches in cross-sectional nominal dimension for circular handrails. Handrail gripping surfaces with a non-circular cross section shall have a perimeter dimension of 4 inches minimum and 6 1/4 inches maximum, and a cross-section dimension of 2 1/4 inches maximum. The space between handrails and walls must be 1 1/2 inches minimum.","Type":"Handrail","Subtype_1":"Missing","Subtype_2":"NA","Subtype_3":"NA","Latitude":30.28509,"Longitude":-97.73483,"Photo_1":"https://access.bluedag.com/clientdata/090884C4-08CE-44BA-8783-0F91BAD9C316/photos/complaints/hi-res/7vaeEuV0gw3MJ6DbRnIFXq1f1757695204.jpg","Photo_2":null,"FID":64,"ObjectId":64,"GlobalID":"08184bf9-cb24-4eb4-8d17-b109c778344e","CreationDate":"Tue, 18 Nov 2025 19:57:25 GMT","Creator":"TRECS_PUB","EditDate":"Tue, 27 Jan 2026 21:14:37 GMT","Editor":"cjg4522_trecs"}},{"type":"Feature","id":65,"geometry":{"type":"Point","coordinates":[-97.7360305786133,30.2857494354248]},"properties":{"Finding_Number":65,"Section":"Ramps (not curb ramps)","Area_Description":"JGB","As_Built":"The ramp does not have compliant handrails.","Finding":"The ramp does not have compliant handrails.\r\n\r\nHandrails are required on both sides of all surfaces that are sloped greater than 5 percent (1:20). Handrails must be between 34 inches and 38 inches above the ramp surface, must extend 12 inches beyond the top and bottom of the ramp and be parallel to the floor or ground surface. The diameter of the handrails must be between 1 1/4 inches and 2 inches in cross-sectional nominal dimension for circular handrails. Handrail gripping surfaces with a non-circular cross section shall have a perimeter dimension of 4 inches minimum and 6 1/4 inches maximum, and a cross-section dimension of 2 1/4 inches maximum. The space between handrails and walls must be 1 1/2 inches minimum.","Type":"Handrail","Subtype_1":"Missing","Subtype_2":"NA","Subtype_3":"NA","Latitude":30.28575,"Longitude":-97.73603,"Photo_1":"https://access.bluedag.com/clientdata/090884C4-08CE-44BA-8783-0F91BAD9C316/photos/complaints/hi-res/D7E3nbMPycWemxV2HG0kfJjd1757695207.jpg","Photo_2":null,"FID":65,"ObjectId":65,"GlobalID":"5d91a641-379a-4cd4-b2dd-30e030d3a6f3","CreationDate":"Tue, 18 Nov 2025 19:57:25 GMT","Creator":"TRECS_PUB","EditDate":"Tue, 18 Nov 2025 19:57:25 GMT","Editor":"TRECS_PUB"}},{"type":"Feature","id":66,"geometry":{"type":"Point","coordinates":[-97.7360133233477,30.286142758865]},"properties":{"Finding_Number":66,"Section":"Ramps (not curb ramps)","Area_Description":"JGB","As_Built":"The ramp does not have compliant handrails.","Finding":"The ramp does not have compliant handrails.\r\n\r\nHandrails are required on both sides of all surfaces that are sloped greater than 5 percent (1:20). Handrails must be between 34 inches and 38 inches above the ramp surface, must extend 12 inches beyond the top and bottom of the ramp and be parallel to the floor or ground surface. The diameter of the handrails must be between 1 1/4 inches and 2 inches in cross-sectional nominal dimension for circular handrails. Handrail gripping surfaces with a non-circular cross section shall have a perimeter dimension of 4 inches minimum and 6 1/4 inches maximum, and a cross-section dimension of 2 1/4 inches maximum. The space between handrails and walls must be 1 1/2 inches minimum.","Type":"Handrail","Subtype_1":"Missing","Subtype_2":"NA","Subtype_3":"NA","Latitude":30.28611,"Longitude":-97.73608,"Photo_1":"https://access.bluedag.com/clientdata/090884C4-08CE-44BA-8783-0F91BAD9C316/photos/complaints/hi-res/WJYAmFRuGXigDbBPcVthZjwM1757695211.jpg","Photo_2":null,"FID":66,"ObjectId":66,"GlobalID":"2aa0c2e2-b66d-495a-bf53-257e521699a5","CreationDate":"Tue, 18 Nov 2025 19:57:25 GMT","Creator":"TRECS_PUB","EditDate":"Tue, 27 Jan 2026 21:40:26 GMT","Editor":"cjg4522_trecs"}},{"type":"Feature","id":67,"geometry":{"type":"Point","coordinates":[-97.7368713022996,30.290015544801]},"properties":{"Finding_Number":67,"Section":"Ramps (not curb ramps)","Area_Description":"SEA","As_Built":"The handrail extension is not a minimum 12 inches.","Finding":"The handrail extension is not a minimum 12 inches.\r\n\r\nHandrails must be between 34 inches and 38 inches above the ramp surface and must extend beyond the top and bottom of the ramp run 12 inches horizontally. The 12 inches horizontal extensions must not include the radius at the top end of round handrails. Extensions shall return to a wall, guard, or the landing surface, or shall be continuous to the handrail of an adjacent ramp run.","Type":"Handrail","Subtype_1":"Extensions","Subtype_2":"Not 12\" Minimum","Subtype_3":"NA","Latitude":30.28998,"Longitude":-97.73674,"Photo_1":"https://access.bluedag.com/clientdata/090884C4-08CE-44BA-8783-0F91BAD9C316/photos/complaints/hi-res/YBZxp7qhASeD5IGVLm93Patu1758038044.jpg","Photo_2":null,"FID":67,"ObjectId":67,"GlobalID":"8b56e0ec-fde5-4ddf-8433-bb360bc4a03b","CreationDate":"Tue, 18 Nov 2025 19:57:25 GMT","Creator":"TRECS_PUB","EditDate":"Wed, 19 Nov 2025 23:40:26 GMT","Editor":"cjg4522_trecs"}},{"type":"Feature","id":68,"geometry":{"type":"Point","coordinates":[-97.7380783068723,30.2897091175088]},"properties":{"Finding_Number":68,"Section":"Ramps (not curb ramps)","Area_Description":"SSB","As_Built":"The handrail extension does not terminate properly.","Finding":"The handrail extension does not terminate properly.\r\n\r\nExtensions shall return to a wall, guard, or the landing surface, or shall be continuous to the handrail of an adjacent ramp run.","Type":"Handrail","Subtype_1":"Termination","Subtype_2":"NA","Subtype_3":"NA","Latitude":30.28968,"Longitude":-97.73811,"Photo_1":"https://access.bluedag.com/clientdata/090884C4-08CE-44BA-8783-0F91BAD9C316/photos/complaints/hi-res/PNTui4jYkd6AOcHqZMofhU1p1758038048.jpg","Photo_2":null,"FID":68,"ObjectId":68,"GlobalID":"e7bac374-da1b-4e3e-b384-37bfda9f96cb","CreationDate":"Tue, 18 Nov 2025 19:57:25 GMT","Creator":"TRECS_PUB","EditDate":"Wed, 19 Nov 2025 23:43:38 GMT","Editor":"cjg4522_trecs"}},{"type":"Feature","id":69,"geometry":{"type":"Point","coordinates":[-97.7400127161181,30.2905194827213]},"properties":{"Finding_Number":69,"Section":"Ramps (not curb ramps)","Area_Description":"Housing Services","As_Built":"The ramp does not have compliant handrails.","Finding":"The ramp does not have compliant handrails.\r\n\r\nHandrails are required on both sides of all surfaces that are sloped greater than 5 percent (1:20). Handrails must be between 34 inches and 38 inches above the ramp surface, must extend 12 inches beyond the top and bottom of the ramp and be parallel to the floor or ground surface. The diameter of the handrails must be between 1 1/4 inches and 2 inches in cross-sectional nominal dimension for circular handrails. Handrail gripping surfaces with a non-circular cross section shall have a perimeter dimension of 4 inches minimum and 6 1/4 inches maximum, and a cross-section dimension of 2 1/4 inches maximum. The space between handrails and walls must be 1 1/2 inches minimum.","Type":"Handrail","Subtype_1":"Missing","Subtype_2":"NA","Subtype_3":"NA","Latitude":30.29051,"Longitude":-97.74003,"Photo_1":"https://access.bluedag.com/clientdata/090884C4-08CE-44BA-8783-0F91BAD9C316/photos/complaints/hi-res/fFiuqJjvahlNTowIpyAVMC211758038055.jpg","Photo_2":null,"FID":69,"ObjectId":69,"GlobalID":"3cfd554d-6e6c-4307-96d6-a297e60e1fd5","CreationDate":"Tue, 18 Nov 2025 19:57:25 GMT","Creator":"TRECS_PUB","EditDate":"Wed, 19 Nov 2025 23:49:34 GMT","Editor":"cjg4522_trecs"}},{"type":"Feature","id":70,"geometry":{"type":"Point","coordinates":[-97.7393182069053,30.2900086168347]},"properties":{"Finding_Number":70,"Section":"Ramps (not curb ramps)","Area_Description":"Housing Services","As_Built":"The handrails do not meet minimum height requirements.","Finding":"The handrails do not meet minimum height requirements.\r\n\r\nHandrails are measured to the top of the gripping surface and must be between 34 inches and 38 inches above the ramp surface. Handrails must extend horizontally 12 inches beyond the top and bottom of the ramp.","Type":"Handrail","Subtype_1":"Height","Subtype_2":"Too Low","Subtype_3":"NA","Latitude":30.28999,"Longitude":-97.73938,"Photo_1":"https://access.bluedag.com/clientdata/090884C4-08CE-44BA-8783-0F91BAD9C316/photos/complaints/hi-res/ToMYl37gbfOjV6n5dKBNzcHS1758038060.jpg","Photo_2":null,"FID":70,"ObjectId":70,"GlobalID":"1fc07cf7-b556-4d17-b4b6-92d5cc42c750","CreationDate":"Tue, 18 Nov 2025 19:57:25 GMT","Creator":"TRECS_PUB","EditDate":"Wed, 19 Nov 2025 23:45:47 GMT","Editor":"cjg4522_trecs"}},{"type":"Feature","id":71,"geometry":{"type":"Point","coordinates":[-97.7397459080565,30.2899013324253]},"properties":{"Finding_Number":71,"Section":"Ramps (not curb ramps)","Area_Description":"Housing Services","As_Built":"The handrail does not have rounded edges.","Finding":"The handrail is not smooth and free of abrasive elements.\r\n\r\nHandrail gripping surfaces and any surfaces adjacent to them shall be free of sharp or abrasive elements and shall have rounded edges.","Type":"Handrail","Subtype_1":"Not Smooth","Subtype_2":"NA","Subtype_3":"NA","Latitude":30.28989,"Longitude":-97.73978,"Photo_1":"https://access.bluedag.com/clientdata/090884C4-08CE-44BA-8783-0F91BAD9C316/photos/complaints/hi-res/S7T5QUVuZ6pjCrtxlDOMIGKn1758038064.jpg","Photo_2":null,"FID":71,"ObjectId":71,"GlobalID":"58ac31da-51e1-4ca3-b01f-5241ad842129","CreationDate":"Tue, 18 Nov 2025 19:57:25 GMT","Creator":"TRECS_PUB","EditDate":"Wed, 19 Nov 2025 23:48:21 GMT","Editor":"cjg4522_trecs"}},{"type":"Feature","id":72,"geometry":{"type":"Point","coordinates":[-97.7404726738937,30.2889268054929]},"properties":{"Finding_Number":72,"Section":"Ramps (not curb ramps)","Area_Description":"HSM","As_Built":"The handrails is up to 39 inches","Finding":"The handrail exceeds maximum height requirements. \r\n\r\nHandrails are measured to the top of the gripping surface and must be between 34 inches and 38 inches above the ramp surface. Handrails must extend horizontally 12 inches beyond the top and bottom of the ramp.","Type":"Handrail","Subtype_1":"Height","Subtype_2":"Too High","Subtype_3":"NA","Latitude":30.28889,"Longitude":-97.74047,"Photo_1":"https://access.bluedag.com/clientdata/090884C4-08CE-44BA-8783-0F91BAD9C316/photos/complaints/hi-res/1dJ7AiyaLvSFEHpk4CDzOuqV1758038080.jpg","Photo_2":null,"FID":72,"ObjectId":72,"GlobalID":"f866603e-57d1-48e2-8e02-616a301302cb","CreationDate":"Tue, 18 Nov 2025 19:57:25 GMT","Creator":"TRECS_PUB","EditDate":"Wed, 28 Jan 2026 16:37:15 GMT","Editor":"cjg4522_trecs"}},{"type":"Feature","id":73,"geometry":{"type":"Point","coordinates":[-97.7417097985412,30.2839877244578]},"properties":{"Finding_Number":73,"Section":"Ramps (not curb ramps)","Area_Description":"HRC","As_Built":"The handrails are missing","Finding":"The ramp does not have compliant handrails.\r\n\r\nHandrails are required on both sides of all surfaces that are sloped greater than 5 percent (1:20). Handrails must be between 34 inches and 38 inches above the ramp surface, must extend 12 inches beyond the top and bottom of the ramp and be parallel to the floor or ground surface. The diameter of the handrails must be between 1 1/4 inches and 2 inches in cross-sectional nominal dimension for circular handrails. Handrail gripping surfaces with a non-circular cross section shall have a perimeter dimension of 4 inches minimum and 6 1/4 inches maximum, and a cross-section dimension of 2 1/4 inches maximum. The space between handrails and walls must be 1 1/2 inches minimum.","Type":"Handrail","Subtype_1":"Missing","Subtype_2":"NA","Subtype_3":"NA","Latitude":30.28403,"Longitude":-97.74178,"Photo_1":"https://access.bluedag.com/clientdata/090884C4-08CE-44BA-8783-0F91BAD9C316/photos/complaints/hi-res/AsYf6kdi5NCQvUFlcjuTSKtR1758208603.jpg","Photo_2":null,"FID":73,"ObjectId":73,"GlobalID":"1281252f-22ff-46c9-9b64-83863b4390c8","CreationDate":"Tue, 18 Nov 2025 19:57:25 GMT","Creator":"TRECS_PUB","EditDate":"Tue, 27 Jan 2026 22:30:14 GMT","Editor":"cjg4522_trecs"}},{"type":"Feature","id":74,"geometry":{"type":"Point","coordinates":[-97.7406144146195,30.2856636046326]},"properties":{"Finding_Number":74,"Section":"Ramps (not curb ramps)","Area_Description":"WMB","As_Built":"The handrail does not extend past the ramp.","Finding":"The handrail does not extend past the ramp.\r\n\r\nHandrails must be between 34 inches and 38 inches above the ramp surface and must extend beyond the top and bottom of the ramp run 12 inches horizontally. The 12 inches horizontal extensions must not include the radius at the top end of round handrails. Extensions shall return to a wall, guard, or the landing surface, or shall be continuous to the handrail of an adjacent ramp run.","Type":"Handrail","Subtype_1":"Extensions","Subtype_2":"Missing","Subtype_3":"NA","Latitude":30.28566,"Longitude":-97.74059,"Photo_1":"https://access.bluedag.com/clientdata/090884C4-08CE-44BA-8783-0F91BAD9C316/photos/complaints/hi-res/lUBgVuJy9jaZoHTfiPSKE1L21758208605.jpg","Photo_2":null,"FID":74,"ObjectId":74,"GlobalID":"0e171b5d-898a-4752-99d8-72832c7dd881","CreationDate":"Tue, 18 Nov 2025 19:57:25 GMT","Creator":"TRECS_PUB","EditDate":"Tue, 27 Jan 2026 22:31:54 GMT","Editor":"cjg4522_trecs"}},{"type":"Feature","id":75,"geometry":{"type":"Point","coordinates":[-97.7393281458397,30.2856547603465]},"properties":{"Finding_Number":75,"Section":"Ramps (not curb ramps)","Area_Description":"MAI","As_Built":"The handrail is not continuous the entire length of the ramp.","Finding":"The handrail is not continuous the entire length of the ramp.\r\n\r\nThe handrail must be continuous. Handrails shall be placed on each side of each ramp, and shall be continuous the full length of the ramp. The inside handrail on switchback or dogleg ramps shall always be continuous.","Type":"Handrail","Subtype_1":"Continuous","Subtype_2":"NA","Subtype_3":"NA","Latitude":30.28534,"Longitude":-97.73964,"Photo_1":"https://access.bluedag.com/clientdata/090884C4-08CE-44BA-8783-0F91BAD9C316/photos/complaints/hi-res/qzvwueg2TjtsbGL9n7MpfVDd1758208608.jpg","Photo_2":null,"FID":75,"ObjectId":75,"GlobalID":"d66c99ee-364b-474f-af6d-257461b2d532","CreationDate":"Tue, 18 Nov 2025 19:57:25 GMT","Creator":"TRECS_PUB","EditDate":"Tue, 27 Jan 2026 22:26:16 GMT","Editor":"cjg4522_trecs"}},{"type":"Feature","id":76,"geometry":{"type":"Point","coordinates":[-97.7391891479492,30.2850456237793]},"properties":{"Finding_Number":76,"Section":"Ramps (not curb ramps)","Area_Description":"BAT","As_Built":"33 inches high. No extensions. Not continuous.","Finding":"The ramp does not have compliant handrails. \r\n\r\nHandrails are required on both sides of all surfaces that are sloped greater than 5 percent (1:20). Handrails must be between 34 inches and 38 inches above the ramp surface, and must extend horizontally 12 inches beyond the top and bottom of the ramp. The diameter of the handrails must be 1 1/4 inches minimum and 2 inches maximum in cross-sectional nominal dimension for circular handrails. Handrail gripping surfaces with a non-circular cross section shall have a perimeter dimension of 4 inches minimum and 6 1/4 inches maximum, and a cross-section dimension of 2 1/4 inches maximum. The space between handrails and walls must be 1-1/2 inches minimum.","Type":"Handrail","Subtype_1":"Not Compliant (General)","Subtype_2":"NA","Subtype_3":"NA","Latitude":30.28505,"Longitude":-97.73919,"Photo_1":"https://access.bluedag.com/clientdata/090884C4-08CE-44BA-8783-0F91BAD9C316/photos/complaints/hi-res/bSmFiyE8TcxGpvCdZY1tBQwn1758208609.jpg","Photo_2":null,"FID":76,"ObjectId":76,"GlobalID":"a93490ba-d1cd-48a7-8a95-f358e8fd97fd","CreationDate":"Tue, 18 Nov 2025 19:57:25 GMT","Creator":"TRECS_PUB","EditDate":"Tue, 18 Nov 2025 19:57:25 GMT","Editor":"TRECS_PUB"}},{"type":"Feature","id":77,"geometry":{"type":"Point","coordinates":[-97.7391052246094,30.2845764160156]},"properties":{"Finding_Number":77,"Section":"Ramps (not curb ramps)","Area_Description":"BAT","As_Built":"33 inches high","Finding":"The handrails do not meet minimum height requirements.\r\n\r\nHandrails are measured to the top of the gripping surface and must be between 34 inches and 38 inches above the ramp surface. Handrails must extend horizontally 12 inches beyond the top and bottom of the ramp.","Type":"Handrail","Subtype_1":"Height","Subtype_2":"Too Low","Subtype_3":"NA","Latitude":30.28458,"Longitude":-97.73911,"Photo_1":"https://access.bluedag.com/clientdata/090884C4-08CE-44BA-8783-0F91BAD9C316/photos/complaints/hi-res/sK4e6VtCZiuaOvMEznqf9Hbm1758208613.jpg","Photo_2":null,"FID":77,"ObjectId":77,"GlobalID":"90c3f0da-ab85-4165-a8d5-8a2d6f0686a3","CreationDate":"Tue, 18 Nov 2025 19:57:25 GMT","Creator":"TRECS_PUB","EditDate":"Tue, 18 Nov 2025 19:57:25 GMT","Editor":"TRECS_PUB"}},{"type":"Feature","id":78,"geometry":{"type":"Point","coordinates":[-97.7391738891602,30.2841339111328]},"properties":{"Finding_Number":78,"Section":"Ramps (not curb ramps)","Area_Description":"MEZ","As_Built":"Missing section of handrail. 32 inches high. And protruding vegetation.","Finding":"The ramp does not have compliant handrails. \r\n\r\nHandrails are required on both sides of all surfaces that are sloped greater than 5 percent (1:20). Handrails must be between 34 inches and 38 inches above the ramp surface, and must extend horizontally 12 inches beyond the top and bottom of the ramp. The diameter of the handrails must be 1 1/4 inches minimum and 2 inches maximum in cross-sectional nominal dimension for circular handrails. Handrail gripping surfaces with a non-circular cross section shall have a perimeter dimension of 4 inches minimum and 6 1/4 inches maximum, and a cross-section dimension of 2 1/4 inches maximum. The space between handrails and walls must be 1-1/2 inches minimum.","Type":"Handrail","Subtype_1":"Not Compliant (General)","Subtype_2":"NA","Subtype_3":"NA","Latitude":30.28413,"Longitude":-97.73917,"Photo_1":"https://access.bluedag.com/clientdata/090884C4-08CE-44BA-8783-0F91BAD9C316/photos/complaints/hi-res/1biCxM6TQcsHfEjG9uU742Lo1758208618.jpg","Photo_2":null,"FID":78,"ObjectId":78,"GlobalID":"daab2821-cc7e-4c16-987d-78d3296043b3","CreationDate":"Tue, 18 Nov 2025 19:57:25 GMT","Creator":"TRECS_PUB","EditDate":"Tue, 18 Nov 2025 19:57:25 GMT","Editor":"TRECS_PUB"}},{"type":"Feature","id":79,"geometry":{"type":"Point","coordinates":[-97.7393028288996,30.2840565292674]},"properties":{"Finding_Number":79,"Section":"Ramps (not curb ramps)","Area_Description":"BEN","As_Built":"32 inches high and missing extensions","Finding":"The ramp does not have compliant handrails. \r\n\r\nHandrails are required on both sides of all surfaces that are sloped greater than 5 percent (1:20). Handrails must be between 34 inches and 38 inches above the ramp surface, and must extend horizontally 12 inches beyond the top and bottom of the ramp. The diameter of the handrails must be 1 1/4 inches minimum and 2 inches maximum in cross-sectional nominal dimension for circular handrails. Handrail gripping surfaces with a non-circular cross section shall have a perimeter dimension of 4 inches minimum and 6 1/4 inches maximum, and a cross-section dimension of 2 1/4 inches maximum. The space between handrails and walls must be 1-1/2 inches minimum.","Type":"Handrail","Subtype_1":"Not Compliant (General)","Subtype_2":"NA","Subtype_3":"NA","Latitude":30.28402,"Longitude":-97.73928,"Photo_1":"https://access.bluedag.com/clientdata/090884C4-08CE-44BA-8783-0F91BAD9C316/photos/complaints/hi-res/izecS6f9wQWyj3ZMt1nvINF71758208623.jpg","Photo_2":null,"FID":79,"ObjectId":79,"GlobalID":"061902ad-c7f4-419d-943d-5bffbf0e7ac3","CreationDate":"Tue, 18 Nov 2025 19:57:25 GMT","Creator":"TRECS_PUB","EditDate":"Tue, 18 Nov 2025 20:07:41 GMT","Editor":"cjg4522_trecs"}},{"type":"Feature","id":80,"geometry":{"type":"Point","coordinates":[-97.7391901318384,30.2838715856]},"properties":{"Finding_Number":80,"Section":"Ramps (not curb ramps)","Area_Description":"BEN","As_Built":"The handrails are missing.","Finding":"The ramp does not have compliant handrails.\r\n\r\nHandrails are required on both sides of all surfaces that are sloped greater than 5 percent (1:20). Handrails must be between 34 inches and 38 inches above the ramp surface, must extend 12 inches beyond the top and bottom of the ramp and be parallel to the floor or ground surface. The diameter of the handrails must be between 1 1/4 inches and 2 inches in cross-sectional nominal dimension for circular handrails. Handrail gripping surfaces with a non-circular cross section shall have a perimeter dimension of 4 inches minimum and 6 1/4 inches maximum, and a cross-section dimension of 2 1/4 inches maximum. The space between handrails and walls must be 1 1/2 inches minimum.","Type":"Handrail","Subtype_1":"Missing","Subtype_2":"NA","Subtype_3":"NA","Latitude":30.28383,"Longitude":-97.7391,"Photo_1":"https://access.bluedag.com/clientdata/090884C4-08CE-44BA-8783-0F91BAD9C316/photos/complaints/hi-res/6bIOlFtMV89HfK2ucSjhaLgU1758208625.jpg","Photo_2":null,"FID":80,"ObjectId":80,"GlobalID":"f3bcde20-fc43-4bb5-9e7d-db1611e7f52d","CreationDate":"Tue, 18 Nov 2025 19:57:25 GMT","Creator":"TRECS_PUB","EditDate":"Tue, 27 Jan 2026 22:22:21 GMT","Editor":"cjg4522_trecs"}},{"type":"Feature","id":81,"geometry":{"type":"Point","coordinates":[-97.7412261962891,30.2857265472412]},"properties":{"Finding_Number":81,"Section":"Ramps (not curb ramps)","Area_Description":"GOL","As_Built":"The ramp does not have compliant handrails.","Finding":"The ramp does not have compliant handrails.\r\n\r\nHandrails are required on both sides of all surfaces that are sloped greater than 5 percent (1:20). Handrails must be between 34 inches and 38 inches above the ramp surface, must extend 12 inches beyond the top and bottom of the ramp and be parallel to the floor or ground surface. The diameter of the handrails must be between 1 1/4 inches and 2 inches in cross-sectional nominal dimension for circular handrails. Handrail gripping surfaces with a non-circular cross section shall have a perimeter dimension of 4 inches minimum and 6 1/4 inches maximum, and a cross-section dimension of 2 1/4 inches maximum. The space between handrails and walls must be 1 1/2 inches minimum.","Type":"Handrail","Subtype_1":"Missing","Subtype_2":"NA","Subtype_3":"NA","Latitude":30.28573,"Longitude":-97.74123,"Photo_1":"https://access.bluedag.com/clientdata/090884C4-08CE-44BA-8783-0F91BAD9C316/photos/complaints/hi-res/og8ilxhNUmvIdY3G5eTQDKyB1758208607.jpg","Photo_2":null,"FID":81,"ObjectId":81,"GlobalID":"276d3e3e-89f8-4921-a470-33545f0fdbe7","CreationDate":"Tue, 18 Nov 2025 19:57:25 GMT","Creator":"TRECS_PUB","EditDate":"Tue, 18 Nov 2025 19:57:25 GMT","Editor":"TRECS_PUB"}},{"type":"Feature","id":82,"geometry":{"type":"Point","coordinates":[-97.7411517502804,30.2824879378498]},"properties":{"Finding_Number":82,"Section":"Ramps (not curb ramps)","Area_Description":"RRH","As_Built":"Grates as ramp surface","Finding":"The ramp contains surface materials that do not provide for a stable, firm slip resistant surface.\r\n\r\nFloor and ground surfaces shall be stable, firm, and slip resistant.","Type":"Ground or Floor Surface","Subtype_1":"Stable, Firm, and Slip-Resistant","Subtype_2":"NA","Subtype_3":"NA","Latitude":30.28248,"Longitude":-97.74117,"Photo_1":"https://access.bluedag.com/clientdata/090884C4-08CE-44BA-8783-0F91BAD9C316/photos/complaints/hi-res/k5yaIuFHGCYEnW1MDQ9plJfz1758720885.jpg","Photo_2":null,"FID":82,"ObjectId":82,"GlobalID":"8127f9ab-3c06-4519-b326-7bd9c98e83ca","CreationDate":"Tue, 18 Nov 2025 19:57:25 GMT","Creator":"TRECS_PUB","EditDate":"Tue, 27 Jan 2026 22:29:05 GMT","Editor":"cjg4522_trecs"}},{"type":"Feature","id":83,"geometry":{"type":"Point","coordinates":[-97.7418365478516,30.2822132110596]},"properties":{"Finding_Number":83,"Section":"Ramps (not curb ramps)","Area_Description":"RRH","As_Built":"The handrail is not continuous the entire length of the ramp.","Finding":"The handrail is not continuous the entire length of the ramp.\r\n\r\nThe handrail must be continuous. Handrails shall be placed on each side of each ramp, and shall be continuous the full length of the ramp. The inside handrail on switchback or dogleg ramps shall always be continuous.","Type":"Handrail","Subtype_1":"Continuous","Subtype_2":"NA","Subtype_3":"NA","Latitude":30.28221,"Longitude":-97.74184,"Photo_1":"https://access.bluedag.com/clientdata/090884C4-08CE-44BA-8783-0F91BAD9C316/photos/complaints/hi-res/qsa02MpIgemh9DjtHXUGSBKi1758208600.jpg","Photo_2":"https://access.bluedag.com/clientdata/090884C4-08CE-44BA-8783-0F91BAD9C316/photos/complaints/hi-res/uCeYgSVZAN1WR7s9rM3XwIiD1758208601.jpg","FID":83,"ObjectId":83,"GlobalID":"b96b177e-a75f-4ddd-b918-c4085ac5db51","CreationDate":"Tue, 18 Nov 2025 19:57:25 GMT","Creator":"TRECS_PUB","EditDate":"Tue, 18 Nov 2025 19:57:25 GMT","Editor":"TRECS_PUB"}},{"type":"Feature","id":84,"geometry":{"type":"Point","coordinates":[-97.7347500955087,30.2831300704795]},"properties":{"Finding_Number":null,"Section":null,"Area_Description":null,"As_Built":null,"Finding":null,"Type":null,"Subtype_1":null,"Subtype_2":null,"Subtype_3":null,"Latitude":null,"Longitude":null,"Photo_1":null,"Photo_2":null,"FID":null,"ObjectId":84,"GlobalID":"80529a3d-2be8-4844-95ea-8efd7bcbf0fd","CreationDate":"Tue, 27 Jan 2026 20:48:57 GMT","Creator":"cjg4522_trecs","EditDate":"Tue, 27 Jan 2026 20:48:57 GMT","Editor":"cjg4522_trecs"}},{"type":"Feature","id":85,"geometry":{"type":"Point","coordinates":[-97.734951931737,30.2831451258152]},"properties":{"Finding_Number":null,"Section":null,"Area_Description":null,"As_Built":null,"Finding":null,"Type":null,"Subtype_1":null,"Subtype_2":null,"Subtype_3":null,"Latitude":null,"Longitude":null,"Photo_1":null,"Photo_2":null,"FID":null,"ObjectId":85,"GlobalID":"9f78a4f6-b5c7-44ca-91da-2db7fc80b8a9","CreationDate":"Tue, 27 Jan 2026 20:52:07 GMT","Creator":"cjg4522_trecs","EditDate":"Tue, 27 Jan 2026 20:52:07 GMT","Editor":"cjg4522_trecs"}},{"type":"Feature","id":86,"geometry":{"type":"Point","coordinates":[-97.7351886651761,30.2821041083274]},"properties":{"Finding_Number":null,"Section":null,"Area_Description":null,"As_Built":null,"Finding":null,"Type":null,"Subtype_1":null,"Subtype_2":null,"Subtype_3":null,"Latitude":null,"Longitude":null,"Photo_1":null,"Photo_2":null,"FID":null,"ObjectId":86,"GlobalID":"791f0228-5788-4331-864d-7532adfaef74","CreationDate":"Tue, 27 Jan 2026 20:54:25 GMT","Creator":"cjg4522_trecs","EditDate":"Tue, 27 Jan 2026 21:00:21 GMT","Editor":"cjg4522_trecs"}},{"type":"Feature","id":87,"geometry":{"type":"Point","coordinates":[-97.7363939923229,30.2822613080882]},"properties":{"Finding_Number":null,"Section":null,"Area_Description":null,"As_Built":null,"Finding":null,"Type":null,"Subtype_1":null,"Subtype_2":null,"Subtype_3":null,"Latitude":null,"Longitude":null,"Photo_1":null,"Photo_2":null,"FID":null,"ObjectId":87,"GlobalID":"84a23d35-7357-43f0-ba0b-a577ede03335","CreationDate":"Tue, 27 Jan 2026 21:01:37 GMT","Creator":"cjg4522_trecs","EditDate":"Tue, 27 Jan 2026 21:01:37 GMT","Editor":"cjg4522_trecs"}},{"type":"Feature","id":88,"geometry":{"type":"Point","coordinates":[-97.7356607263074,30.283422025891]},"properties":{"Finding_Number":null,"Section":null,"Area_Description":null,"As_Built":null,"Finding":null,"Type":null,"Subtype_1":null,"Subtype_2":null,"Subtype_3":null,"Latitude":null,"Longitude":null,"Photo_1":null,"Photo_2":null,"FID":null,"ObjectId":88,"GlobalID":"ff126d0f-280e-4939-b8cd-8c52acdcebb1","CreationDate":"Tue, 27 Jan 2026 21:09:07 GMT","Creator":"cjg4522_trecs","EditDate":"Tue, 27 Jan 2026 21:09:07 GMT","Editor":"cjg4522_trecs"}},{"type":"Feature","id":89,"geometry":{"type":"Point","coordinates":[-97.7373023377877,30.2854444683073]},"properties":{"Finding_Number":null,"Section":null,"Area_Description":null,"As_Built":null,"Finding":null,"Type":null,"Subtype_1":null,"Subtype_2":null,"Subtype_3":null,"Latitude":null,"Longitude":null,"Photo_1":null,"Photo_2":null,"FID":null,"ObjectId":89,"GlobalID":"0d48d81c-b419-463c-ba00-ab8cefce81be","CreationDate":"Tue, 27 Jan 2026 21:47:49 GMT","Creator":"cjg4522_trecs","EditDate":"Tue, 27 Jan 2026 21:47:49 GMT","Editor":"cjg4522_trecs"}},{"type":"Feature","id":90,"geometry":{"type":"Point","coordinates":[-97.736008436266,30.288446786352]},"properties":{"Finding_Number":null,"Section":null,"Area_Description":null,"As_Built":null,"Finding":null,"Type":null,"Subtype_1":null,"Subtype_2":null,"Subtype_3":null,"Latitude":null,"Longitude":null,"Photo_1":null,"Photo_2":null,"FID":null,"ObjectId":90,"GlobalID":"f377aa98-8c3e-4876-a96d-01e5e1102920","CreationDate":"Tue, 27 Jan 2026 22:04:08 GMT","Creator":"cjg4522_trecs","EditDate":"Tue, 27 Jan 2026 22:04:08 GMT","Editor":"cjg4522_trecs"}},{"type":"Feature","id":91,"geometry":{"type":"Point","coordinates":[-97.7395325457231,30.2856701928099]},"properties":{"Finding_Number":null,"Section":null,"Area_Description":null,"As_Built":null,"Finding":null,"Type":null,"Subtype_1":null,"Subtype_2":null,"Subtype_3":null,"Latitude":null,"Longitude":null,"Photo_1":null,"Photo_2":null,"FID":null,"ObjectId":91,"GlobalID":"52997fe4-06a5-484e-b22f-ff2ecc737fd6","CreationDate":"Tue, 27 Jan 2026 22:26:20 GMT","Creator":"cjg4522_trecs","EditDate":"Tue, 27 Jan 2026 22:26:20 GMT","Editor":"cjg4522_trecs"}},{"type":"Feature","id":92,"geometry":{"type":"Point","coordinates":[-97.7403888409517,30.2849990872958]},"properties":{"Finding_Number":null,"Section":null,"Area_Description":null,"As_Built":null,"Finding":null,"Type":null,"Subtype_1":null,"Subtype_2":null,"Subtype_3":null,"Latitude":null,"Longitude":null,"Photo_1":null,"Photo_2":null,"FID":null,"ObjectId":92,"GlobalID":"cb4a74ff-d49b-41ed-9bd1-72b9c757e4a0","CreationDate":"Tue, 27 Jan 2026 22:30:48 GMT","Creator":"cjg4522_trecs","EditDate":"Tue, 27 Jan 2026 22:30:48 GMT","Editor":"cjg4522_trecs"}},{"type":"Feature","id":93,"geometry":{"type":"Point","coordinates":[-97.7399368643002,30.285852115113]},"properties":{"Finding_Number":null,"Section":null,"Area_Description":null,"As_Built":null,"Finding":null,"Type":null,"Subtype_1":null,"Subtype_2":null,"Subtype_3":null,"Latitude":null,"Longitude":null,"Photo_1":null,"Photo_2":null,"FID":null,"ObjectId":93,"GlobalID":"dbd8030a-28d2-4ab3-be2c-8c1ade891832","CreationDate":"Tue, 27 Jan 2026 23:05:46 GMT","Creator":"cjg4522_trecs","EditDate":"Tue, 27 Jan 2026 23:05:46 GMT","Editor":"cjg4522_trecs"}},{"type":"Feature","id":94,"geometry":{"type":"Point","coordinates":[-97.7389197814203,30.2865306649711]},"properties":{"Finding_Number":null,"Section":null,"Area_Description":null,"As_Built":null,"Finding":null,"Type":null,"Subtype_1":null,"Subtype_2":null,"Subtype_3":null,"Latitude":null,"Longitude":null,"Photo_1":null,"Photo_2":null,"FID":null,"ObjectId":94,"GlobalID":"31aa7e9f-8fda-49e1-b16b-1bc16e05c135","CreationDate":"Tue, 27 Jan 2026 23:05:50 GMT","Creator":"cjg4522_trecs","EditDate":"Tue, 27 Jan 2026 23:05:50 GMT","Editor":"cjg4522_trecs"}},{"type":"Feature","id":95,"geometry":{"type":"Point","coordinates":[-97.7392194224605,30.2870526528768]},"properties":{"Finding_Number":null,"Section":null,"Area_Description":null,"As_Built":null,"Finding":null,"Type":null,"Subtype_1":null,"Subtype_2":null,"Subtype_3":null,"Latitude":null,"Longitude":null,"Photo_1":null,"Photo_2":null,"FID":null,"ObjectId":95,"GlobalID":"dcb52a68-0bec-4ebf-8f20-65af90644726","CreationDate":"Tue, 27 Jan 2026 23:05:59 GMT","Creator":"cjg4522_trecs","EditDate":"Tue, 27 Jan 2026 23:05:59 GMT","Editor":"cjg4522_trecs"}},{"type":"Feature","id":96,"geometry":{"type":"Point","coordinates":[-97.7396197466144,30.2878309290899]},"properties":{"Finding_Number":null,"Section":null,"Area_Description":null,"As_Built":null,"Finding":null,"Type":null,"Subtype_1":null,"Subtype_2":null,"Subtype_3":null,"Latitude":null,"Longitude":null,"Photo_1":null,"Photo_2":null,"FID":null,"ObjectId":96,"GlobalID":"e9153882-e195-4685-a18b-44cd61f4d8c0","CreationDate":"Wed, 28 Jan 2026 16:38:25 GMT","Creator":"cjg4522_trecs","EditDate":"Wed, 28 Jan 2026 16:38:25 GMT","Editor":"cjg4522_trecs"}},{"type":"Feature","id":97,"geometry":{"type":"Point","coordinates":[-97.7401874807466,30.2882208043494]},"properties":{"Finding_Number":null,"Section":null,"Area_Description":null,"As_Built":null,"Finding":null,"Type":null,"Subtype_1":null,"Subtype_2":null,"Subtype_3":null,"Latitude":null,"Longitude":null,"Photo_1":null,"Photo_2":null,"FID":null,"ObjectId":97,"GlobalID":"b1e01abd-e95a-4666-8b06-ffd49a6513c9","CreationDate":"Wed, 28 Jan 2026 16:38:39 GMT","Creator":"cjg4522_trecs","EditDate":"Wed, 28 Jan 2026 16:38:39 GMT","Editor":"cjg4522_trecs"}},{"type":"Feature","id":98,"geometry":{"type":"Point","coordinates":[-97.7407266045946,30.2863594259736]},"properties":{"Finding_Number":null,"Section":null,"Area_Description":null,"As_Built":null,"Finding":null,"Type":null,"Subtype_1":null,"Subtype_2":null,"Subtype_3":null,"Latitude":null,"Longitude":null,"Photo_1":null,"Photo_2":null,"FID":null,"ObjectId":98,"GlobalID":"830d0eb7-27ef-4533-a547-ce2692c4e148","CreationDate":"Wed, 28 Jan 2026 16:38:55 GMT","Creator":"cjg4522_trecs","EditDate":"Wed, 28 Jan 2026 16:38:55 GMT","Editor":"cjg4522_trecs"}},{"type":"Feature","id":99,"geometry":{"type":"Point","coordinates":[-97.7415270205229,30.2853708196861]},"properties":{"Finding_Number":null,"Section":null,"Area_Description":null,"As_Built":null,"Finding":null,"Type":null,"Subtype_1":null,"Subtype_2":null,"Subtype_3":null,"Latitude":null,"Longitude":null,"Photo_1":null,"Photo_2":null,"FID":null,"ObjectId":99,"GlobalID":"bc89111a-1571-4e57-a550-b753a4870f7c","CreationDate":"Wed, 28 Jan 2026 16:39:08 GMT","Creator":"cjg4522_trecs","EditDate":"Wed, 28 Jan 2026 16:39:08 GMT","Editor":"cjg4522_trecs"}},{"type":"Feature","id":100,"geometry":{"type":"Point","coordinates":[-97.7384093994685,30.2811661399815]},"properties":{"Finding_Number":null,"Section":null,"Area_Description":null,"As_Built":null,"Finding":null,"Type":null,"Subtype_1":null,"Subtype_2":null,"Subtype_3":null,"Latitude":null,"Longitude":null,"Photo_1":null,"Photo_2":null,"FID":null,"ObjectId":100,"GlobalID":"1183b180-6e61-46cc-9971-92c3f4c5d17d","CreationDate":"Wed, 28 Jan 2026 16:39:39 GMT","Creator":"cjg4522_trecs","EditDate":"Wed, 28 Jan 2026 16:39:39 GMT","Editor":"cjg4522_trecs"}},{"type":"Feature","id":101,"geometry":{"type":"Point","coordinates":[-97.7337656014842,30.2817660474246]},"properties":{"Finding_Number":null,"Section":null,"Area_Description":null,"As_Built":null,"Finding":null,"Type":null,"Subtype_1":null,"Subtype_2":null,"Subtype_3":null,"Latitude":null,"Longitude":null,"Photo_1":null,"Photo_2":null,"FID":null,"ObjectId":101,"GlobalID":"2f691156-d552-49c9-a823-3c5c7ef0f6d3","CreationDate":"Wed, 28 Jan 2026 16:39:57 GMT","Creator":"cjg4522_trecs","EditDate":"Wed, 28 Jan 2026 16:39:57 GMT","Editor":"cjg4522_trecs"}},{"type":"Feature","id":102,"geometry":{"type":"Point","coordinates":[-97.7372415156373,30.2859186594944]},"properties":{"Finding_Number":null,"Section":null,"Area_Description":null,"As_Built":null,"Finding":null,"Type":null,"Subtype_1":null,"Subtype_2":null,"Subtype_3":null,"Latitude":null,"Longitude":null,"Photo_1":null,"Photo_2":null,"FID":null,"ObjectId":102,"GlobalID":"87971903-b8f5-496b-a7ef-15bf139f82c8","CreationDate":"Wed, 28 Jan 2026 16:40:12 GMT","Creator":"cjg4522_trecs","EditDate":"Wed, 28 Jan 2026 16:40:12 GMT","Editor":"cjg4522_trecs"}},{"type":"Feature","id":103,"geometry":{"type":"Point","coordinates":[-97.736933061437,30.2868705882798]},"properties":{"Finding_Number":null,"Section":null,"Area_Description":null,"As_Built":null,"Finding":null,"Type":null,"Subtype_1":null,"Subtype_2":null,"Subtype_3":null,"Latitude":null,"Longitude":null,"Photo_1":null,"Photo_2":null,"FID":null,"ObjectId":103,"GlobalID":"a628971d-e6b4-4a16-9397-10b8548995bf","CreationDate":"Wed, 28 Jan 2026 16:40:20 GMT","Creator":"cjg4522_trecs","EditDate":"Wed, 28 Jan 2026 16:40:20 GMT","Editor":"cjg4522_trecs"}},{"type":"Feature","id":104,"geometry":{"type":"Point","coordinates":[-97.7359290212506,30.287935996483]},"properties":{"Finding_Number":null,"Section":null,"Area_Description":null,"As_Built":null,"Finding":null,"Type":null,"Subtype_1":null,"Subtype_2":null,"Subtype_3":null,"Latitude":null,"Longitude":null,"Photo_1":null,"Photo_2":null,"FID":null,"ObjectId":104,"GlobalID":"33484ef2-abc0-4ed5-b4ac-0099b3e2ee94","CreationDate":"Wed, 28 Jan 2026 16:40:29 GMT","Creator":"cjg4522_trecs","EditDate":"Wed, 28 Jan 2026 16:40:29 GMT","Editor":"cjg4522_trecs"}},{"type":"Feature","id":105,"geometry":{"type":"Point","coordinates":[-97.7360345214173,30.2881969425371]},"properties":{"Finding_Number":null,"Section":null,"Area_Description":null,"As_Built":null,"Finding":null,"Type":null,"Subtype_1":null,"Subtype_2":null,"Subtype_3":null,"Latitude":null,"Longitude":null,"Photo_1":null,"Photo_2":null,"FID":null,"ObjectId":105,"GlobalID":"cc545c0a-2768-4384-b0c9-ea517dee8944","CreationDate":"Wed, 28 Jan 2026 16:40:34 GMT","Creator":"cjg4522_trecs","EditDate":"Wed, 28 Jan 2026 16:40:34 GMT","Editor":"cjg4522_trecs"}},{"type":"Feature","id":106,"geometry":{"type":"Point","coordinates":[-97.7380026879438,30.2886450814161]},"properties":{"Finding_Number":null,"Section":null,"Area_Description":null,"As_Built":null,"Finding":null,"Type":null,"Subtype_1":null,"Subtype_2":null,"Subtype_3":null,"Latitude":null,"Longitude":null,"Photo_1":null,"Photo_2":null,"FID":null,"ObjectId":106,"GlobalID":"9c30b246-5528-47c2-867a-0e72eb4a64d3","CreationDate":"Wed, 28 Jan 2026 16:40:50 GMT","Creator":"cjg4522_trecs","EditDate":"Wed, 28 Jan 2026 16:40:50 GMT","Editor":"cjg4522_trecs"}},{"type":"Feature","id":107,"geometry":{"type":"Point","coordinates":[-97.7306543060668,30.2870215872652]},"properties":{"Finding_Number":null,"Section":null,"Area_Description":null,"As_Built":null,"Finding":null,"Type":null,"Subtype_1":null,"Subtype_2":null,"Subtype_3":null,"Latitude":null,"Longitude":null,"Photo_1":null,"Photo_2":null,"FID":null,"ObjectId":107,"GlobalID":"1ebc2426-4f84-47f7-8353-085c6e3995b8","CreationDate":"Wed, 28 Jan 2026 16:41:14 GMT","Creator":"cjg4522_trecs","EditDate":"Wed, 28 Jan 2026 16:41:14 GMT","Editor":"cjg4522_trecs"}}]}