{"type":"FeatureCollection","crs":{"type":"name","properties":{"name":"EPSG:4326"}},"features":[{"type":"Feature","id":1,"geometry":{"type":"Point","coordinates":[-97.7369820772976,30.2892629760207]},"properties":{"Finding_Number":84,"Section":"Stairs","Area_Description":"*NMS","As_Built":null,"Finding":"The handrails are not continuous.\r\n\r\nHandrails shall be continuous within the full length of each stair flight.","Latitude":30.28938,"Longitude":-97.737,"Photo_1":"https://access.bluedag.com/clientdata/090884C4-08CE-44BA-8783-0F91BAD9C316/photos/complaints/hi-res/N4ptqUoR5L7K1z6clQTwMJnA1756997334.jpg","Photo_2":"https://access.bluedag.com/clientdata/090884C4-08CE-44BA-8783-0F91BAD9C316/photos/complaints/hi-res/H4YwGap6FdyrkzI0JRZPCSqQ1759245002.jpg","FID":1,"ObjectId":1,"GlobalID":"da22c4c0-b1b5-496b-9c2f-600a9e28afbb","CreationDate":"Tue, 18 Nov 2025 19:57:58 GMT","Creator":"TRECS_PUB","EditDate":"Tue, 27 Jan 2026 21:58:45 GMT","Editor":"cjg4522_trecs"}},{"type":"Feature","id":2,"geometry":{"type":"Point","coordinates":[-97.7370047866758,30.288759640521]},"properties":{"Finding_Number":85,"Section":"Stairs","Area_Description":"*NMS","As_Built":null,"Finding":"The handrail does not have the required handrail extensions at the top or bottom of the stair flight. \r\n\r\nAt the top of a stair flight, handrails shall extend horizontally above the landing for 12 inches minimum beginning directly above the first riser nosing. Extensions shall return to a wall, guard, or the landing surface, or shall be continuous to the handrail of an adjacent stair flight.\r\n\r\nAt the bottom of a stair flight, handrails shall extend at the slope of the stair flight for a horizontal distance at least equal to one tread depth beyond the last riser nosing. Extension shall return to a wall, guard, or the landing surface, or shall be continuous to the handrail of an adjacent stair flight.","Latitude":30.28876,"Longitude":-97.73698,"Photo_1":"https://access.bluedag.com/clientdata/090884C4-08CE-44BA-8783-0F91BAD9C316/photos/complaints/hi-res/73zsQTOyClFJa8Kgk4XoEdLh1759245002.jpg","Photo_2":null,"FID":2,"ObjectId":2,"GlobalID":"359a16c1-1b89-45a8-aa25-46e421ad68dc","CreationDate":"Tue, 18 Nov 2025 19:57:58 GMT","Creator":"TRECS_PUB","EditDate":"Tue, 27 Jan 2026 21:58:57 GMT","Editor":"cjg4522_trecs"}},{"type":"Feature","id":3,"geometry":{"type":"Point","coordinates":[-97.7370428442358,30.2884732655429]},"properties":{"Finding_Number":86,"Section":"Stairs","Area_Description":"*NMS","As_Built":null,"Finding":"The stairway only has a handrail on one side. \r\n\r\nStairways must have handrails on both sides.\r\n\r\nHandrails and their extensions must be between 34 inches and 38 inches above the stair nosing or ground.\r\n\r\nThe top handrails shall extend a minimum of 12 inches beyond the top nosing and shall be parallel with the floor or ground surface. At the bottom of a stair flight, handrails shall extend at the slope of the stair flight for a horizontal distance at least equal to one tread depth beyond the last riser nosing. Extension shall return to a wall, guard, or the landing surface, or shall be continuous to the handrail of an adjacent stair flight.\r\n\r\nThe orientation of at least one handrail, including the extension, shall be in the direction of the run of the stair and perpendicular to the direction of the stair nosing. Handrail gripping surfaces with a circular cross section shall have an outside diameter of 1-1/4 inches minimum and 2 inches maximum. Handrail gripping surfaces with a non-circular cross section shall have a perimeter dimension of 4 inches minimum and 6 1/4 inches maximum, and a cross-section dimension of 2-1/4 inches maximum. The hand grip portion of handrails shall have a smooth surface with no sharp corners. Gripping surfaces (top or sides) shall be uninterrupted by newel posts, other construction elements or obstructions. Any wall or other surface adjacent to the handrail shall be free of sharp or abrasive elements. Handrails projecting from a wall shall have a space of 1-1/2 inches  minimum between the wall and the handrail.","Latitude":30.28846,"Longitude":-97.73699,"Photo_1":"https://access.bluedag.com/clientdata/090884C4-08CE-44BA-8783-0F91BAD9C316/photos/complaints/hi-res/EirqWO0fux2U9vDpeXaJdBGL1756997334.jpg","Photo_2":"https://access.bluedag.com/clientdata/090884C4-08CE-44BA-8783-0F91BAD9C316/photos/complaints/hi-res/GQanvHBYleWJM62gREx89zj71759245003.jpg","FID":3,"ObjectId":3,"GlobalID":"864c12d4-5795-4368-aeba-57857313aa36","CreationDate":"Tue, 18 Nov 2025 19:57:58 GMT","Creator":"TRECS_PUB","EditDate":"Tue, 27 Jan 2026 21:59:06 GMT","Editor":"cjg4522_trecs"}},{"type":"Feature","id":4,"geometry":{"type":"Point","coordinates":[-97.7370671629139,30.2881909785824]},"properties":{"Finding_Number":87,"Section":"Stairs","Area_Description":"NMS","As_Built":"27 inches","Finding":"The handrails are not at the correct height.\r\n\r\nThe tops of handrails and their extensions must be between 34 inches and 38 inches above the stair nosing or ground.","Latitude":30.28815,"Longitude":-97.73704,"Photo_1":"https://access.bluedag.com/clientdata/090884C4-08CE-44BA-8783-0F91BAD9C316/photos/complaints/hi-res/61vub7FtgBzAf5MyoYi2JXPK1757004944.jpg","Photo_2":null,"FID":4,"ObjectId":4,"GlobalID":"a56aa97e-e493-4fd2-a8fa-5903659988a9","CreationDate":"Tue, 18 Nov 2025 19:57:58 GMT","Creator":"TRECS_PUB","EditDate":"Tue, 27 Jan 2026 21:59:25 GMT","Editor":"cjg4522_trecs"}},{"type":"Feature","id":5,"geometry":{"type":"Point","coordinates":[-97.7382375005466,30.2894090930415]},"properties":{"Finding_Number":88,"Section":"Stairs","Area_Description":"BME","As_Built":null,"Finding":"Stairways must have handrails on both sides.\r\n\r\nHandrails and their extensions must be between 34 inches and 38 inches above the stair nosing or ground.\r\nThe top handrails shall extend a minimum of 12 inches beyond the top nosing and shall be parallel with the floor or ground surface. At the bottom of a stair flight, handrails shall extend at the slope of the stair flight for a horizontal distance at least equal to one tread depth beyond the last riser nosing. Extension shall return to a wall, guard, or the landing surface, or shall be continuous to the handrail of an adjacent stair flight.\r\n\r\nThe orientation of at least one handrail, including the extension, shall be in the direction of the run of the stair and perpendicular to the direction of the stair nosing. Handrail gripping surfaces with a circular cross section shall have an outside diameter of 1-1/4 inches minimum and 2 inches maximum. Handrail gripping surfaces with a non-circular cross section shall have a perimeter dimension of 4 inches minimum and 6 1/4 inches maximum, and a cross-section dimension of 2-1/4 inches maximum. The hand grip portion of handrails shall have a smooth surface with no sharp corners. Gripping surfaces (top or sides) shall be uninterrupted by newel posts, other construction elements or obstructions. Any wall or other surface adjacent to the handrail shall be free of sharp or abrasive elements. Handrails projecting from a wall shall have a space of 1-1/2 inches  minimum between the wall and the handrail.","Latitude":30.28949,"Longitude":-97.7383,"Photo_1":"https://access.bluedag.com/clientdata/090884C4-08CE-44BA-8783-0F91BAD9C316/photos/complaints/hi-res/5hYViw2CZXFtqnHxkrpdBTaE1756997338.jpg","Photo_2":null,"FID":5,"ObjectId":5,"GlobalID":"cbceac7f-0f1e-429c-95e5-720c3982534c","CreationDate":"Tue, 18 Nov 2025 19:57:58 GMT","Creator":"TRECS_PUB","EditDate":"Tue, 27 Jan 2026 22:59:33 GMT","Editor":"cjg4522_trecs"}},{"type":"Feature","id":6,"geometry":{"type":"Point","coordinates":[-97.7387494148632,30.2894489425711]},"properties":{"Finding_Number":89,"Section":"Stairs","Area_Description":"BME","As_Built":"Compliant stairs","Finding":null,"Latitude":30.28942,"Longitude":-97.73877,"Photo_1":"https://access.bluedag.com/clientdata/090884C4-08CE-44BA-8783-0F91BAD9C316/photos/complaints/hi-res/meMjKgY8yRr69U4GoqafJlwp1756997338.jpg","Photo_2":null,"FID":6,"ObjectId":6,"GlobalID":"0d268b46-64bc-4d45-bdc3-86183e9b35f3","CreationDate":"Tue, 18 Nov 2025 19:57:58 GMT","Creator":"TRECS_PUB","EditDate":"Tue, 27 Jan 2026 22:58:46 GMT","Editor":"cjg4522_trecs"}},{"type":"Feature","id":7,"geometry":{"type":"Point","coordinates":[-97.7386332155208,30.2884493891199]},"properties":{"Finding_Number":90,"Section":"Stairs","Area_Description":"BME","As_Built":null,"Finding":"Stairways must have handrails on both sides.\r\n\r\nHandrails and their extensions must be between 34 inches and 38 inches above the stair nosing or ground.\r\nThe top handrails shall extend a minimum of 12 inches beyond the top nosing and shall be parallel with the floor or ground surface. At the bottom of a stair flight, handrails shall extend at the slope of the stair flight for a horizontal distance at least equal to one tread depth beyond the last riser nosing. Extension shall return to a wall, guard, or the landing surface, or shall be continuous to the handrail of an adjacent stair flight.\r\n\r\nThe orientation of at least one handrail, including the extension, shall be in the direction of the run of the stair and perpendicular to the direction of the stair nosing. Handrail gripping surfaces with a circular cross section shall have an outside diameter of 1-1/4 inches minimum and 2 inches maximum. Handrail gripping surfaces with a non-circular cross section shall have a perimeter dimension of 4 inches minimum and 6 1/4 inches maximum, and a cross-section dimension of 2-1/4 inches maximum. The hand grip portion of handrails shall have a smooth surface with no sharp corners. Gripping surfaces (top or sides) shall be uninterrupted by newel posts, other construction elements or obstructions. Any wall or other surface adjacent to the handrail shall be free of sharp or abrasive elements. Handrails projecting from a wall shall have a space of 1-1/2 inches  minimum between the wall and the handrail.","Latitude":30.28847,"Longitude":-97.73901,"Photo_1":"https://access.bluedag.com/clientdata/090884C4-08CE-44BA-8783-0F91BAD9C316/photos/complaints/hi-res/BCt12SwzWRKAYFpaPI5nQl6r1756997337.jpg","Photo_2":null,"FID":7,"ObjectId":7,"GlobalID":"5f1dae0b-13d1-4532-8368-8d8b3944ac0d","CreationDate":"Tue, 18 Nov 2025 19:57:58 GMT","Creator":"TRECS_PUB","EditDate":"Tue, 27 Jan 2026 22:55:29 GMT","Editor":"cjg4522_trecs"}},{"type":"Feature","id":8,"geometry":{"type":"Point","coordinates":[-97.7391357421875,30.2889270782471]},"properties":{"Finding_Number":91,"Section":"Stairs","Area_Description":"BME","As_Built":"33 inches","Finding":"The handrails are not at the correct height on one side. \r\n\r\nThe tops of handrails and their extensions must be between 34 inches and 38 inches above the stair nosing or ground.","Latitude":30.28893,"Longitude":-97.73914,"Photo_1":"https://access.bluedag.com/clientdata/090884C4-08CE-44BA-8783-0F91BAD9C316/photos/complaints/hi-res/qchW1Cj2RQG9yxBTKtwUdu051756997339.jpg","Photo_2":null,"FID":8,"ObjectId":8,"GlobalID":"746fd076-4f62-4aef-a7ef-976b3a7b89d5","CreationDate":"Tue, 18 Nov 2025 19:57:58 GMT","Creator":"TRECS_PUB","EditDate":"Tue, 18 Nov 2025 19:57:58 GMT","Editor":"TRECS_PUB"}},{"type":"Feature","id":9,"geometry":{"type":"Point","coordinates":[-97.7390166968899,30.2881182605118]},"properties":{"Finding_Number":92,"Section":"Stairs","Area_Description":"PHR","As_Built":null,"Finding":"Stairways must have handrails on both sides.\r\n\r\nHandrails and their extensions must be between 34 inches and 38 inches above the stair nosing or ground.\r\nThe top handrails shall extend a minimum of 12 inches beyond the top nosing and shall be parallel with the floor or ground surface. At the bottom of a stair flight, handrails shall extend at the slope of the stair flight for a horizontal distance at least equal to one tread depth beyond the last riser nosing. Extension shall return to a wall, guard, or the landing surface, or shall be continuous to the handrail of an adjacent stair flight.\r\n\r\nThe orientation of at least one handrail, including the extension, shall be in the direction of the run of the stair and perpendicular to the direction of the stair nosing. Handrail gripping surfaces with a circular cross section shall have an outside diameter of 1-1/4 inches minimum and 2 inches maximum. Handrail gripping surfaces with a non-circular cross section shall have a perimeter dimension of 4 inches minimum and 6 1/4 inches maximum, and a cross-section dimension of 2-1/4 inches maximum. The hand grip portion of handrails shall have a smooth surface with no sharp corners. Gripping surfaces (top or sides) shall be uninterrupted by newel posts, other construction elements or obstructions. Any wall or other surface adjacent to the handrail shall be free of sharp or abrasive elements. Handrails projecting from a wall shall have a space of 1-1/2 inches  minimum between the wall and the handrail.","Latitude":30.28811,"Longitude":-97.73904,"Photo_1":"https://access.bluedag.com/clientdata/090884C4-08CE-44BA-8783-0F91BAD9C316/photos/complaints/hi-res/aF9kr6hvINgQzORxjmCiZqpU1757004948.jpg","Photo_2":null,"FID":9,"ObjectId":9,"GlobalID":"de4d6b0a-9a4e-4ec2-a5da-3174a6a91bc1","CreationDate":"Tue, 18 Nov 2025 19:57:58 GMT","Creator":"TRECS_PUB","EditDate":"Tue, 27 Jan 2026 22:51:18 GMT","Editor":"cjg4522_trecs"}},{"type":"Feature","id":10,"geometry":{"type":"Point","coordinates":[-97.73974609375,30.2885494232178]},"properties":{"Finding_Number":93,"Section":"Stairs","Area_Description":"Littlefield Patio","As_Built":null,"Finding":"The handrail does not have a compliant extension at the bottom of the stair flight.\r\n\r\nAt the bottom of a stair flight, handrails shall extend at the slope of the stair flight for a horizontal distance at least equal to one tread depth beyond the last riser nosing. Extension shall return to a wall, guard, or the landing surface, or shall be continuous to the handrail of an adjacent stair flight.","Latitude":30.28855,"Longitude":-97.73975,"Photo_1":"https://access.bluedag.com/clientdata/090884C4-08CE-44BA-8783-0F91BAD9C316/photos/complaints/hi-res/XK95PkY1ZtehBg87UVjFEbLO1756997339.jpg","Photo_2":null,"FID":10,"ObjectId":10,"GlobalID":"bbe206c8-188c-48d0-aca6-bd04be3a030d","CreationDate":"Tue, 18 Nov 2025 19:57:58 GMT","Creator":"TRECS_PUB","EditDate":"Tue, 18 Nov 2025 19:57:58 GMT","Editor":"TRECS_PUB"}},{"type":"Feature","id":11,"geometry":{"type":"Point","coordinates":[-97.7395401000977,30.2894611358643]},"properties":{"Finding_Number":94,"Section":"Stairs","Area_Description":"Littlefield Patio","As_Built":null,"Finding":"The handrail does not have a compliant extension at the bottom of the stair flight.\r\n\r\nAt the bottom of a stair flight, handrails shall extend at the slope of the stair flight for a horizontal distance at least equal to one tread depth beyond the last riser nosing. Extension shall return to a wall, guard, or the landing surface, or shall be continuous to the handrail of an adjacent stair flight.","Latitude":30.28946,"Longitude":-97.73954,"Photo_1":"https://access.bluedag.com/clientdata/090884C4-08CE-44BA-8783-0F91BAD9C316/photos/complaints/hi-res/0bAzeLhxZfj3nU5FugoIKv8C1756997339.jpg","Photo_2":null,"FID":11,"ObjectId":11,"GlobalID":"86908c49-85bb-4b40-baf0-ddd7f3011c91","CreationDate":"Tue, 18 Nov 2025 19:57:58 GMT","Creator":"TRECS_PUB","EditDate":"Tue, 18 Nov 2025 19:57:58 GMT","Editor":"TRECS_PUB"}},{"type":"Feature","id":12,"geometry":{"type":"Point","coordinates":[-97.7398147583008,30.2896461486816]},"properties":{"Finding_Number":95,"Section":"Stairs","Area_Description":"Blanton Residence Hall","As_Built":null,"Finding":"The stairway handrails are not nearly compliant. The handrails have the following issues:\r\n\r\n- Installed at the incorrect height \r\n- The bottom handrail extensions are missing or extend incorrectly\r\n- The top handrail extensions are missing or extend incorrectly\r\n- The handrail gripping surface is not the correct size\r\n- The handrail is not located with the correct spacing from the wall or adjacent surface\r\n- The handrails are obstructed.\r\n\r\nHandrails and their extensions must be between 34 inches and 38 inches above the stair nosing or ground.\r\n\r\nThe top handrails shall extend a minimum of 12 inches beyond the top nosing and shall be parallel with the floor or ground surface. At the bottom of a stair flight, handrails shall extend at the slope of the stair flight for a horizontal distance at least equal to one tread depth beyond the last riser nosing. Extension shall return to a wall, guard, or the landing surface, or shall be continuous to the handrail of an adjacent stair flight.\r\n\r\nThe orientation of at least one handrail, including the extension, shall be in the direction of the run of the stair and perpendicular to the direction of the stair nosing. Handrail gripping surfaces with a circular cross section shall have an outside diameter of 1-1/4 inches minimum and 2 inches maximum. Handrail gripping surfaces with a non-circular cross section shall have a perimeter dimension of 4 inches minimum and 6 1/4 inches maximum, and a cross-section dimension of 2-1/4 inches maximum. The hand grip portion of handrails shall have a smooth surface with no sharp corners. Gripping surfaces (top or sides) shall be uninterrupted by newel posts, other construction elements or obstructions. Any wall or other surface adjacent to the handrail shall be free of sharp or abrasive elements. Handrails projecting from a wall shall have a space of 1-1/2 inches  minimum between the wall and the handrail.","Latitude":30.28965,"Longitude":-97.73981,"Photo_1":"https://access.bluedag.com/clientdata/090884C4-08CE-44BA-8783-0F91BAD9C316/photos/complaints/hi-res/cal8WM1V0pKFRtC3TQuyPHLB1756997340.jpg","Photo_2":null,"FID":12,"ObjectId":12,"GlobalID":"2065c7dd-892c-4f6a-a470-20715a80975b","CreationDate":"Tue, 18 Nov 2025 19:57:58 GMT","Creator":"TRECS_PUB","EditDate":"Tue, 18 Nov 2025 19:57:58 GMT","Editor":"TRECS_PUB"}},{"type":"Feature","id":13,"geometry":{"type":"Point","coordinates":[-97.7397613525391,30.2896671295166]},"properties":{"Finding_Number":96,"Section":"Stairs","Area_Description":"Blanton Residence Hall","As_Built":null,"Finding":"The stairway handrails are not nearly compliant. The handrails have the following issues:\r\n\r\n- Installed at the incorrect height \r\n- The bottom handrail extensions are missing or extend incorrectly\r\n- The top handrail extensions are missing or extend incorrectly\r\n- The handrail gripping surface is not the correct size\r\n- The handrail is not located with the correct spacing from the wall or adjacent surface\r\n- The handrails are obstructed.\r\n\r\nHandrails and their extensions must be between 34 inches and 38 inches above the stair nosing or ground.\r\n\r\nThe top handrails shall extend a minimum of 12 inches beyond the top nosing and shall be parallel with the floor or ground surface. At the bottom of a stair flight, handrails shall extend at the slope of the stair flight for a horizontal distance at least equal to one tread depth beyond the last riser nosing. Extension shall return to a wall, guard, or the landing surface, or shall be continuous to the handrail of an adjacent stair flight.\r\n\r\nThe orientation of at least one handrail, including the extension, shall be in the direction of the run of the stair and perpendicular to the direction of the stair nosing. Handrail gripping surfaces with a circular cross section shall have an outside diameter of 1-1/4 inches minimum and 2 inches maximum. Handrail gripping surfaces with a non-circular cross section shall have a perimeter dimension of 4 inches minimum and 6 1/4 inches maximum, and a cross-section dimension of 2-1/4 inches maximum. The hand grip portion of handrails shall have a smooth surface with no sharp corners. Gripping surfaces (top or sides) shall be uninterrupted by newel posts, other construction elements or obstructions. Any wall or other surface adjacent to the handrail shall be free of sharp or abrasive elements. Handrails projecting from a wall shall have a space of 1-1/2 inches  minimum between the wall and the handrail.","Latitude":30.28967,"Longitude":-97.73976,"Photo_1":"https://access.bluedag.com/clientdata/090884C4-08CE-44BA-8783-0F91BAD9C316/photos/complaints/hi-res/G2VqMuoIO9H6dSTgFLXWsNJt1756997340.jpg","Photo_2":null,"FID":13,"ObjectId":13,"GlobalID":"3f7330fd-569f-431a-9439-0b950ca7be24","CreationDate":"Tue, 18 Nov 2025 19:57:58 GMT","Creator":"TRECS_PUB","EditDate":"Tue, 18 Nov 2025 19:57:58 GMT","Editor":"TRECS_PUB"}},{"type":"Feature","id":14,"geometry":{"type":"Point","coordinates":[-97.7398556469037,30.288109711787]},"properties":{"Finding_Number":97,"Section":"Stairs","Area_Description":"Blanton Residence Hall","As_Built":"Wrong size & extensions missing","Finding":"The stairway is not nearly compliant.\n\nThe stairway treads and risers are not uniform and are not within the required height. \nThe stairway contains open risers. The tread surface contains slopes exceeding 2% and or changes in level. \nThe tread nosings projects beyond the riser more than 1 1/2 inch. The nosing curvature is greater than 1/2 inch maximum.\nThe stairway does not have compliant handrails on both sides of the stairway.\nThe stairway tread and/or landing accumulates water.\nThe required floor identification sign is not provided.","Latitude":30.28803,"Longitude":-97.73975,"Photo_1":"https://access.bluedag.com/clientdata/090884C4-08CE-44BA-8783-0F91BAD9C316/photos/complaints/hi-res/zaWVvncfgbuq8ioPpLmjrwyk1756997341.jpg","Photo_2":null,"FID":14,"ObjectId":14,"GlobalID":"90178840-3794-4d60-881c-d2b343127e2d","CreationDate":"Tue, 18 Nov 2025 19:57:58 GMT","Creator":"TRECS_PUB","EditDate":"Tue, 27 Jan 2026 22:40:29 GMT","Editor":"cjg4522_trecs"}},{"type":"Feature","id":15,"geometry":{"type":"Point","coordinates":[-97.7401800747698,30.2887123873884]},"properties":{"Finding_Number":98,"Section":"Stairs","Area_Description":"CRD","As_Built":"Both sides missing & extensions missing","Finding":"The stairway handrails are not nearly compliant. The handrails have the following issues:\r\n\r\n- Installed at the incorrect height \r\n- The bottom handrail extensions are missing or extend incorrectly\r\n- The top handrail extensions are missing or extend incorrectly\r\n- The handrail gripping surface is not the correct size\r\n- The handrail is not located with the correct spacing from the wall or adjacent surface\r\n- The handrails are obstructed.\r\n\r\nHandrails and their extensions must be between 34 inches and 38 inches above the stair nosing or ground.\r\n\r\nThe top handrails shall extend a minimum of 12 inches beyond the top nosing and shall be parallel with the floor or ground surface. At the bottom of a stair flight, handrails shall extend at the slope of the stair flight for a horizontal distance at least equal to one tread depth beyond the last riser nosing. Extension shall return to a wall, guard, or the landing surface, or shall be continuous to the handrail of an adjacent stair flight.\r\n\r\nThe orientation of at least one handrail, including the extension, shall be in the direction of the run of the stair and perpendicular to the direction of the stair nosing. Handrail gripping surfaces with a circular cross section shall have an outside diameter of 1-1/4 inches minimum and 2 inches maximum. Handrail gripping surfaces with a non-circular cross section shall have a perimeter dimension of 4 inches minimum and 6 1/4 inches maximum, and a cross-section dimension of 2-1/4 inches maximum. The hand grip portion of handrails shall have a smooth surface with no sharp corners. Gripping surfaces (top or sides) shall be uninterrupted by newel posts, other construction elements or obstructions. Any wall or other surface adjacent to the handrail shall be free of sharp or abrasive elements. Handrails projecting from a wall shall have a space of 1-1/2 inches  minimum between the wall and the handrail.","Latitude":30.28893,"Longitude":-97.74041,"Photo_1":"https://access.bluedag.com/clientdata/090884C4-08CE-44BA-8783-0F91BAD9C316/photos/complaints/hi-res/GfR6wnySTEir7xzFekLtA5Ma1756997341.jpg","Photo_2":null,"FID":15,"ObjectId":15,"GlobalID":"6b1aa9d9-ac26-43ab-8552-afe71d5498b3","CreationDate":"Tue, 18 Nov 2025 19:57:58 GMT","Creator":"TRECS_PUB","EditDate":"Wed, 28 Jan 2026 16:37:44 GMT","Editor":"cjg4522_trecs"}},{"type":"Feature","id":16,"geometry":{"type":"Point","coordinates":[-97.7397133407861,30.2880345751123]},"properties":{"Finding_Number":99,"Section":"Stairs","Area_Description":"GWB","As_Built":"Not continuous & extensions missing","Finding":"The stairway is not nearly compliant.\n\nThe stairway treads and risers are not uniform and are not within the required height. \nThe stairway contains open risers. The tread surface contains slopes exceeding 2% and or changes in level. \nThe tread nosings projects beyond the riser more than 1 1/2 inch. The nosing curvature is greater than 1/2 inch maximum.\nThe stairway does not have compliant handrails on both sides of the stairway.\nThe stairway tread and/or landing accumulates water.\nThe required floor identification sign is not provided.","Latitude":30.28806,"Longitude":-97.73983,"Photo_1":"https://access.bluedag.com/clientdata/090884C4-08CE-44BA-8783-0F91BAD9C316/photos/complaints/hi-res/ilrEtvbTLpjc2KkAQZfMmBnY1756997341.jpg","Photo_2":null,"FID":16,"ObjectId":16,"GlobalID":"7b288f5f-ed08-4584-9590-380cbab97f77","CreationDate":"Tue, 18 Nov 2025 19:57:58 GMT","Creator":"TRECS_PUB","EditDate":"Tue, 27 Jan 2026 22:40:02 GMT","Editor":"cjg4522_trecs"}},{"type":"Feature","id":17,"geometry":{"type":"Point","coordinates":[-97.7399386762275,30.2880306927118]},"properties":{"Finding_Number":100,"Section":"Stairs","Area_Description":"GWB","As_Built":null,"Finding":"The handrail does not have a compliant extension at the bottom of the stair flight.\r\n\r\nAt the bottom of a stair flight, handrails shall extend at the slope of the stair flight for a horizontal distance at least equal to one tread depth beyond the last riser nosing. Extension shall return to a wall, guard, or the landing surface, or shall be continuous to the handrail of an adjacent stair flight.","Latitude":30.28802,"Longitude":-97.73961,"Photo_1":"https://access.bluedag.com/clientdata/090884C4-08CE-44BA-8783-0F91BAD9C316/photos/complaints/hi-res/SPQ3NH5Cu6FyrdTjhqw4mDpg1756997342.jpg","Photo_2":null,"FID":17,"ObjectId":17,"GlobalID":"b3151602-40fe-449e-bfec-56980197b11b","CreationDate":"Tue, 18 Nov 2025 19:57:58 GMT","Creator":"TRECS_PUB","EditDate":"Tue, 27 Jan 2026 22:40:17 GMT","Editor":"cjg4522_trecs"}},{"type":"Feature","id":18,"geometry":{"type":"Point","coordinates":[-97.7399642464846,30.287639755111]},"properties":{"Finding_Number":101,"Section":"Stairs","Area_Description":"GWB","As_Built":null,"Finding":"Stairways must have handrails on both sides.\r\n\r\nHandrails and their extensions must be between 34 inches and 38 inches above the stair nosing or ground.\r\nThe top handrails shall extend a minimum of 12 inches beyond the top nosing and shall be parallel with the floor or ground surface. At the bottom of a stair flight, handrails shall extend at the slope of the stair flight for a horizontal distance at least equal to one tread depth beyond the last riser nosing. Extension shall return to a wall, guard, or the landing surface, or shall be continuous to the handrail of an adjacent stair flight.\r\n\r\nThe orientation of at least one handrail, including the extension, shall be in the direction of the run of the stair and perpendicular to the direction of the stair nosing. Handrail gripping surfaces with a circular cross section shall have an outside diameter of 1-1/4 inches minimum and 2 inches maximum. Handrail gripping surfaces with a non-circular cross section shall have a perimeter dimension of 4 inches minimum and 6 1/4 inches maximum, and a cross-section dimension of 2-1/4 inches maximum. The hand grip portion of handrails shall have a smooth surface with no sharp corners. Gripping surfaces (top or sides) shall be uninterrupted by newel posts, other construction elements or obstructions. Any wall or other surface adjacent to the handrail shall be free of sharp or abrasive elements. Handrails projecting from a wall shall have a space of 1-1/2 inches  minimum between the wall and the handrail.","Latitude":30.2876,"Longitude":-97.73997,"Photo_1":"https://access.bluedag.com/clientdata/090884C4-08CE-44BA-8783-0F91BAD9C316/photos/complaints/hi-res/pv2WM3J1dVHue0QnbNKjy9kA1756997342.jpg","Photo_2":null,"FID":18,"ObjectId":18,"GlobalID":"d51c2b8a-ffab-431c-bcde-bcd625b38988","CreationDate":"Tue, 18 Nov 2025 19:57:58 GMT","Creator":"TRECS_PUB","EditDate":"Tue, 27 Jan 2026 22:38:41 GMT","Editor":"cjg4522_trecs"}},{"type":"Feature","id":19,"geometry":{"type":"Point","coordinates":[-97.7396267947827,30.2877994299956]},"properties":{"Finding_Number":102,"Section":"Stairs","Area_Description":"GWB","As_Built":"Not continuous & bottom extensions missing","Finding":"The stairway is not nearly compliant.\n\nThe stairway treads and risers are not uniform and are not within the required height. \nThe stairway contains open risers. The tread surface contains slopes exceeding 2% and or changes in level. \nThe tread nosings projects beyond the riser more than 1 1/2 inch. The nosing curvature is greater than 1/2 inch maximum.\nThe stairway does not have compliant handrails on both sides of the stairway.\nThe stairway tread and/or landing accumulates water.\nThe required floor identification sign is not provided.","Latitude":30.28754,"Longitude":-97.73999,"Photo_1":"https://access.bluedag.com/clientdata/090884C4-08CE-44BA-8783-0F91BAD9C316/photos/complaints/hi-res/peJaYES8hOHwGNQ2i6A9lLDb1756997343.jpg","Photo_2":null,"FID":19,"ObjectId":19,"GlobalID":"8a8b1206-c03f-420e-aaf2-6c85c5c0e33f","CreationDate":"Tue, 18 Nov 2025 19:57:58 GMT","Creator":"TRECS_PUB","EditDate":"Tue, 27 Jan 2026 22:38:55 GMT","Editor":"cjg4522_trecs"}},{"type":"Feature","id":20,"geometry":{"type":"Point","coordinates":[-97.7397155761719,30.2873153686523]},"properties":{"Finding_Number":103,"Section":"Stairs","Area_Description":"BIO","As_Built":null,"Finding":"Stairways must have handrails on both sides.\r\n\r\nHandrails and their extensions must be between 34 inches and 38 inches above the stair nosing or ground.\r\nThe top handrails shall extend a minimum of 12 inches beyond the top nosing and shall be parallel with the floor or ground surface. At the bottom of a stair flight, handrails shall extend at the slope of the stair flight for a horizontal distance at least equal to one tread depth beyond the last riser nosing. Extension shall return to a wall, guard, or the landing surface, or shall be continuous to the handrail of an adjacent stair flight.\r\n\r\nThe orientation of at least one handrail, including the extension, shall be in the direction of the run of the stair and perpendicular to the direction of the stair nosing. Handrail gripping surfaces with a circular cross section shall have an outside diameter of 1-1/4 inches minimum and 2 inches maximum. Handrail gripping surfaces with a non-circular cross section shall have a perimeter dimension of 4 inches minimum and 6 1/4 inches maximum, and a cross-section dimension of 2-1/4 inches maximum. The hand grip portion of handrails shall have a smooth surface with no sharp corners. Gripping surfaces (top or sides) shall be uninterrupted by newel posts, other construction elements or obstructions. Any wall or other surface adjacent to the handrail shall be free of sharp or abrasive elements. Handrails projecting from a wall shall have a space of 1-1/2 inches  minimum between the wall and the handrail.","Latitude":30.28732,"Longitude":-97.73972,"Photo_1":"https://access.bluedag.com/clientdata/090884C4-08CE-44BA-8783-0F91BAD9C316/photos/complaints/hi-res/knb3cOdT51ezvFYU2XigSBZl1756997343.jpg","Photo_2":null,"FID":20,"ObjectId":20,"GlobalID":"3185f16e-e2a6-446c-8d1f-4c3386b75a8e","CreationDate":"Tue, 18 Nov 2025 19:57:58 GMT","Creator":"TRECS_PUB","EditDate":"Tue, 18 Nov 2025 19:57:58 GMT","Editor":"TRECS_PUB"}},{"type":"Feature","id":21,"geometry":{"type":"Point","coordinates":[-97.73994234182,30.2871398307201]},"properties":{"Finding_Number":104,"Section":"Stairs","Area_Description":"BIO","As_Built":null,"Finding":"Stairways must have handrails on both sides.\r\n\r\nHandrails and their extensions must be between 34 inches and 38 inches above the stair nosing or ground.\r\nThe top handrails shall extend a minimum of 12 inches beyond the top nosing and shall be parallel with the floor or ground surface. At the bottom of a stair flight, handrails shall extend at the slope of the stair flight for a horizontal distance at least equal to one tread depth beyond the last riser nosing. Extension shall return to a wall, guard, or the landing surface, or shall be continuous to the handrail of an adjacent stair flight.\r\n\r\nThe orientation of at least one handrail, including the extension, shall be in the direction of the run of the stair and perpendicular to the direction of the stair nosing. Handrail gripping surfaces with a circular cross section shall have an outside diameter of 1-1/4 inches minimum and 2 inches maximum. Handrail gripping surfaces with a non-circular cross section shall have a perimeter dimension of 4 inches minimum and 6 1/4 inches maximum, and a cross-section dimension of 2-1/4 inches maximum. The hand grip portion of handrails shall have a smooth surface with no sharp corners. Gripping surfaces (top or sides) shall be uninterrupted by newel posts, other construction elements or obstructions. Any wall or other surface adjacent to the handrail shall be free of sharp or abrasive elements. Handrails projecting from a wall shall have a space of 1-1/2 inches  minimum between the wall and the handrail.","Latitude":30.28685,"Longitude":-97.73986,"Photo_1":"https://access.bluedag.com/clientdata/090884C4-08CE-44BA-8783-0F91BAD9C316/photos/complaints/hi-res/Cd1LeaFbVmI6s0PlHY94SUMr1756997344.jpg","Photo_2":null,"FID":21,"ObjectId":21,"GlobalID":"9fd7512a-fdee-4cea-b29b-15a05db0a96a","CreationDate":"Tue, 18 Nov 2025 19:57:58 GMT","Creator":"TRECS_PUB","EditDate":"Tue, 27 Jan 2026 22:37:37 GMT","Editor":"cjg4522_trecs"}},{"type":"Feature","id":22,"geometry":{"type":"Point","coordinates":[-97.7396164535517,30.2871048138961]},"properties":{"Finding_Number":105,"Section":"Stairs","Area_Description":"BIO","As_Built":null,"Finding":"Stairways must have handrails on both sides.\r\n\r\nHandrails and their extensions must be between 34 inches and 38 inches above the stair nosing or ground.\r\nThe top handrails shall extend a minimum of 12 inches beyond the top nosing and shall be parallel with the floor or ground surface. At the bottom of a stair flight, handrails shall extend at the slope of the stair flight for a horizontal distance at least equal to one tread depth beyond the last riser nosing. Extension shall return to a wall, guard, or the landing surface, or shall be continuous to the handrail of an adjacent stair flight.\r\n\r\nThe orientation of at least one handrail, including the extension, shall be in the direction of the run of the stair and perpendicular to the direction of the stair nosing. Handrail gripping surfaces with a circular cross section shall have an outside diameter of 1-1/4 inches minimum and 2 inches maximum. Handrail gripping surfaces with a non-circular cross section shall have a perimeter dimension of 4 inches minimum and 6 1/4 inches maximum, and a cross-section dimension of 2-1/4 inches maximum. The hand grip portion of handrails shall have a smooth surface with no sharp corners. Gripping surfaces (top or sides) shall be uninterrupted by newel posts, other construction elements or obstructions. Any wall or other surface adjacent to the handrail shall be free of sharp or abrasive elements. Handrails projecting from a wall shall have a space of 1-1/2 inches  minimum between the wall and the handrail.","Latitude":30.28697,"Longitude":-97.73952,"Photo_1":"https://access.bluedag.com/clientdata/090884C4-08CE-44BA-8783-0F91BAD9C316/photos/complaints/hi-res/0xoETMJIBhSCFdYgV8emlPDq1756997344.jpg","Photo_2":null,"FID":22,"ObjectId":22,"GlobalID":"ac947b22-d287-4de0-a4cf-5e6289369669","CreationDate":"Tue, 18 Nov 2025 19:57:58 GMT","Creator":"TRECS_PUB","EditDate":"Tue, 27 Jan 2026 22:37:53 GMT","Editor":"cjg4522_trecs"}},{"type":"Feature","id":23,"geometry":{"type":"Point","coordinates":[-97.740090608261,30.2870919375098]},"properties":{"Finding_Number":106,"Section":"Stairs","Area_Description":"Outreach Office","As_Built":null,"Finding":"Stairways must have handrails on both sides.\r\n\r\nHandrails and their extensions must be between 34 inches and 38 inches above the stair nosing or ground.\r\nThe top handrails shall extend a minimum of 12 inches beyond the top nosing and shall be parallel with the floor or ground surface. At the bottom of a stair flight, handrails shall extend at the slope of the stair flight for a horizontal distance at least equal to one tread depth beyond the last riser nosing. Extension shall return to a wall, guard, or the landing surface, or shall be continuous to the handrail of an adjacent stair flight.\r\n\r\nThe orientation of at least one handrail, including the extension, shall be in the direction of the run of the stair and perpendicular to the direction of the stair nosing. Handrail gripping surfaces with a circular cross section shall have an outside diameter of 1-1/4 inches minimum and 2 inches maximum. Handrail gripping surfaces with a non-circular cross section shall have a perimeter dimension of 4 inches minimum and 6 1/4 inches maximum, and a cross-section dimension of 2-1/4 inches maximum. The hand grip portion of handrails shall have a smooth surface with no sharp corners. Gripping surfaces (top or sides) shall be uninterrupted by newel posts, other construction elements or obstructions. Any wall or other surface adjacent to the handrail shall be free of sharp or abrasive elements. Handrails projecting from a wall shall have a space of 1-1/2 inches  minimum between the wall and the handrail.","Latitude":30.28702,"Longitude":-97.74017,"Photo_1":"https://access.bluedag.com/clientdata/090884C4-08CE-44BA-8783-0F91BAD9C316/photos/complaints/hi-res/3inD1Hkmx9wLCtNvMX2WQjF51756997344.jpg","Photo_2":null,"FID":23,"ObjectId":23,"GlobalID":"c8e86d8c-786d-484c-9e2f-25bef937780f","CreationDate":"Tue, 18 Nov 2025 19:57:58 GMT","Creator":"TRECS_PUB","EditDate":"Tue, 27 Jan 2026 22:38:10 GMT","Editor":"cjg4522_trecs"}},{"type":"Feature","id":24,"geometry":{"type":"Point","coordinates":[-97.7390289306641,30.28737449646]},"properties":{"Finding_Number":107,"Section":"Stairs","Area_Description":"PAI","As_Built":null,"Finding":"Stairways must have handrails on both sides.\r\n\r\nHandrails and their extensions must be between 34 inches and 38 inches above the stair nosing or ground.\r\nThe top handrails shall extend a minimum of 12 inches beyond the top nosing and shall be parallel with the floor or ground surface. At the bottom of a stair flight, handrails shall extend at the slope of the stair flight for a horizontal distance at least equal to one tread depth beyond the last riser nosing. Extension shall return to a wall, guard, or the landing surface, or shall be continuous to the handrail of an adjacent stair flight.\r\n\r\nThe orientation of at least one handrail, including the extension, shall be in the direction of the run of the stair and perpendicular to the direction of the stair nosing. Handrail gripping surfaces with a circular cross section shall have an outside diameter of 1-1/4 inches minimum and 2 inches maximum. Handrail gripping surfaces with a non-circular cross section shall have a perimeter dimension of 4 inches minimum and 6 1/4 inches maximum, and a cross-section dimension of 2-1/4 inches maximum. The hand grip portion of handrails shall have a smooth surface with no sharp corners. Gripping surfaces (top or sides) shall be uninterrupted by newel posts, other construction elements or obstructions. Any wall or other surface adjacent to the handrail shall be free of sharp or abrasive elements. Handrails projecting from a wall shall have a space of 1-1/2 inches  minimum between the wall and the handrail.","Latitude":30.28737,"Longitude":-97.73903,"Photo_1":"https://access.bluedag.com/clientdata/090884C4-08CE-44BA-8783-0F91BAD9C316/photos/complaints/hi-res/i0jYuJenoyPwpWFqHEx5a8X11756997345.jpg","Photo_2":null,"FID":24,"ObjectId":24,"GlobalID":"50e86d26-ea20-4421-b3b4-593db9cc099a","CreationDate":"Tue, 18 Nov 2025 19:57:58 GMT","Creator":"TRECS_PUB","EditDate":"Tue, 18 Nov 2025 19:57:58 GMT","Editor":"TRECS_PUB"}},{"type":"Feature","id":25,"geometry":{"type":"Point","coordinates":[-97.7384235862363,30.2871279715217]},"properties":{"Finding_Number":108,"Section":"Stairs","Area_Description":"PAI","As_Built":null,"Finding":"Stairways must have handrails on both sides.\r\n\r\nHandrails and their extensions must be between 34 inches and 38 inches above the stair nosing or ground.\r\nThe top handrails shall extend a minimum of 12 inches beyond the top nosing and shall be parallel with the floor or ground surface. At the bottom of a stair flight, handrails shall extend at the slope of the stair flight for a horizontal distance at least equal to one tread depth beyond the last riser nosing. Extension shall return to a wall, guard, or the landing surface, or shall be continuous to the handrail of an adjacent stair flight.\r\n\r\nThe orientation of at least one handrail, including the extension, shall be in the direction of the run of the stair and perpendicular to the direction of the stair nosing. Handrail gripping surfaces with a circular cross section shall have an outside diameter of 1-1/4 inches minimum and 2 inches maximum. Handrail gripping surfaces with a non-circular cross section shall have a perimeter dimension of 4 inches minimum and 6 1/4 inches maximum, and a cross-section dimension of 2-1/4 inches maximum. The hand grip portion of handrails shall have a smooth surface with no sharp corners. Gripping surfaces (top or sides) shall be uninterrupted by newel posts, other construction elements or obstructions. Any wall or other surface adjacent to the handrail shall be free of sharp or abrasive elements. Handrails projecting from a wall shall have a space of 1-1/2 inches  minimum between the wall and the handrail.","Latitude":30.28714,"Longitude":-97.73833,"Photo_1":"https://access.bluedag.com/clientdata/090884C4-08CE-44BA-8783-0F91BAD9C316/photos/complaints/hi-res/J3UX68vrI2io7gyWKfbxzq1R1756997345.jpg","Photo_2":null,"FID":25,"ObjectId":25,"GlobalID":"7bd8f84f-8ee6-4986-aa25-e44b53bae475","CreationDate":"Tue, 18 Nov 2025 19:57:58 GMT","Creator":"TRECS_PUB","EditDate":"Tue, 27 Jan 2026 22:43:36 GMT","Editor":"cjg4522_trecs"}},{"type":"Feature","id":26,"geometry":{"type":"Point","coordinates":[-97.7386031153162,30.2866581568333]},"properties":{"Finding_Number":109,"Section":"Stairs","Area_Description":"PAI","As_Built":null,"Finding":"Stairways must have handrails on both sides.\r\n\r\nHandrails and their extensions must be between 34 inches and 38 inches above the stair nosing or ground.\r\nThe top handrails shall extend a minimum of 12 inches beyond the top nosing and shall be parallel with the floor or ground surface. At the bottom of a stair flight, handrails shall extend at the slope of the stair flight for a horizontal distance at least equal to one tread depth beyond the last riser nosing. Extension shall return to a wall, guard, or the landing surface, or shall be continuous to the handrail of an adjacent stair flight.\r\n\r\nThe orientation of at least one handrail, including the extension, shall be in the direction of the run of the stair and perpendicular to the direction of the stair nosing. Handrail gripping surfaces with a circular cross section shall have an outside diameter of 1-1/4 inches minimum and 2 inches maximum. Handrail gripping surfaces with a non-circular cross section shall have a perimeter dimension of 4 inches minimum and 6 1/4 inches maximum, and a cross-section dimension of 2-1/4 inches maximum. The hand grip portion of handrails shall have a smooth surface with no sharp corners. Gripping surfaces (top or sides) shall be uninterrupted by newel posts, other construction elements or obstructions. Any wall or other surface adjacent to the handrail shall be free of sharp or abrasive elements. Handrails projecting from a wall shall have a space of 1-1/2 inches  minimum between the wall and the handrail.","Latitude":30.28643,"Longitude":-97.73862,"Photo_1":"https://access.bluedag.com/clientdata/090884C4-08CE-44BA-8783-0F91BAD9C316/photos/complaints/hi-res/UZSt7WshNT5Rza1JgrFLCxDi1756997346.jpg","Photo_2":null,"FID":26,"ObjectId":26,"GlobalID":"abfe10ca-b280-4c1b-9fa3-1ebd1773b0b7","CreationDate":"Tue, 18 Nov 2025 19:57:58 GMT","Creator":"TRECS_PUB","EditDate":"Tue, 27 Jan 2026 22:42:16 GMT","Editor":"cjg4522_trecs"}},{"type":"Feature","id":27,"geometry":{"type":"Point","coordinates":[-97.7388214470284,30.2867419412089]},"properties":{"Finding_Number":110,"Section":"Stairs","Area_Description":"PAI","As_Built":null,"Finding":"Stairways must have handrails on both sides.\r\n\r\nHandrails and their extensions must be between 34 inches and 38 inches above the stair nosing or ground.\r\nThe top handrails shall extend a minimum of 12 inches beyond the top nosing and shall be parallel with the floor or ground surface. At the bottom of a stair flight, handrails shall extend at the slope of the stair flight for a horizontal distance at least equal to one tread depth beyond the last riser nosing. Extension shall return to a wall, guard, or the landing surface, or shall be continuous to the handrail of an adjacent stair flight.\r\n\r\nThe orientation of at least one handrail, including the extension, shall be in the direction of the run of the stair and perpendicular to the direction of the stair nosing. Handrail gripping surfaces with a circular cross section shall have an outside diameter of 1-1/4 inches minimum and 2 inches maximum. Handrail gripping surfaces with a non-circular cross section shall have a perimeter dimension of 4 inches minimum and 6 1/4 inches maximum, and a cross-section dimension of 2-1/4 inches maximum. The hand grip portion of handrails shall have a smooth surface with no sharp corners. Gripping surfaces (top or sides) shall be uninterrupted by newel posts, other construction elements or obstructions. Any wall or other surface adjacent to the handrail shall be free of sharp or abrasive elements. Handrails projecting from a wall shall have a space of 1-1/2 inches  minimum between the wall and the handrail.","Latitude":30.28662,"Longitude":-97.7389,"Photo_1":"https://access.bluedag.com/clientdata/090884C4-08CE-44BA-8783-0F91BAD9C316/photos/complaints/hi-res/HZYviPp4mK3fqrOjXUEBaGuV1756997346.jpg","Photo_2":null,"FID":27,"ObjectId":27,"GlobalID":"82567a7b-a095-4914-9f5a-c27bc5dd35fb","CreationDate":"Tue, 18 Nov 2025 19:57:58 GMT","Creator":"TRECS_PUB","EditDate":"Tue, 27 Jan 2026 22:42:28 GMT","Editor":"cjg4522_trecs"}},{"type":"Feature","id":28,"geometry":{"type":"Point","coordinates":[-97.7389120609812,30.2870497872097]},"properties":{"Finding_Number":111,"Section":"Stairs","Area_Description":"PAI","As_Built":null,"Finding":"Stairways must have handrails on both sides.\r\n\r\nHandrails and their extensions must be between 34 inches and 38 inches above the stair nosing or ground.\r\nThe top handrails shall extend a minimum of 12 inches beyond the top nosing and shall be parallel with the floor or ground surface. At the bottom of a stair flight, handrails shall extend at the slope of the stair flight for a horizontal distance at least equal to one tread depth beyond the last riser nosing. Extension shall return to a wall, guard, or the landing surface, or shall be continuous to the handrail of an adjacent stair flight.\r\n\r\nThe orientation of at least one handrail, including the extension, shall be in the direction of the run of the stair and perpendicular to the direction of the stair nosing. Handrail gripping surfaces with a circular cross section shall have an outside diameter of 1-1/4 inches minimum and 2 inches maximum. Handrail gripping surfaces with a non-circular cross section shall have a perimeter dimension of 4 inches minimum and 6 1/4 inches maximum, and a cross-section dimension of 2-1/4 inches maximum. The hand grip portion of handrails shall have a smooth surface with no sharp corners. Gripping surfaces (top or sides) shall be uninterrupted by newel posts, other construction elements or obstructions. Any wall or other surface adjacent to the handrail shall be free of sharp or abrasive elements. Handrails projecting from a wall shall have a space of 1-1/2 inches  minimum between the wall and the handrail.","Latitude":30.28705,"Longitude":-97.73892,"Photo_1":"https://access.bluedag.com/clientdata/090884C4-08CE-44BA-8783-0F91BAD9C316/photos/complaints/hi-res/pmsXEdKf1ReqVCk6z5O4hMZc1756997347.jpg","Photo_2":null,"FID":28,"ObjectId":28,"GlobalID":"3ff31238-d45c-46ed-a81e-ff6252c391e1","CreationDate":"Tue, 18 Nov 2025 19:57:58 GMT","Creator":"TRECS_PUB","EditDate":"Tue, 27 Jan 2026 22:42:52 GMT","Editor":"cjg4522_trecs"}},{"type":"Feature","id":29,"geometry":{"type":"Point","coordinates":[-97.7382971945758,30.2870785857125]},"properties":{"Finding_Number":112,"Section":"Stairs","Area_Description":"WEL","As_Built":null,"Finding":"Stairways must have handrails on both sides.\r\n\r\nHandrails and their extensions must be between 34 inches and 38 inches above the stair nosing or ground.\r\nThe top handrails shall extend a minimum of 12 inches beyond the top nosing and shall be parallel with the floor or ground surface. At the bottom of a stair flight, handrails shall extend at the slope of the stair flight for a horizontal distance at least equal to one tread depth beyond the last riser nosing. Extension shall return to a wall, guard, or the landing surface, or shall be continuous to the handrail of an adjacent stair flight.\r\n\r\nThe orientation of at least one handrail, including the extension, shall be in the direction of the run of the stair and perpendicular to the direction of the stair nosing. Handrail gripping surfaces with a circular cross section shall have an outside diameter of 1-1/4 inches minimum and 2 inches maximum. Handrail gripping surfaces with a non-circular cross section shall have a perimeter dimension of 4 inches minimum and 6 1/4 inches maximum, and a cross-section dimension of 2-1/4 inches maximum. The hand grip portion of handrails shall have a smooth surface with no sharp corners. Gripping surfaces (top or sides) shall be uninterrupted by newel posts, other construction elements or obstructions. Any wall or other surface adjacent to the handrail shall be free of sharp or abrasive elements. Handrails projecting from a wall shall have a space of 1-1/2 inches  minimum between the wall and the handrail.","Latitude":30.28704,"Longitude":-97.73836,"Photo_1":"https://access.bluedag.com/clientdata/090884C4-08CE-44BA-8783-0F91BAD9C316/photos/complaints/hi-res/BZUgrjS6ve7HG0zF5NndlEt11756997345.jpg","Photo_2":null,"FID":29,"ObjectId":29,"GlobalID":"faca76df-c99f-4901-b023-4339b5e88b34","CreationDate":"Tue, 18 Nov 2025 19:57:58 GMT","Creator":"TRECS_PUB","EditDate":"Tue, 27 Jan 2026 22:43:22 GMT","Editor":"cjg4522_trecs"}},{"type":"Feature","id":30,"geometry":{"type":"Point","coordinates":[-97.7408142089844,30.2867736816406]},"properties":{"Finding_Number":113,"Section":"Stairs","Area_Description":"HMA","As_Built":null,"Finding":"The handrail does not have a compliant extension at the bottom of the stair flight.\r\n\r\nAt the bottom of a stair flight, handrails shall extend at the slope of the stair flight for a horizontal distance at least equal to one tread depth beyond the last riser nosing. Extension shall return to a wall, guard, or the landing surface, or shall be continuous to the handrail of an adjacent stair flight.","Latitude":30.28677,"Longitude":-97.74081,"Photo_1":"https://access.bluedag.com/clientdata/090884C4-08CE-44BA-8783-0F91BAD9C316/photos/complaints/hi-res/fDhRYAKOwX3VQjGc09Tdq8pu1756997347.jpg","Photo_2":null,"FID":30,"ObjectId":30,"GlobalID":"ba66ac36-a5d7-4185-8312-2071103e528a","CreationDate":"Tue, 18 Nov 2025 19:57:58 GMT","Creator":"TRECS_PUB","EditDate":"Tue, 18 Nov 2025 19:57:58 GMT","Editor":"TRECS_PUB"}},{"type":"Feature","id":31,"geometry":{"type":"Point","coordinates":[-97.740489154611,30.2867472510571]},"properties":{"Finding_Number":114,"Section":"Stairs","Area_Description":"HMA","As_Built":null,"Finding":"The cross section for the stair handrail exceeds 2 1/4 inches.\r\n\r\nHandrail gripping surfaces with a non-circular cross section shall have a perimeter dimension of 4 inches minimum and 6 1/4  inches maximum, and a cross-section dimension of 2 1/4 inches maximum.","Latitude":30.28676,"Longitude":-97.74046,"Photo_1":"https://access.bluedag.com/clientdata/090884C4-08CE-44BA-8783-0F91BAD9C316/photos/complaints/hi-res/7JU6Z240ePriVMA9xcLXE1oR1756997348.jpg","Photo_2":null,"FID":31,"ObjectId":31,"GlobalID":"4d41e8f9-c9b3-40de-b21e-f553f20b1d67","CreationDate":"Tue, 18 Nov 2025 19:57:58 GMT","Creator":"TRECS_PUB","EditDate":"Tue, 27 Jan 2026 22:37:04 GMT","Editor":"cjg4522_trecs"}},{"type":"Feature","id":32,"geometry":{"type":"Point","coordinates":[-97.7410038415618,30.2872945949662]},"properties":{"Finding_Number":115,"Section":"Stairs","Area_Description":"Union Building","As_Built":"Missing bottom extensions and wrong sizing","Finding":"The stairway handrails are not nearly compliant. The handrails have the following issues:\r\n\r\n- Installed at the incorrect height \r\n- The bottom handrail extensions are missing or extend incorrectly\r\n- The top handrail extensions are missing or extend incorrectly\r\n- The handrail gripping surface is not the correct size\r\n- The handrail is not located with the correct spacing from the wall or adjacent surface\r\n- The handrails are obstructed.\r\n\r\nHandrails and their extensions must be between 34 inches and 38 inches above the stair nosing or ground.\r\n\r\nThe top handrails shall extend a minimum of 12 inches beyond the top nosing and shall be parallel with the floor or ground surface. At the bottom of a stair flight, handrails shall extend at the slope of the stair flight for a horizontal distance at least equal to one tread depth beyond the last riser nosing. Extension shall return to a wall, guard, or the landing surface, or shall be continuous to the handrail of an adjacent stair flight.\r\n\r\nThe orientation of at least one handrail, including the extension, shall be in the direction of the run of the stair and perpendicular to the direction of the stair nosing. Handrail gripping surfaces with a circular cross section shall have an outside diameter of 1-1/4 inches minimum and 2 inches maximum. Handrail gripping surfaces with a non-circular cross section shall have a perimeter dimension of 4 inches minimum and 6 1/4 inches maximum, and a cross-section dimension of 2-1/4 inches maximum. The hand grip portion of handrails shall have a smooth surface with no sharp corners. Gripping surfaces (top or sides) shall be uninterrupted by newel posts, other construction elements or obstructions. Any wall or other surface adjacent to the handrail shall be free of sharp or abrasive elements. Handrails projecting from a wall shall have a space of 1-1/2 inches  minimum between the wall and the handrail.","Latitude":30.28715,"Longitude":-97.74095,"Photo_1":"https://access.bluedag.com/clientdata/090884C4-08CE-44BA-8783-0F91BAD9C316/photos/complaints/hi-res/4C2ndx0jQOzkqNUcW7fIMFSG1756997348.jpg","Photo_2":null,"FID":32,"ObjectId":32,"GlobalID":"c99449ca-df1b-4f47-847f-3901a1f9873c","CreationDate":"Tue, 18 Nov 2025 19:57:58 GMT","Creator":"TRECS_PUB","EditDate":"Tue, 27 Jan 2026 23:04:09 GMT","Editor":"cjg4522_trecs"}},{"type":"Feature","id":33,"geometry":{"type":"Point","coordinates":[-97.7412182090922,30.2873111863067]},"properties":{"Finding_Number":116,"Section":"Stairs","Area_Description":"Union Building","As_Built":"Missing bottom extensions and wrong sizing","Finding":"The stairway handrails are not nearly compliant. The handrails have the following issues:\r\n\r\n- Installed at the incorrect height \r\n- The bottom handrail extensions are missing or extend incorrectly\r\n- The top handrail extensions are missing or extend incorrectly\r\n- The handrail gripping surface is not the correct size\r\n- The handrail is not located with the correct spacing from the wall or adjacent surface\r\n- The handrails are obstructed.\r\n\r\nHandrails and their extensions must be between 34 inches and 38 inches above the stair nosing or ground.\r\n\r\nThe top handrails shall extend a minimum of 12 inches beyond the top nosing and shall be parallel with the floor or ground surface. At the bottom of a stair flight, handrails shall extend at the slope of the stair flight for a horizontal distance at least equal to one tread depth beyond the last riser nosing. Extension shall return to a wall, guard, or the landing surface, or shall be continuous to the handrail of an adjacent stair flight.\r\n\r\nThe orientation of at least one handrail, including the extension, shall be in the direction of the run of the stair and perpendicular to the direction of the stair nosing. Handrail gripping surfaces with a circular cross section shall have an outside diameter of 1-1/4 inches minimum and 2 inches maximum. Handrail gripping surfaces with a non-circular cross section shall have a perimeter dimension of 4 inches minimum and 6 1/4 inches maximum, and a cross-section dimension of 2-1/4 inches maximum. The hand grip portion of handrails shall have a smooth surface with no sharp corners. Gripping surfaces (top or sides) shall be uninterrupted by newel posts, other construction elements or obstructions. Any wall or other surface adjacent to the handrail shall be free of sharp or abrasive elements. Handrails projecting from a wall shall have a space of 1-1/2 inches  minimum between the wall and the handrail.","Latitude":30.28694,"Longitude":-97.74216,"Photo_1":"https://access.bluedag.com/clientdata/090884C4-08CE-44BA-8783-0F91BAD9C316/photos/complaints/hi-res/H9d8zeEI6mFPBuCkXfNvAcU31756997348.jpg","Photo_2":null,"FID":33,"ObjectId":33,"GlobalID":"4f496629-cdaf-4ef1-bdf8-d5050aaf30ed","CreationDate":"Tue, 18 Nov 2025 19:57:58 GMT","Creator":"TRECS_PUB","EditDate":"Tue, 27 Jan 2026 23:04:49 GMT","Editor":"cjg4522_trecs"}},{"type":"Feature","id":34,"geometry":{"type":"Point","coordinates":[-97.7414801120764,30.2862119684972]},"properties":{"Finding_Number":117,"Section":"Stairs","Area_Description":"Union Building","As_Built":null,"Finding":"Stairways must have handrails on both sides.\r\n\r\nHandrails and their extensions must be between 34 inches and 38 inches above the stair nosing or ground.\r\nThe top handrails shall extend a minimum of 12 inches beyond the top nosing and shall be parallel with the floor or ground surface. At the bottom of a stair flight, handrails shall extend at the slope of the stair flight for a horizontal distance at least equal to one tread depth beyond the last riser nosing. Extension shall return to a wall, guard, or the landing surface, or shall be continuous to the handrail of an adjacent stair flight.\r\n\r\nThe orientation of at least one handrail, including the extension, shall be in the direction of the run of the stair and perpendicular to the direction of the stair nosing. Handrail gripping surfaces with a circular cross section shall have an outside diameter of 1-1/4 inches minimum and 2 inches maximum. Handrail gripping surfaces with a non-circular cross section shall have a perimeter dimension of 4 inches minimum and 6 1/4 inches maximum, and a cross-section dimension of 2-1/4 inches maximum. The hand grip portion of handrails shall have a smooth surface with no sharp corners. Gripping surfaces (top or sides) shall be uninterrupted by newel posts, other construction elements or obstructions. Any wall or other surface adjacent to the handrail shall be free of sharp or abrasive elements. Handrails projecting from a wall shall have a space of 1-1/2 inches  minimum between the wall and the handrail.","Latitude":30.28616,"Longitude":-97.74168,"Photo_1":"https://access.bluedag.com/clientdata/090884C4-08CE-44BA-8783-0F91BAD9C316/photos/complaints/hi-res/Hwhkry5C9zfGeFDgYsv8IxBa1756997349.jpg","Photo_2":null,"FID":34,"ObjectId":34,"GlobalID":"af682253-3e07-4778-9886-b1d46f75a58c","CreationDate":"Tue, 18 Nov 2025 19:57:58 GMT","Creator":"TRECS_PUB","EditDate":"Tue, 27 Jan 2026 22:33:59 GMT","Editor":"cjg4522_trecs"}},{"type":"Feature","id":35,"geometry":{"type":"Point","coordinates":[-97.7413763701528,30.2862715033432]},"properties":{"Finding_Number":118,"Section":"Stairs","Area_Description":"Union Building","As_Built":null,"Finding":"The stairway handrails are not nearly compliant. The handrails have the following issues:\r\n\r\n- Installed at the incorrect height \r\n- The bottom handrail extensions are missing or extend incorrectly\r\n- The top handrail extensions are missing or extend incorrectly\r\n- The handrail gripping surface is not the correct size\r\n- The handrail is not located with the correct spacing from the wall or adjacent surface\r\n- The handrails are obstructed.\r\n\r\nHandrails and their extensions must be between 34 inches and 38 inches above the stair nosing or ground.\r\n\r\nThe top handrails shall extend a minimum of 12 inches beyond the top nosing and shall be parallel with the floor or ground surface. At the bottom of a stair flight, handrails shall extend at the slope of the stair flight for a horizontal distance at least equal to one tread depth beyond the last riser nosing. Extension shall return to a wall, guard, or the landing surface, or shall be continuous to the handrail of an adjacent stair flight.\r\n\r\nThe orientation of at least one handrail, including the extension, shall be in the direction of the run of the stair and perpendicular to the direction of the stair nosing. Handrail gripping surfaces with a circular cross section shall have an outside diameter of 1-1/4 inches minimum and 2 inches maximum. Handrail gripping surfaces with a non-circular cross section shall have a perimeter dimension of 4 inches minimum and 6 1/4 inches maximum, and a cross-section dimension of 2-1/4 inches maximum. The hand grip portion of handrails shall have a smooth surface with no sharp corners. Gripping surfaces (top or sides) shall be uninterrupted by newel posts, other construction elements or obstructions. Any wall or other surface adjacent to the handrail shall be free of sharp or abrasive elements. Handrails projecting from a wall shall have a space of 1-1/2 inches  minimum between the wall and the handrail.","Latitude":30.28629,"Longitude":-97.74179,"Photo_1":"https://access.bluedag.com/clientdata/090884C4-08CE-44BA-8783-0F91BAD9C316/photos/complaints/hi-res/3nNEtpI6UChM1RDmGvK4x2QS1756997349.jpg","Photo_2":null,"FID":35,"ObjectId":35,"GlobalID":"ece0bc59-034d-40c0-8fca-b4d49437543f","CreationDate":"Tue, 18 Nov 2025 19:57:58 GMT","Creator":"TRECS_PUB","EditDate":"Tue, 27 Jan 2026 22:34:28 GMT","Editor":"cjg4522_trecs"}},{"type":"Feature","id":36,"geometry":{"type":"Point","coordinates":[-97.7414810360726,30.2858725989316]},"properties":{"Finding_Number":119,"Section":"Stairs","Area_Description":"Union Building","As_Built":null,"Finding":"The stairway handrails are not nearly compliant. The handrails have the following issues:\r\n\r\n- Installed at the incorrect height \r\n- The bottom handrail extensions are missing or extend incorrectly\r\n- The top handrail extensions are missing or extend incorrectly\r\n- The handrail gripping surface is not the correct size\r\n- The handrail is not located with the correct spacing from the wall or adjacent surface\r\n- The handrails are obstructed.\r\n\r\nHandrails and their extensions must be between 34 inches and 38 inches above the stair nosing or ground.\r\n\r\nThe top handrails shall extend a minimum of 12 inches beyond the top nosing and shall be parallel with the floor or ground surface. At the bottom of a stair flight, handrails shall extend at the slope of the stair flight for a horizontal distance at least equal to one tread depth beyond the last riser nosing. Extension shall return to a wall, guard, or the landing surface, or shall be continuous to the handrail of an adjacent stair flight.\r\n\r\nThe orientation of at least one handrail, including the extension, shall be in the direction of the run of the stair and perpendicular to the direction of the stair nosing. Handrail gripping surfaces with a circular cross section shall have an outside diameter of 1-1/4 inches minimum and 2 inches maximum. Handrail gripping surfaces with a non-circular cross section shall have a perimeter dimension of 4 inches minimum and 6 1/4 inches maximum, and a cross-section dimension of 2-1/4 inches maximum. The hand grip portion of handrails shall have a smooth surface with no sharp corners. Gripping surfaces (top or sides) shall be uninterrupted by newel posts, other construction elements or obstructions. Any wall or other surface adjacent to the handrail shall be free of sharp or abrasive elements. Handrails projecting from a wall shall have a space of 1-1/2 inches  minimum between the wall and the handrail.","Latitude":30.28578,"Longitude":-97.74135,"Photo_1":"https://access.bluedag.com/clientdata/090884C4-08CE-44BA-8783-0F91BAD9C316/photos/complaints/hi-res/nvtblsrGA13SfD8Q67Rj0guU1756997349.jpg","Photo_2":null,"FID":36,"ObjectId":36,"GlobalID":"eddcaa16-05b5-448f-a7a0-64fef6c113b1","CreationDate":"Tue, 18 Nov 2025 19:57:58 GMT","Creator":"TRECS_PUB","EditDate":"Tue, 27 Jan 2026 22:33:07 GMT","Editor":"cjg4522_trecs"}},{"type":"Feature","id":37,"geometry":{"type":"Point","coordinates":[-97.7413412632512,30.2859939218747]},"properties":{"Finding_Number":120,"Section":"Stairs","Area_Description":"Union Building","As_Built":null,"Finding":"The stairway handrails are not nearly compliant. The handrails have the following issues:\r\n\r\n- Installed at the incorrect height \r\n- The bottom handrail extensions are missing or extend incorrectly\r\n- The top handrail extensions are missing or extend incorrectly\r\n- The handrail gripping surface is not the correct size\r\n- The handrail is not located with the correct spacing from the wall or adjacent surface\r\n- The handrails are obstructed.\r\n\r\nHandrails and their extensions must be between 34 inches and 38 inches above the stair nosing or ground.\r\n\r\nThe top handrails shall extend a minimum of 12 inches beyond the top nosing and shall be parallel with the floor or ground surface. At the bottom of a stair flight, handrails shall extend at the slope of the stair flight for a horizontal distance at least equal to one tread depth beyond the last riser nosing. Extension shall return to a wall, guard, or the landing surface, or shall be continuous to the handrail of an adjacent stair flight.\r\n\r\nThe orientation of at least one handrail, including the extension, shall be in the direction of the run of the stair and perpendicular to the direction of the stair nosing. Handrail gripping surfaces with a circular cross section shall have an outside diameter of 1-1/4 inches minimum and 2 inches maximum. Handrail gripping surfaces with a non-circular cross section shall have a perimeter dimension of 4 inches minimum and 6 1/4 inches maximum, and a cross-section dimension of 2-1/4 inches maximum. The hand grip portion of handrails shall have a smooth surface with no sharp corners. Gripping surfaces (top or sides) shall be uninterrupted by newel posts, other construction elements or obstructions. Any wall or other surface adjacent to the handrail shall be free of sharp or abrasive elements. Handrails projecting from a wall shall have a space of 1-1/2 inches  minimum between the wall and the handrail.","Latitude":30.28584,"Longitude":-97.74116,"Photo_1":"https://access.bluedag.com/clientdata/090884C4-08CE-44BA-8783-0F91BAD9C316/photos/complaints/hi-res/5J4n9wWiL08AEbr3kNQpBHcG1756997350.jpg","Photo_2":null,"FID":37,"ObjectId":37,"GlobalID":"9c018980-60c7-41f5-8db7-c257b263af92","CreationDate":"Tue, 18 Nov 2025 19:57:58 GMT","Creator":"TRECS_PUB","EditDate":"Tue, 27 Jan 2026 22:33:38 GMT","Editor":"cjg4522_trecs"}},{"type":"Feature","id":38,"geometry":{"type":"Point","coordinates":[-97.741200447278,30.2860031864265]},"properties":{"Finding_Number":121,"Section":"Stairs","Area_Description":"Union Building","As_Built":null,"Finding":"The stairway handrails are not nearly compliant. The handrails have the following issues:\r\n\r\n- Installed at the incorrect height \r\n- The bottom handrail extensions are missing or extend incorrectly\r\n- The top handrail extensions are missing or extend incorrectly\r\n- The handrail gripping surface is not the correct size\r\n- The handrail is not located with the correct spacing from the wall or adjacent surface\r\n- The handrails are obstructed.\r\n\r\nHandrails and their extensions must be between 34 inches and 38 inches above the stair nosing or ground.\r\n\r\nThe top handrails shall extend a minimum of 12 inches beyond the top nosing and shall be parallel with the floor or ground surface. At the bottom of a stair flight, handrails shall extend at the slope of the stair flight for a horizontal distance at least equal to one tread depth beyond the last riser nosing. Extension shall return to a wall, guard, or the landing surface, or shall be continuous to the handrail of an adjacent stair flight.\r\n\r\nThe orientation of at least one handrail, including the extension, shall be in the direction of the run of the stair and perpendicular to the direction of the stair nosing. Handrail gripping surfaces with a circular cross section shall have an outside diameter of 1-1/4 inches minimum and 2 inches maximum. Handrail gripping surfaces with a non-circular cross section shall have a perimeter dimension of 4 inches minimum and 6 1/4 inches maximum, and a cross-section dimension of 2-1/4 inches maximum. The hand grip portion of handrails shall have a smooth surface with no sharp corners. Gripping surfaces (top or sides) shall be uninterrupted by newel posts, other construction elements or obstructions. Any wall or other surface adjacent to the handrail shall be free of sharp or abrasive elements. Handrails projecting from a wall shall have a space of 1-1/2 inches  minimum between the wall and the handrail.","Latitude":30.28584,"Longitude":-97.74116,"Photo_1":"https://access.bluedag.com/clientdata/090884C4-08CE-44BA-8783-0F91BAD9C316/photos/complaints/hi-res/unORmL7EvTP6MrlHxXJesgtK1756997350.jpg","Photo_2":null,"FID":38,"ObjectId":38,"GlobalID":"af56e9ba-55be-4d7f-ae93-8f1ebd1473a0","CreationDate":"Tue, 18 Nov 2025 19:57:58 GMT","Creator":"TRECS_PUB","EditDate":"Tue, 27 Jan 2026 22:33:22 GMT","Editor":"cjg4522_trecs"}},{"type":"Feature","id":39,"geometry":{"type":"Point","coordinates":[-97.7409654560365,30.2863211484132]},"properties":{"Finding_Number":122,"Section":"Stairs","Area_Description":"Union Building","As_Built":null,"Finding":"The stairway handrails are not nearly compliant. The handrails have the following issues:\r\n\r\n- Installed at the incorrect height \r\n- The bottom handrail extensions are missing or extend incorrectly\r\n- The top handrail extensions are missing or extend incorrectly\r\n- The handrail gripping surface is not the correct size\r\n- The handrail is not located with the correct spacing from the wall or adjacent surface\r\n- The handrails are obstructed.\r\n\r\nHandrails and their extensions must be between 34 inches and 38 inches above the stair nosing or ground.\r\n\r\nThe top handrails shall extend a minimum of 12 inches beyond the top nosing and shall be parallel with the floor or ground surface. At the bottom of a stair flight, handrails shall extend at the slope of the stair flight for a horizontal distance at least equal to one tread depth beyond the last riser nosing. Extension shall return to a wall, guard, or the landing surface, or shall be continuous to the handrail of an adjacent stair flight.\r\n\r\nThe orientation of at least one handrail, including the extension, shall be in the direction of the run of the stair and perpendicular to the direction of the stair nosing. Handrail gripping surfaces with a circular cross section shall have an outside diameter of 1-1/4 inches minimum and 2 inches maximum. Handrail gripping surfaces with a non-circular cross section shall have a perimeter dimension of 4 inches minimum and 6 1/4 inches maximum, and a cross-section dimension of 2-1/4 inches maximum. The hand grip portion of handrails shall have a smooth surface with no sharp corners. Gripping surfaces (top or sides) shall be uninterrupted by newel posts, other construction elements or obstructions. Any wall or other surface adjacent to the handrail shall be free of sharp or abrasive elements. Handrails projecting from a wall shall have a space of 1-1/2 inches  minimum between the wall and the handrail.","Latitude":30.28624,"Longitude":-97.74097,"Photo_1":"https://access.bluedag.com/clientdata/090884C4-08CE-44BA-8783-0F91BAD9C316/photos/complaints/hi-res/FVC6bwHN0qWe8gsmRtGESB2v1756997350.jpg","Photo_2":null,"FID":39,"ObjectId":39,"GlobalID":"eb35f23f-7bc8-4c7b-98f4-120f994419d2","CreationDate":"Tue, 18 Nov 2025 19:57:58 GMT","Creator":"TRECS_PUB","EditDate":"Tue, 27 Jan 2026 22:35:11 GMT","Editor":"cjg4522_trecs"}},{"type":"Feature","id":40,"geometry":{"type":"Point","coordinates":[-97.7409686305143,30.2866643629941]},"properties":{"Finding_Number":123,"Section":"Stairs","Area_Description":"Union Building","As_Built":null,"Finding":"The stairway handrails are not nearly compliant. The handrails have the following issues:\r\n\r\n- Installed at the incorrect height \r\n- The bottom handrail extensions are missing or extend incorrectly\r\n- The top handrail extensions are missing or extend incorrectly\r\n- The handrail gripping surface is not the correct size\r\n- The handrail is not located with the correct spacing from the wall or adjacent surface\r\n- The handrails are obstructed.\r\n\r\nHandrails and their extensions must be between 34 inches and 38 inches above the stair nosing or ground.\r\n\r\nThe top handrails shall extend a minimum of 12 inches beyond the top nosing and shall be parallel with the floor or ground surface. At the bottom of a stair flight, handrails shall extend at the slope of the stair flight for a horizontal distance at least equal to one tread depth beyond the last riser nosing. Extension shall return to a wall, guard, or the landing surface, or shall be continuous to the handrail of an adjacent stair flight.\r\n\r\nThe orientation of at least one handrail, including the extension, shall be in the direction of the run of the stair and perpendicular to the direction of the stair nosing. Handrail gripping surfaces with a circular cross section shall have an outside diameter of 1-1/4 inches minimum and 2 inches maximum. Handrail gripping surfaces with a non-circular cross section shall have a perimeter dimension of 4 inches minimum and 6 1/4 inches maximum, and a cross-section dimension of 2-1/4 inches maximum. The hand grip portion of handrails shall have a smooth surface with no sharp corners. Gripping surfaces (top or sides) shall be uninterrupted by newel posts, other construction elements or obstructions. Any wall or other surface adjacent to the handrail shall be free of sharp or abrasive elements. Handrails projecting from a wall shall have a space of 1-1/2 inches  minimum between the wall and the handrail.","Latitude":30.28617,"Longitude":-97.74092,"Photo_1":"https://access.bluedag.com/clientdata/090884C4-08CE-44BA-8783-0F91BAD9C316/photos/complaints/hi-res/cTPzE31CILjHahDUQmf9gKGN1756997351.jpg","Photo_2":null,"FID":40,"ObjectId":40,"GlobalID":"7e893744-ae3b-49c6-82e7-dd6d93368840","CreationDate":"Tue, 18 Nov 2025 19:57:58 GMT","Creator":"TRECS_PUB","EditDate":"Tue, 27 Jan 2026 22:36:52 GMT","Editor":"cjg4522_trecs"}},{"type":"Feature","id":41,"geometry":{"type":"Point","coordinates":[-97.7409721468074,30.2867222852329]},"properties":{"Finding_Number":124,"Section":"Stairs","Area_Description":"Union Building","As_Built":null,"Finding":"Stairways must have handrails on both sides.\r\n\r\nHandrails and their extensions must be between 34 inches and 38 inches above the stair nosing or ground.\r\nThe top handrails shall extend a minimum of 12 inches beyond the top nosing and shall be parallel with the floor or ground surface. At the bottom of a stair flight, handrails shall extend at the slope of the stair flight for a horizontal distance at least equal to one tread depth beyond the last riser nosing. Extension shall return to a wall, guard, or the landing surface, or shall be continuous to the handrail of an adjacent stair flight.\r\n\r\nThe orientation of at least one handrail, including the extension, shall be in the direction of the run of the stair and perpendicular to the direction of the stair nosing. Handrail gripping surfaces with a circular cross section shall have an outside diameter of 1-1/4 inches minimum and 2 inches maximum. Handrail gripping surfaces with a non-circular cross section shall have a perimeter dimension of 4 inches minimum and 6 1/4 inches maximum, and a cross-section dimension of 2-1/4 inches maximum. The hand grip portion of handrails shall have a smooth surface with no sharp corners. Gripping surfaces (top or sides) shall be uninterrupted by newel posts, other construction elements or obstructions. Any wall or other surface adjacent to the handrail shall be free of sharp or abrasive elements. Handrails projecting from a wall shall have a space of 1-1/2 inches  minimum between the wall and the handrail.","Latitude":30.28673,"Longitude":-97.74056,"Photo_1":"https://access.bluedag.com/clientdata/090884C4-08CE-44BA-8783-0F91BAD9C316/photos/complaints/hi-res/dhw3p8lbq5WCs9TGK47meoEN1756997351.jpg","Photo_2":null,"FID":41,"ObjectId":41,"GlobalID":"842de079-3843-4ce7-bcc2-6b22c8a39141","CreationDate":"Tue, 18 Nov 2025 19:57:58 GMT","Creator":"TRECS_PUB","EditDate":"Tue, 27 Jan 2026 22:36:44 GMT","Editor":"cjg4522_trecs"}},{"type":"Feature","id":42,"geometry":{"type":"Point","coordinates":[-97.7376845922457,30.2877980647127]},"properties":{"Finding_Number":125,"Section":"Stairs","Area_Description":"NHB","As_Built":null,"Finding":"The handrail does not have the required handrail extensions at the top or bottom of the stair flight. \r\n\r\nAt the top of a stair flight, handrails shall extend horizontally above the landing for 12 inches minimum beginning directly above the first riser nosing. Extensions shall return to a wall, guard, or the landing surface, or shall be continuous to the handrail of an adjacent stair flight.\r\n\r\nAt the bottom of a stair flight, handrails shall extend at the slope of the stair flight for a horizontal distance at least equal to one tread depth beyond the last riser nosing. Extension shall return to a wall, guard, or the landing surface, or shall be continuous to the handrail of an adjacent stair flight.","Latitude":30.28772,"Longitude":-97.737799999999993,"Photo_1":"https://access.bluedag.com/clientdata/090884C4-08CE-44BA-8783-0F91BAD9C316/photos/complaints/hi-res/YAtCeFfXJs8V5K1LzHSnc3Il1756997335.jpg","Photo_2":null,"FID":42,"ObjectId":42,"GlobalID":"fef176cb-cf46-4832-9f39-bddf9513e4fd","CreationDate":"Tue, 18 Nov 2025 19:57:58 GMT","Creator":"TRECS_PUB","EditDate":"Tue, 27 Jan 2026 22:44:45 GMT","Editor":"cjg4522_trecs"}},{"type":"Feature","id":43,"geometry":{"type":"Point","coordinates":[-97.7377285953775,30.2879291254386]},"properties":{"Finding_Number":126,"Section":"Stairs","Area_Description":"NHB","As_Built":"Direction","Finding":"The handrail does not extend for the correct distance and/or direction at the bottom of the stairway. \r\n\r\nAt the bottom of a stair flight, handrails shall extend at the slope of the stair flight for a horizontal distance at least equal to one tread depth beyond the last riser nosing. Extensions shall return to a wall, guard, or the landing surface, or shall be continuous to the handrail of an adjacent stair flight.","Latitude":30.28803,"Longitude":-97.73779,"Photo_1":"https://access.bluedag.com/clientdata/090884C4-08CE-44BA-8783-0F91BAD9C316/photos/complaints/hi-res/xUoEsyYnhJRztZ17WNVDlguG1756997335.jpg","Photo_2":null,"FID":43,"ObjectId":43,"GlobalID":"4727d90f-bcb3-45a2-98fe-f41fcfe90b74","CreationDate":"Tue, 18 Nov 2025 19:57:58 GMT","Creator":"TRECS_PUB","EditDate":"Tue, 27 Jan 2026 22:47:51 GMT","Editor":"cjg4522_trecs"}},{"type":"Feature","id":44,"geometry":{"type":"Point","coordinates":[-97.7380187805849,30.2879761962796]},"properties":{"Finding_Number":127,"Section":"Stairs","Area_Description":"NHB","As_Built":null,"Finding":"The handrail does not extend for the correct distance and/or direction at the bottom of the stairway. \r\n\r\nAt the bottom of a stair flight, handrails shall extend at the slope of the stair flight for a horizontal distance at least equal to one tread depth beyond the last riser nosing. Extensions shall return to a wall, guard, or the landing surface, or shall be continuous to the handrail of an adjacent stair flight.","Latitude":30.28806,"Longitude":-97.73781,"Photo_1":"https://access.bluedag.com/clientdata/090884C4-08CE-44BA-8783-0F91BAD9C316/photos/complaints/hi-res/DoGJlwAWdKYFOSUkPCB0NLc71756997336.jpg","Photo_2":null,"FID":44,"ObjectId":44,"GlobalID":"b58b654b-2b0d-4f1e-9cdd-22971442bccc","CreationDate":"Tue, 18 Nov 2025 19:57:58 GMT","Creator":"TRECS_PUB","EditDate":"Tue, 27 Jan 2026 22:48:12 GMT","Editor":"cjg4522_trecs"}},{"type":"Feature","id":45,"geometry":{"type":"Point","coordinates":[-97.7380816634569,30.288135597018]},"properties":{"Finding_Number":128,"Section":"Stairs","Area_Description":"NHB","As_Built":null,"Finding":"Stairways must have handrails on both sides.\r\n\r\nHandrails and their extensions must be between 34 inches and 38 inches above the stair nosing or ground.\r\nThe top handrails shall extend a minimum of 12 inches beyond the top nosing and shall be parallel with the floor or ground surface. At the bottom of a stair flight, handrails shall extend at the slope of the stair flight for a horizontal distance at least equal to one tread depth beyond the last riser nosing. Extension shall return to a wall, guard, or the landing surface, or shall be continuous to the handrail of an adjacent stair flight.\r\n\r\nThe orientation of at least one handrail, including the extension, shall be in the direction of the run of the stair and perpendicular to the direction of the stair nosing. Handrail gripping surfaces with a circular cross section shall have an outside diameter of 1-1/4 inches minimum and 2 inches maximum. Handrail gripping surfaces with a non-circular cross section shall have a perimeter dimension of 4 inches minimum and 6 1/4 inches maximum, and a cross-section dimension of 2-1/4 inches maximum. The hand grip portion of handrails shall have a smooth surface with no sharp corners. Gripping surfaces (top or sides) shall be uninterrupted by newel posts, other construction elements or obstructions. Any wall or other surface adjacent to the handrail shall be free of sharp or abrasive elements. Handrails projecting from a wall shall have a space of 1-1/2 inches  minimum between the wall and the handrail.","Latitude":30.28806,"Longitude":-97.73788,"Photo_1":"https://access.bluedag.com/clientdata/090884C4-08CE-44BA-8783-0F91BAD9C316/photos/complaints/hi-res/03dclTm6zOnwYhWgut9JSkI81756997336.jpg","Photo_2":null,"FID":45,"ObjectId":45,"GlobalID":"ea125e51-d28d-4880-9fde-e6644729e398","CreationDate":"Tue, 18 Nov 2025 19:57:58 GMT","Creator":"TRECS_PUB","EditDate":"Tue, 27 Jan 2026 22:48:31 GMT","Editor":"cjg4522_trecs"}},{"type":"Feature","id":46,"geometry":{"type":"Point","coordinates":[-97.7382548753908,30.2881668641946]},"properties":{"Finding_Number":129,"Section":"Stairs","Area_Description":"NHB","As_Built":null,"Finding":"Stairways must have handrails on both sides.\r\n\r\nHandrails and their extensions must be between 34 inches and 38 inches above the stair nosing or ground.\r\nThe top handrails shall extend a minimum of 12 inches beyond the top nosing and shall be parallel with the floor or ground surface. At the bottom of a stair flight, handrails shall extend at the slope of the stair flight for a horizontal distance at least equal to one tread depth beyond the last riser nosing. Extension shall return to a wall, guard, or the landing surface, or shall be continuous to the handrail of an adjacent stair flight.\r\n\r\nThe orientation of at least one handrail, including the extension, shall be in the direction of the run of the stair and perpendicular to the direction of the stair nosing. Handrail gripping surfaces with a circular cross section shall have an outside diameter of 1-1/4 inches minimum and 2 inches maximum. Handrail gripping surfaces with a non-circular cross section shall have a perimeter dimension of 4 inches minimum and 6 1/4 inches maximum, and a cross-section dimension of 2-1/4 inches maximum. The hand grip portion of handrails shall have a smooth surface with no sharp corners. Gripping surfaces (top or sides) shall be uninterrupted by newel posts, other construction elements or obstructions. Any wall or other surface adjacent to the handrail shall be free of sharp or abrasive elements. Handrails projecting from a wall shall have a space of 1-1/2 inches  minimum between the wall and the handrail.","Latitude":30.28813,"Longitude":-97.73805,"Photo_1":"https://access.bluedag.com/clientdata/090884C4-08CE-44BA-8783-0F91BAD9C316/photos/complaints/hi-res/ORxgFtAho83B0pnfizkL26Ze1756997336.jpg","Photo_2":null,"FID":46,"ObjectId":46,"GlobalID":"1678d5f0-b679-4770-870b-f0af65fd54cd","CreationDate":"Tue, 18 Nov 2025 19:57:58 GMT","Creator":"TRECS_PUB","EditDate":"Tue, 27 Jan 2026 22:49:32 GMT","Editor":"cjg4522_trecs"}},{"type":"Feature","id":47,"geometry":{"type":"Point","coordinates":[-97.7382503445451,30.2878137282426]},"properties":{"Finding_Number":130,"Section":"Stairs","Area_Description":"NHB","As_Built":null,"Finding":"Compliant Stairs","Latitude":30.28812,"Longitude":-97.73804,"Photo_1":"https://access.bluedag.com/clientdata/090884C4-08CE-44BA-8783-0F91BAD9C316/photos/complaints/hi-res/IJnHO5CVvxNoepSrFtu6KXDE1756997336.jpg","Photo_2":null,"FID":47,"ObjectId":47,"GlobalID":"19f48ba9-3a4b-43a6-9f42-95dae49ebeb1","CreationDate":"Tue, 18 Nov 2025 19:57:58 GMT","Creator":"TRECS_PUB","EditDate":"Tue, 27 Jan 2026 22:49:03 GMT","Editor":"cjg4522_trecs"}},{"type":"Feature","id":48,"geometry":{"type":"Point","coordinates":[-97.7382255796458,30.2886117567519]},"properties":{"Finding_Number":131,"Section":"Stairs","Area_Description":"BUR","As_Built":null,"Finding":"The handrail does not extend for the correct distance and/or direction at the bottom of the stairway. \r\n\r\nAt the bottom of a stair flight, handrails shall extend at the slope of the stair flight for a horizontal distance at least equal to one tread depth beyond the last riser nosing. Extensions shall return to a wall, guard, or the landing surface, or shall be continuous to the handrail of an adjacent stair flight.","Latitude":30.28808,"Longitude":-97.73822,"Photo_1":"https://access.bluedag.com/clientdata/090884C4-08CE-44BA-8783-0F91BAD9C316/photos/complaints/hi-res/8JvG7ns6MaETY2WtHryjdXPh1756997337.jpg","Photo_2":null,"FID":48,"ObjectId":48,"GlobalID":"dcf35ead-bf3b-487a-928f-f5d7e4681b9a","CreationDate":"Tue, 18 Nov 2025 19:57:58 GMT","Creator":"TRECS_PUB","EditDate":"Tue, 27 Jan 2026 22:50:23 GMT","Editor":"cjg4522_trecs"}},{"type":"Feature","id":49,"geometry":{"type":"Point","coordinates":[-97.738228112815,30.2887334147184]},"properties":{"Finding_Number":132,"Section":"Stairs","Area_Description":"BUR","As_Built":null,"Finding":"The handrail does not extend for the correct distance and/or direction at the bottom of the stairway. \r\n\r\nAt the bottom of a stair flight, handrails shall extend at the slope of the stair flight for a horizontal distance at least equal to one tread depth beyond the last riser nosing. Extensions shall return to a wall, guard, or the landing surface, or shall be continuous to the handrail of an adjacent stair flight.","Latitude":30.28866,"Longitude":-97.7383,"Photo_1":"https://access.bluedag.com/clientdata/090884C4-08CE-44BA-8783-0F91BAD9C316/photos/complaints/hi-res/da7oXBWfAIeZUsKvPlQ016SJ1756997337.jpg","Photo_2":null,"FID":49,"ObjectId":49,"GlobalID":"9e14b7e1-2780-41ae-b84c-7ab1d66ff4e6","CreationDate":"Tue, 18 Nov 2025 19:57:58 GMT","Creator":"TRECS_PUB","EditDate":"Tue, 27 Jan 2026 22:58:20 GMT","Editor":"cjg4522_trecs"}},{"type":"Feature","id":50,"geometry":{"type":"Point","coordinates":[-97.7385595146681,30.2881844397516]},"properties":{"Finding_Number":133,"Section":"Stairs","Area_Description":"PHR","As_Built":null,"Finding":"The handrail does not extend for the correct distance and/or direction at the bottom of the stairway. \r\n\r\nAt the bottom of a stair flight, handrails shall extend at the slope of the stair flight for a horizontal distance at least equal to one tread depth beyond the last riser nosing. Extensions shall return to a wall, guard, or the landing surface, or shall be continuous to the handrail of an adjacent stair flight.","Latitude":30.28808,"Longitude":-97.73822,"Photo_1":"https://access.bluedag.com/clientdata/090884C4-08CE-44BA-8783-0F91BAD9C316/photos/complaints/hi-res/mMs3zyOY5EnQ4kHbRGAUldN91756997336.jpg","Photo_2":null,"FID":50,"ObjectId":50,"GlobalID":"264f11b8-f135-4ec7-8a32-afab93629835","CreationDate":"Tue, 18 Nov 2025 19:57:58 GMT","Creator":"TRECS_PUB","EditDate":"Tue, 27 Jan 2026 22:50:04 GMT","Editor":"cjg4522_trecs"}},{"type":"Feature","id":51,"geometry":{"type":"Point","coordinates":[-97.7388527990659,30.2881871672045]},"properties":{"Finding_Number":134,"Section":"Stairs","Area_Description":"PHR","As_Built":null,"Finding":"Stairways must have handrails on both sides.\r\n\r\nHandrails and their extensions must be between 34 inches and 38 inches above the stair nosing or ground.\r\nThe top handrails shall extend a minimum of 12 inches beyond the top nosing and shall be parallel with the floor or ground surface. At the bottom of a stair flight, handrails shall extend at the slope of the stair flight for a horizontal distance at least equal to one tread depth beyond the last riser nosing. Extension shall return to a wall, guard, or the landing surface, or shall be continuous to the handrail of an adjacent stair flight.\r\n\r\nThe orientation of at least one handrail, including the extension, shall be in the direction of the run of the stair and perpendicular to the direction of the stair nosing. Handrail gripping surfaces with a circular cross section shall have an outside diameter of 1-1/4 inches minimum and 2 inches maximum. Handrail gripping surfaces with a non-circular cross section shall have a perimeter dimension of 4 inches minimum and 6 1/4 inches maximum, and a cross-section dimension of 2-1/4 inches maximum. The hand grip portion of handrails shall have a smooth surface with no sharp corners. Gripping surfaces (top or sides) shall be uninterrupted by newel posts, other construction elements or obstructions. Any wall or other surface adjacent to the handrail shall be free of sharp or abrasive elements. Handrails projecting from a wall shall have a space of 1-1/2 inches  minimum between the wall and the handrail.","Latitude":30.28779,"Longitude":-97.73891,"Photo_1":"https://access.bluedag.com/clientdata/090884C4-08CE-44BA-8783-0F91BAD9C316/photos/complaints/hi-res/lzTNPteGS67pv0OCu5HqJAKf1756997336.jpg","Photo_2":null,"FID":51,"ObjectId":51,"GlobalID":"01d5a876-ab8d-457c-a29f-e8abce3a3c24","CreationDate":"Tue, 18 Nov 2025 19:57:58 GMT","Creator":"TRECS_PUB","EditDate":"Tue, 27 Jan 2026 22:51:43 GMT","Editor":"cjg4522_trecs"}},{"type":"Feature","id":52,"geometry":{"type":"Point","coordinates":[-97.7388443948449,30.2885428837338]},"properties":{"Finding_Number":135,"Section":"Stairs","Area_Description":"PHR","As_Built":null,"Finding":"Stairways must have handrails on both sides.\r\n\r\nHandrails and their extensions must be between 34 inches and 38 inches above the stair nosing or ground.\r\nThe top handrails shall extend a minimum of 12 inches beyond the top nosing and shall be parallel with the floor or ground surface. At the bottom of a stair flight, handrails shall extend at the slope of the stair flight for a horizontal distance at least equal to one tread depth beyond the last riser nosing. Extension shall return to a wall, guard, or the landing surface, or shall be continuous to the handrail of an adjacent stair flight.\r\n\r\nThe orientation of at least one handrail, including the extension, shall be in the direction of the run of the stair and perpendicular to the direction of the stair nosing. Handrail gripping surfaces with a circular cross section shall have an outside diameter of 1-1/4 inches minimum and 2 inches maximum. Handrail gripping surfaces with a non-circular cross section shall have a perimeter dimension of 4 inches minimum and 6 1/4 inches maximum, and a cross-section dimension of 2-1/4 inches maximum. The hand grip portion of handrails shall have a smooth surface with no sharp corners. Gripping surfaces (top or sides) shall be uninterrupted by newel posts, other construction elements or obstructions. Any wall or other surface adjacent to the handrail shall be free of sharp or abrasive elements. Handrails projecting from a wall shall have a space of 1-1/2 inches  minimum between the wall and the handrail.","Latitude":30.28858,"Longitude":-97.73882,"Photo_1":"https://access.bluedag.com/clientdata/090884C4-08CE-44BA-8783-0F91BAD9C316/photos/complaints/hi-res/8IzwFBbkceij2LSoHKAV1phP1756997337.jpg","Photo_2":null,"FID":52,"ObjectId":52,"GlobalID":"93bd5424-b790-4e06-b167-ce9aa9209f8f","CreationDate":"Tue, 18 Nov 2025 19:57:58 GMT","Creator":"TRECS_PUB","EditDate":"Tue, 27 Jan 2026 22:54:49 GMT","Editor":"cjg4522_trecs"}},{"type":"Feature","id":53,"geometry":{"type":"Point","coordinates":[-97.7377626796156,30.2911213964489]},"properties":{"Finding_Number":136,"Section":"Stairs","Area_Description":"ASE","As_Built":"Stairs","Finding":"Stairs","Latitude":30.2912,"Longitude":-97.73788,"Photo_1":"https://access.bluedag.com/clientdata/090884C4-08CE-44BA-8783-0F91BAD9C316/photos/complaints/hi-res/yom6wpWSiZH03v21NQETbzPC1757094276.jpg","Photo_2":null,"FID":53,"ObjectId":53,"GlobalID":"13b5fb5b-e38f-4393-a898-aa1596f68f3e","CreationDate":"Tue, 18 Nov 2025 19:57:58 GMT","Creator":"TRECS_PUB","EditDate":"Wed, 19 Nov 2025 23:42:56 GMT","Editor":"cjg4522_trecs"}},{"type":"Feature","id":54,"geometry":{"type":"Point","coordinates":[-97.7377687020203,30.2908733709861]},"properties":{"Finding_Number":137,"Section":"Stairs","Area_Description":"ASE","As_Built":"Stairs","Finding":"Stairs","Latitude":30.29083,"Longitude":-97.73775,"Photo_1":"https://access.bluedag.com/clientdata/090884C4-08CE-44BA-8783-0F91BAD9C316/photos/complaints/hi-res/xb3he96kyOplQAITus2DMaz71757094276.jpg","Photo_2":null,"FID":54,"ObjectId":54,"GlobalID":"d2b8b9bc-d601-4fac-ae3a-c4eb55dc7bf8","CreationDate":"Tue, 18 Nov 2025 19:57:58 GMT","Creator":"TRECS_PUB","EditDate":"Wed, 19 Nov 2025 23:42:20 GMT","Editor":"cjg4522_trecs"}},{"type":"Feature","id":55,"geometry":{"type":"Point","coordinates":[-97.7363773493651,30.2899788082839]},"properties":{"Finding_Number":138,"Section":"Stairs","Area_Description":"CPE","As_Built":"Stairs","Finding":"Stairs","Latitude":30.29,"Longitude":-97.73638,"Photo_1":"https://access.bluedag.com/clientdata/090884C4-08CE-44BA-8783-0F91BAD9C316/photos/complaints/hi-res/P4ck0CmZbAlLeNiqwRKSG6Ux1757094276.jpg","Photo_2":null,"FID":55,"ObjectId":55,"GlobalID":"68fbb4d0-cb3e-405d-9169-d9c5f5bc9be8","CreationDate":"Tue, 18 Nov 2025 19:57:58 GMT","Creator":"TRECS_PUB","EditDate":"Wed, 19 Nov 2025 23:39:08 GMT","Editor":"cjg4522_trecs"}},{"type":"Feature","id":56,"geometry":{"type":"Point","coordinates":[-97.7359696074055,30.2899508586496]},"properties":{"Finding_Number":139,"Section":"Stairs","Area_Description":"CPE","As_Built":"Stairs","Finding":"Stairs","Latitude":30.28956,"Longitude":-97.73634,"Photo_1":"https://access.bluedag.com/clientdata/090884C4-08CE-44BA-8783-0F91BAD9C316/photos/complaints/hi-res/YvMOIUpX5H0KT7kduRJE6Aht1757094277.jpg","Photo_2":null,"FID":56,"ObjectId":56,"GlobalID":"8c6965ab-34d4-4ef6-940e-940790045fdb","CreationDate":"Tue, 18 Nov 2025 19:57:58 GMT","Creator":"TRECS_PUB","EditDate":"Wed, 19 Nov 2025 23:39:46 GMT","Editor":"cjg4522_trecs"}},{"type":"Feature","id":57,"geometry":{"type":"Point","coordinates":[-97.7357491006693,30.2904812871315]},"properties":{"Finding_Number":140,"Section":"Stairs","Area_Description":"CPE","As_Built":"Stairs","Finding":"Stairs","Latitude":30.29039,"Longitude":-97.73581,"Photo_1":"https://access.bluedag.com/clientdata/090884C4-08CE-44BA-8783-0F91BAD9C316/photos/complaints/hi-res/IcGDx6anBRb4tCezqupdNZjv1757094277.jpg","Photo_2":null,"FID":57,"ObjectId":57,"GlobalID":"3c00d898-4288-4291-8e98-c19ea0ffd9fc","CreationDate":"Tue, 18 Nov 2025 19:57:58 GMT","Creator":"TRECS_PUB","EditDate":"Wed, 19 Nov 2025 23:38:37 GMT","Editor":"cjg4522_trecs"}},{"type":"Feature","id":58,"geometry":{"type":"Point","coordinates":[-97.7356739047516,30.2889664510885]},"properties":{"Finding_Number":141,"Section":"Stairs","Area_Description":"ECJ","As_Built":"Stairs","Finding":"Stairs","Latitude":30.28906,"Longitude":-97.73593,"Photo_1":"https://access.bluedag.com/clientdata/090884C4-08CE-44BA-8783-0F91BAD9C316/photos/complaints/hi-res/c7wamiHDUNG1pzCfts5eI4Bl1757094278.jpg","Photo_2":null,"FID":58,"ObjectId":58,"GlobalID":"e6e280a4-43da-4736-8cb9-204b6b796111","CreationDate":"Tue, 18 Nov 2025 19:57:58 GMT","Creator":"TRECS_PUB","EditDate":"Tue, 27 Jan 2026 22:05:23 GMT","Editor":"cjg4522_trecs"}},{"type":"Feature","id":59,"geometry":{"type":"Point","coordinates":[-97.7359100583006,30.2889240807742]},"properties":{"Finding_Number":142,"Section":"Stairs","Area_Description":"PMA","As_Built":"Stairs","Finding":"Stairs","Latitude":30.28882,"Longitude":-97.73608,"Photo_1":"https://access.bluedag.com/clientdata/090884C4-08CE-44BA-8783-0F91BAD9C316/photos/complaints/hi-res/X5Dh6FyYIGKH3NQrPiTswv8m1757094280.jpg","Photo_2":null,"FID":59,"ObjectId":59,"GlobalID":"f63c395e-ee91-454a-a969-fe6b11abac3c","CreationDate":"Tue, 18 Nov 2025 19:57:58 GMT","Creator":"TRECS_PUB","EditDate":"Tue, 27 Jan 2026 22:04:55 GMT","Editor":"cjg4522_trecs"}},{"type":"Feature","id":60,"geometry":{"type":"Point","coordinates":[-97.7359284165284,30.2889705383577]},"properties":{"Finding_Number":143,"Section":"Stairs","Area_Description":"PMA","As_Built":"Stairs","Finding":"Stairs","Latitude":30.28891,"Longitude":-97.73608,"Photo_1":"https://access.bluedag.com/clientdata/090884C4-08CE-44BA-8783-0F91BAD9C316/photos/complaints/hi-res/mZXwnoGKEDgr8xY5LJaVkb6u1757094281.jpg","Photo_2":null,"FID":60,"ObjectId":60,"GlobalID":"07398cc0-a68b-4a32-940f-d3887ff545c0","CreationDate":"Tue, 18 Nov 2025 19:57:58 GMT","Creator":"TRECS_PUB","EditDate":"Tue, 27 Jan 2026 22:05:11 GMT","Editor":"cjg4522_trecs"}},{"type":"Feature","id":61,"geometry":{"type":"Point","coordinates":[-97.735849738482,30.288619381801]},"properties":{"Finding_Number":144,"Section":"Stairs","Area_Description":"PMA","As_Built":"Stairs","Finding":"Stairs","Latitude":30.28861,"Longitude":-97.73586,"Photo_1":"https://access.bluedag.com/clientdata/090884C4-08CE-44BA-8783-0F91BAD9C316/photos/complaints/hi-res/d5mWCZ73kR9XTpagnBSjH02y1757094281.jpg","Photo_2":null,"FID":61,"ObjectId":61,"GlobalID":"e34e19fe-f728-4511-a81d-19c18ff1c6aa","CreationDate":"Tue, 18 Nov 2025 19:57:58 GMT","Creator":"TRECS_PUB","EditDate":"Tue, 27 Jan 2026 22:04:29 GMT","Editor":"cjg4522_trecs"}},{"type":"Feature","id":62,"geometry":{"type":"Point","coordinates":[-97.7359371781177,30.2883526252838]},"properties":{"Finding_Number":145,"Section":"Stairs","Area_Description":"GLT","As_Built":"Stairs","Finding":"Stairs","Latitude":30.28838,"Longitude":-97.73592,"Photo_1":"https://access.bluedag.com/clientdata/090884C4-08CE-44BA-8783-0F91BAD9C316/photos/complaints/hi-res/fob2uPtikqJUKyGnw6r4heO51757094282.jpg","Photo_2":null,"FID":62,"ObjectId":62,"GlobalID":"a62f5e50-087e-4ba9-8f57-2a7c8776630f","CreationDate":"Tue, 18 Nov 2025 19:57:58 GMT","Creator":"TRECS_PUB","EditDate":"Tue, 27 Jan 2026 22:03:15 GMT","Editor":"cjg4522_trecs"}},{"type":"Feature","id":63,"geometry":{"type":"Point","coordinates":[-97.7358610931076,30.2880954031153]},"properties":{"Finding_Number":146,"Section":"Stairs","Area_Description":"GLT","As_Built":"Stairs","Finding":"Stairs","Latitude":30.28846,"Longitude":-97.73602,"Photo_1":"https://access.bluedag.com/clientdata/090884C4-08CE-44BA-8783-0F91BAD9C316/photos/complaints/hi-res/jDaNuqOpXQ9oKyhgwRVTPeFx1757094283.jpg","Photo_2":null,"FID":63,"ObjectId":63,"GlobalID":"403db7c9-79fc-44b0-9fcc-b561e612181e","CreationDate":"Tue, 18 Nov 2025 19:57:58 GMT","Creator":"TRECS_PUB","EditDate":"Tue, 27 Jan 2026 22:03:54 GMT","Editor":"cjg4522_trecs"}},{"type":"Feature","id":64,"geometry":{"type":"Point","coordinates":[-97.7361671032466,30.2876646849992]},"properties":{"Finding_Number":147,"Section":"Stairs","Area_Description":"GLT","As_Built":"Stairs","Finding":"Stairs","Latitude":30.28771,"Longitude":-97.73631,"Photo_1":"https://access.bluedag.com/clientdata/090884C4-08CE-44BA-8783-0F91BAD9C316/photos/complaints/hi-res/B56S3pqkcVFGZRLChTMEt2Kv1757094283.jpg","Photo_2":null,"FID":64,"ObjectId":64,"GlobalID":"6ad6e023-b548-40c0-9827-ec48a25488d7","CreationDate":"Tue, 18 Nov 2025 19:57:58 GMT","Creator":"TRECS_PUB","EditDate":"Tue, 27 Jan 2026 22:00:37 GMT","Editor":"cjg4522_trecs"}},{"type":"Feature","id":65,"geometry":{"type":"Point","coordinates":[-97.736400127594,30.2877219067444]},"properties":{"Finding_Number":148,"Section":"Stairs","Area_Description":"GLT","As_Built":"Stairs","Finding":"Stairs","Latitude":30.2877,"Longitude":-97.73634,"Photo_1":"https://access.bluedag.com/clientdata/090884C4-08CE-44BA-8783-0F91BAD9C316/photos/complaints/hi-res/nUVI7z1X5gG0omJBwtca4puS1757094283.jpg","Photo_2":null,"FID":65,"ObjectId":65,"GlobalID":"38ff154b-ffb9-458f-a73d-a7d0e28882c9","CreationDate":"Tue, 18 Nov 2025 19:57:58 GMT","Creator":"TRECS_PUB","EditDate":"Tue, 27 Jan 2026 22:00:21 GMT","Editor":"cjg4522_trecs"}},{"type":"Feature","id":66,"geometry":{"type":"Point","coordinates":[-97.7360434235523,30.2873576011955]},"properties":{"Finding_Number":149,"Section":"Stairs","Area_Description":"GLT","As_Built":"Stairs","Finding":"Stairs","Latitude":30.28743,"Longitude":-97.73646,"Photo_1":"https://access.bluedag.com/clientdata/090884C4-08CE-44BA-8783-0F91BAD9C316/photos/complaints/hi-res/Cx4R3VzA6lgjDfHpZLs0XkTI1757094283.jpg","Photo_2":null,"FID":66,"ObjectId":66,"GlobalID":"b07eb53c-1efe-4e47-a3ff-7baeede83b04","CreationDate":"Tue, 18 Nov 2025 19:57:58 GMT","Creator":"TRECS_PUB","EditDate":"Tue, 27 Jan 2026 22:00:04 GMT","Editor":"cjg4522_trecs"}},{"type":"Feature","id":67,"geometry":{"type":"Point","coordinates":[-97.7369420229594,30.2869041983545]},"properties":{"Finding_Number":150,"Section":"Stairs","Area_Description":"POB","As_Built":"Stairs","Finding":"Stairs","Latitude":30.28693,"Longitude":-97.73705,"Photo_1":"https://access.bluedag.com/clientdata/090884C4-08CE-44BA-8783-0F91BAD9C316/photos/complaints/hi-res/TVzZc6Ni5YRL3rQlhasdfBSn1757094286.jpg","Photo_2":null,"FID":67,"ObjectId":67,"GlobalID":"6530f86c-b3c4-4738-8be3-0539c26ab960","CreationDate":"Tue, 18 Nov 2025 19:57:58 GMT","Creator":"TRECS_PUB","EditDate":"Tue, 27 Jan 2026 21:50:28 GMT","Editor":"cjg4522_trecs"}},{"type":"Feature","id":68,"geometry":{"type":"Point","coordinates":[-97.7364296914075,30.2849744370294]},"properties":{"Finding_Number":151,"Section":"Stairs","Area_Description":"WCP","As_Built":"Stairs","Finding":"Stairs","Latitude":30.28503,"Longitude":-97.73658,"Photo_1":"https://access.bluedag.com/clientdata/090884C4-08CE-44BA-8783-0F91BAD9C316/photos/complaints/hi-res/c1FUwvIWRkme2S6xnHT9o0ua1757094289.jpg","Photo_2":null,"FID":68,"ObjectId":68,"GlobalID":"0757a777-baca-4bbc-a015-f3feb8cff30d","CreationDate":"Tue, 18 Nov 2025 19:57:58 GMT","Creator":"TRECS_PUB","EditDate":"Tue, 27 Jan 2026 21:46:08 GMT","Editor":"cjg4522_trecs"}},{"type":"Feature","id":69,"geometry":{"type":"Point","coordinates":[-97.7373613713079,30.2822801716813]},"properties":{"Finding_Number":152,"Section":"Stairs","Area_Description":"JES","As_Built":"Entrance","Finding":"Entrance","Latitude":30.2823,"Longitude":-97.7374,"Photo_1":"https://access.bluedag.com/clientdata/090884C4-08CE-44BA-8783-0F91BAD9C316/photos/complaints/hi-res/2jIkCTbVaeLu6txsdqAYNBoc1757094291.jpg","Photo_2":null,"FID":69,"ObjectId":69,"GlobalID":"4b4d9eb5-9dc9-4ed6-bd1c-04df2acf9dd7","CreationDate":"Tue, 18 Nov 2025 19:57:58 GMT","Creator":"TRECS_PUB","EditDate":"Tue, 27 Jan 2026 21:56:08 GMT","Editor":"cjg4522_trecs"}},{"type":"Feature","id":70,"geometry":{"type":"Point","coordinates":[-97.737507879536,30.2816652490549]},"properties":{"Finding_Number":153,"Section":"Stairs","Area_Description":"Blanton's Art Museum","As_Built":"Stairs","Finding":"Stairs","Latitude":30.28178,"Longitude":-97.73737,"Photo_1":"https://access.bluedag.com/clientdata/090884C4-08CE-44BA-8783-0F91BAD9C316/photos/complaints/hi-res/wJENLsvYl81IeDRrjH5AyhPz1757094291.jpg","Photo_2":null,"FID":70,"ObjectId":70,"GlobalID":"6418c62a-3742-43bc-bd25-77096c48d3e6","CreationDate":"Tue, 18 Nov 2025 19:57:58 GMT","Creator":"TRECS_PUB","EditDate":"Tue, 27 Jan 2026 21:53:31 GMT","Editor":"cjg4522_trecs"}},{"type":"Feature","id":71,"geometry":{"type":"Point","coordinates":[-97.7380201814579,30.2807966551157]},"properties":{"Finding_Number":154,"Section":"Stairs","Area_Description":"Blanton's Art Museum","As_Built":"Stairs","Finding":"Stairs","Latitude":30.28178,"Longitude":-97.73737,"Photo_1":"https://access.bluedag.com/clientdata/090884C4-08CE-44BA-8783-0F91BAD9C316/photos/complaints/hi-res/715gqDMKtUzs0FSpXRYacHlk1757094292.jpg","Photo_2":null,"FID":71,"ObjectId":71,"GlobalID":"47f1e6f9-e15a-4392-bcb6-0a60c1d0e27b","CreationDate":"Tue, 18 Nov 2025 19:57:58 GMT","Creator":"TRECS_PUB","EditDate":"Tue, 27 Jan 2026 21:53:18 GMT","Editor":"cjg4522_trecs"}},{"type":"Feature","id":72,"geometry":{"type":"Point","coordinates":[-97.7377200571223,30.2824617014505]},"properties":{"Finding_Number":155,"Section":"Stairs","Area_Description":"PCL","As_Built":"Stairs","Finding":"Stairs","Latitude":30.28261,"Longitude":-97.7375,"Photo_1":"https://access.bluedag.com/clientdata/090884C4-08CE-44BA-8783-0F91BAD9C316/photos/complaints/hi-res/TZx7EhJ8LUdBHbWso1p0fQOS1757094293.jpg","Photo_2":null,"FID":72,"ObjectId":72,"GlobalID":"a1d2e190-8223-40bc-a9ff-ff67730306e5","CreationDate":"Tue, 18 Nov 2025 19:57:58 GMT","Creator":"TRECS_PUB","EditDate":"Tue, 27 Jan 2026 21:51:54 GMT","Editor":"cjg4522_trecs"}},{"type":"Feature","id":73,"geometry":{"type":"Point","coordinates":[-97.7385711669922,30.2824592590332]},"properties":{"Finding_Number":156,"Section":"Stairs","Area_Description":"PCL","As_Built":"Stairs","Finding":"Stairs","Latitude":30.28246,"Longitude":-97.73857,"Photo_1":"https://access.bluedag.com/clientdata/090884C4-08CE-44BA-8783-0F91BAD9C316/photos/complaints/hi-res/bGQgRIOXD2E3Waw1cklZfKzj1757094294.jpg","Photo_2":null,"FID":73,"ObjectId":73,"GlobalID":"c3cc628b-d8b0-4b21-ab44-d448ef114005","CreationDate":"Tue, 18 Nov 2025 19:57:58 GMT","Creator":"TRECS_PUB","EditDate":"Tue, 18 Nov 2025 19:57:58 GMT","Editor":"TRECS_PUB"}},{"type":"Feature","id":74,"geometry":{"type":"Point","coordinates":[-97.7379514869212,30.2832459632478]},"properties":{"Finding_Number":157,"Section":"Stairs","Area_Description":"PCL","As_Built":"Stairs","Finding":"Stairs","Latitude":30.2834,"Longitude":-97.73786,"Photo_1":"https://access.bluedag.com/clientdata/090884C4-08CE-44BA-8783-0F91BAD9C316/photos/complaints/hi-res/PEwUyhri6tIeQxZLF3AoqR501757094294.jpg","Photo_2":null,"FID":74,"ObjectId":74,"GlobalID":"4723aaa2-48b9-4497-acba-e0bf8ba28720","CreationDate":"Tue, 18 Nov 2025 19:57:58 GMT","Creator":"TRECS_PUB","EditDate":"Tue, 27 Jan 2026 22:12:51 GMT","Editor":"cjg4522_trecs"}},{"type":"Feature","id":75,"geometry":{"type":"Point","coordinates":[-97.737443029643,30.2839800982748]},"properties":{"Finding_Number":158,"Section":"Stairs","Area_Description":"CBA","As_Built":"Stairs","Finding":"Stairs","Latitude":30.28395,"Longitude":-97.73747,"Photo_1":"https://access.bluedag.com/clientdata/090884C4-08CE-44BA-8783-0F91BAD9C316/photos/complaints/hi-res/2peLsEOJhA78DvnYgot6kTZN1757094295.jpg","Photo_2":null,"FID":75,"ObjectId":75,"GlobalID":"b5f925ef-6991-4341-a0fd-867c8d5e6fe7","CreationDate":"Tue, 18 Nov 2025 19:57:58 GMT","Creator":"TRECS_PUB","EditDate":"Tue, 27 Jan 2026 21:51:17 GMT","Editor":"cjg4522_trecs"}},{"type":"Feature","id":76,"geometry":{"type":"Point","coordinates":[-97.7373923955085,30.2843980252945]},"properties":{"Finding_Number":159,"Section":"Stairs","Area_Description":"CBA","As_Built":"Stairs","Finding":"Stairs","Latitude":30.2841,"Longitude":-97.73744,"Photo_1":"https://access.bluedag.com/clientdata/090884C4-08CE-44BA-8783-0F91BAD9C316/photos/complaints/hi-res/ESzUP8he9AHW2kbJFsojQcRi1757094295.jpg","Photo_2":null,"FID":76,"ObjectId":76,"GlobalID":"d1d6bbf7-0a4a-4774-b90d-4c1819119abf","CreationDate":"Tue, 18 Nov 2025 19:57:58 GMT","Creator":"TRECS_PUB","EditDate":"Tue, 27 Jan 2026 21:51:03 GMT","Editor":"cjg4522_trecs"}},{"type":"Feature","id":77,"geometry":{"type":"Point","coordinates":[-97.7384738031353,30.2847110943063]},"properties":{"Finding_Number":160,"Section":"Stairs","Area_Description":"CBA","As_Built":"Stairs","Finding":"Stairs","Latitude":30.28458,"Longitude":-97.73837,"Photo_1":"https://access.bluedag.com/clientdata/090884C4-08CE-44BA-8783-0F91BAD9C316/photos/complaints/hi-res/rmg6U1cbTRCMlOyHP98Dq2QA1757094296.jpg","Photo_2":null,"FID":77,"ObjectId":77,"GlobalID":"1e08b727-9378-4cad-b779-f548eef95dd9","CreationDate":"Tue, 18 Nov 2025 19:57:58 GMT","Creator":"TRECS_PUB","EditDate":"Tue, 27 Jan 2026 22:15:25 GMT","Editor":"cjg4522_trecs"}},{"type":"Feature","id":78,"geometry":{"type":"Point","coordinates":[-97.7386866510658,30.2841375699583]},"properties":{"Finding_Number":161,"Section":"Stairs","Area_Description":"CBA","As_Built":"Stairs","Finding":"Stairs","Latitude":30.28454,"Longitude":-97.73849,"Photo_1":"https://access.bluedag.com/clientdata/090884C4-08CE-44BA-8783-0F91BAD9C316/photos/complaints/hi-res/0K5Y4SnXl1bDfAHqTwZsgvet1757094297.jpg","Photo_2":null,"FID":78,"ObjectId":78,"GlobalID":"14ddc606-5413-4cf7-a7f8-97e67be20a24","CreationDate":"Tue, 18 Nov 2025 19:57:58 GMT","Creator":"TRECS_PUB","EditDate":"Tue, 27 Jan 2026 22:14:30 GMT","Editor":"cjg4522_trecs"}},{"type":"Feature","id":79,"geometry":{"type":"Point","coordinates":[-97.7373352050781,30.2849330902099]},"properties":{"Finding_Number":162,"Section":"Stairs","Area_Description":"WAG","As_Built":"Stairs","Finding":"Stairs","Latitude":30.28493,"Longitude":-97.73734,"Photo_1":"https://access.bluedag.com/clientdata/090884C4-08CE-44BA-8783-0F91BAD9C316/photos/complaints/hi-res/bsFtSAonzfkZe7LNh0EPaqCO1757094297.jpg","Photo_2":null,"FID":79,"ObjectId":79,"GlobalID":"4792f9d6-62df-407c-b366-a52a0f43ff18","CreationDate":"Tue, 18 Nov 2025 19:57:58 GMT","Creator":"TRECS_PUB","EditDate":"Tue, 18 Nov 2025 19:57:58 GMT","Editor":"TRECS_PUB"}},{"type":"Feature","id":80,"geometry":{"type":"Point","coordinates":[-97.7373133299839,30.2852573472115]},"properties":{"Finding_Number":163,"Section":"Stairs","Area_Description":"WAG","As_Built":"Stairs","Finding":"Stairs","Latitude":30.28506,"Longitude":-97.73734,"Photo_1":"https://access.bluedag.com/clientdata/090884C4-08CE-44BA-8783-0F91BAD9C316/photos/complaints/hi-res/VG1Y0tNidlqxgLuRQOKIsSUJ1757094297.jpg","Photo_2":null,"FID":80,"ObjectId":80,"GlobalID":"9a439fb3-c64c-4d82-816e-421b778798dc","CreationDate":"Tue, 18 Nov 2025 19:57:58 GMT","Creator":"TRECS_PUB","EditDate":"Tue, 27 Jan 2026 21:48:20 GMT","Editor":"cjg4522_trecs"}},{"type":"Feature","id":81,"geometry":{"type":"Point","coordinates":[-97.7371826171875,30.2863464355469]},"properties":{"Finding_Number":164,"Section":"Stairs","Area_Description":"WEL","As_Built":"Stairs","Finding":"Stairs","Latitude":30.28635,"Longitude":-97.73718,"Photo_1":"https://access.bluedag.com/clientdata/090884C4-08CE-44BA-8783-0F91BAD9C316/photos/complaints/hi-res/FowpkrqYgT4cMVZE9S6xX7zv1757094299.jpg","Photo_2":null,"FID":81,"ObjectId":81,"GlobalID":"5203f36f-e6a2-4a13-ab6e-49b06c2782b2","CreationDate":"Tue, 18 Nov 2025 19:57:58 GMT","Creator":"TRECS_PUB","EditDate":"Tue, 18 Nov 2025 19:57:58 GMT","Editor":"TRECS_PUB"}},{"type":"Feature","id":82,"geometry":{"type":"Point","coordinates":[-97.7371399401513,30.2868227275214]},"properties":{"Finding_Number":165,"Section":"Stairs","Area_Description":"WEL","As_Built":"Stairs","Finding":"Stairs","Latitude":30.28684,"Longitude":-97.73713,"Photo_1":"https://access.bluedag.com/clientdata/090884C4-08CE-44BA-8783-0F91BAD9C316/photos/complaints/hi-res/UkvK1JmfaSE5o3FQwcGiM8OW1757094300.jpg","Photo_2":null,"FID":82,"ObjectId":82,"GlobalID":"a20693dc-7df4-4cad-869d-617b84584d17","CreationDate":"Tue, 18 Nov 2025 19:57:58 GMT","Creator":"TRECS_PUB","EditDate":"Tue, 27 Jan 2026 21:50:10 GMT","Editor":"cjg4522_trecs"}},{"type":"Feature","id":83,"geometry":{"type":"Point","coordinates":[-97.7377909418585,30.2874674814951]},"properties":{"Finding_Number":166,"Section":"Stairs","Area_Description":"NHB","As_Built":"Entrance","Finding":"Entrance","Latitude":30.28735,"Longitude":-97.73773,"Photo_1":"https://access.bluedag.com/clientdata/090884C4-08CE-44BA-8783-0F91BAD9C316/photos/complaints/hi-res/GQ7E6uPhkWfvyBKODoxmIeUR1757094301.jpg","Photo_2":null,"FID":83,"ObjectId":83,"GlobalID":"3ed5d9d0-4456-49cb-b6b2-e95320c7aa17","CreationDate":"Tue, 18 Nov 2025 19:57:58 GMT","Creator":"TRECS_PUB","EditDate":"Tue, 27 Jan 2026 22:44:23 GMT","Editor":"cjg4522_trecs"}},{"type":"Feature","id":84,"geometry":{"type":"Point","coordinates":[-97.7252346275569,30.2827825288635]},"properties":{"Finding_Number":167,"Section":"Stairs","Area_Description":"CML","As_Built":"Stairs","Finding":"Stairs","Latitude":30.28248,"Longitude":-97.72514,"Photo_1":"https://access.bluedag.com/clientdata/090884C4-08CE-44BA-8783-0F91BAD9C316/photos/complaints/hi-res/Mmjhzgtk1vd3oHZNXT5lIWPw1757272001.jpg","Photo_2":null,"FID":84,"ObjectId":84,"GlobalID":"0e1af7f3-47a4-4c53-af3e-30bc88e066db","CreationDate":"Tue, 18 Nov 2025 19:57:58 GMT","Creator":"TRECS_PUB","EditDate":"Tue, 18 Nov 2025 21:45:32 GMT","Editor":"cjg4522_trecs"}},{"type":"Feature","id":85,"geometry":{"type":"Point","coordinates":[-97.7248939873647,30.2793691424008]},"properties":{"Finding_Number":168,"Section":"Stairs","Area_Description":"CPC","As_Built":"Stairs","Finding":"Stairs","Latitude":30.28248,"Longitude":-97.72514,"Photo_1":"https://access.bluedag.com/clientdata/090884C4-08CE-44BA-8783-0F91BAD9C316/photos/complaints/hi-res/1DI39qltxvYinEd6eaULXS8N1757272006.jpg","Photo_2":null,"FID":85,"ObjectId":85,"GlobalID":"85b6d750-ef1d-465a-b2a5-c8c372f897cf","CreationDate":"Tue, 18 Nov 2025 19:57:58 GMT","Creator":"TRECS_PUB","EditDate":"Tue, 18 Nov 2025 21:46:01 GMT","Editor":"cjg4522_trecs"}},{"type":"Feature","id":86,"geometry":{"type":"Point","coordinates":[-97.7320430001633,30.2869564949158]},"properties":{"Finding_Number":169,"Section":"Stairs","Area_Description":"TMM","As_Built":"Stairs","Finding":"Stairs","Latitude":30.28715,"Longitude":-97.73184,"Photo_1":"https://access.bluedag.com/clientdata/090884C4-08CE-44BA-8783-0F91BAD9C316/photos/complaints/hi-res/tjLuGIQBCR7ODo0TPMehV32H1757272007.jpg","Photo_2":null,"FID":86,"ObjectId":86,"GlobalID":"17c9dca3-abea-4a46-8029-f357673f164f","CreationDate":"Tue, 18 Nov 2025 19:57:58 GMT","Creator":"TRECS_PUB","EditDate":"Wed, 19 Nov 2025 23:23:26 GMT","Editor":"cjg4522_trecs"}},{"type":"Feature","id":87,"geometry":{"type":"Point","coordinates":[-97.7328209292653,30.2870188409704]},"properties":{"Finding_Number":170,"Section":"Stairs","Area_Description":"TMM","As_Built":"Stairs","Finding":"Stairs","Latitude":30.28705,"Longitude":-97.73283,"Photo_1":"https://access.bluedag.com/clientdata/090884C4-08CE-44BA-8783-0F91BAD9C316/photos/complaints/hi-res/ocrG4Km3gTFPtlkpCvIMuy1i1757272009.jpg","Photo_2":null,"FID":87,"ObjectId":87,"GlobalID":"11b7199c-1e7e-4614-9b69-d0f405023a5d","CreationDate":"Tue, 18 Nov 2025 19:57:58 GMT","Creator":"TRECS_PUB","EditDate":"Wed, 19 Nov 2025 23:32:48 GMT","Editor":"cjg4522_trecs"}},{"type":"Feature","id":88,"geometry":{"type":"Point","coordinates":[-97.7325805019828,30.2868195289863]},"properties":{"Finding_Number":171,"Section":"Stairs","Area_Description":"TMM","As_Built":"Stairs","Finding":"Stairs","Latitude":30.28687,"Longitude":-97.73269,"Photo_1":"https://access.bluedag.com/clientdata/090884C4-08CE-44BA-8783-0F91BAD9C316/photos/complaints/hi-res/T3kYl9fiyS8VvF6mqGzorZBe1757272009.jpg","Photo_2":null,"FID":88,"ObjectId":88,"GlobalID":"ae9c59af-fc5c-450d-97a1-f73ddd040e7d","CreationDate":"Tue, 18 Nov 2025 19:57:58 GMT","Creator":"TRECS_PUB","EditDate":"Wed, 19 Nov 2025 23:32:26 GMT","Editor":"cjg4522_trecs"}},{"type":"Feature","id":89,"geometry":{"type":"Point","coordinates":[-97.7324082933296,30.2864624564493]},"properties":{"Finding_Number":172,"Section":"Stairs","Area_Description":"ART","As_Built":"Stairs","Finding":"Stairs","Latitude":30.28687,"Longitude":-97.73269,"Photo_1":"https://access.bluedag.com/clientdata/090884C4-08CE-44BA-8783-0F91BAD9C316/photos/complaints/hi-res/bnfLQP48Wq5wo3ylztNhISxJ1757272012.jpg","Photo_2":null,"FID":89,"ObjectId":89,"GlobalID":"c728feb1-4f69-43a3-83c7-3c7f65db634d","CreationDate":"Tue, 18 Nov 2025 19:57:58 GMT","Creator":"TRECS_PUB","EditDate":"Wed, 19 Nov 2025 23:32:00 GMT","Editor":"cjg4522_trecs"}},{"type":"Feature","id":90,"geometry":{"type":"Point","coordinates":[-97.7325146329972,30.2863887276048]},"properties":{"Finding_Number":173,"Section":"Stairs","Area_Description":"ART","As_Built":"Stairs","Finding":"Stairs","Latitude":30.28631,"Longitude":-97.73234,"Photo_1":"https://access.bluedag.com/clientdata/090884C4-08CE-44BA-8783-0F91BAD9C316/photos/complaints/hi-res/J3E18Cw2DWqLxl0Nm4hnvHMT1757272012.jpg","Photo_2":null,"FID":90,"ObjectId":90,"GlobalID":"207e72a6-e48f-417c-b4fe-a9adc0d9989a","CreationDate":"Tue, 18 Nov 2025 19:57:58 GMT","Creator":"TRECS_PUB","EditDate":"Wed, 19 Nov 2025 23:25:51 GMT","Editor":"cjg4522_trecs"}},{"type":"Feature","id":91,"geometry":{"type":"Point","coordinates":[-97.7327350090263,30.286286817636]},"properties":{"Finding_Number":174,"Section":"Stairs","Area_Description":"ART","As_Built":"Stairs","Finding":"Stairs","Latitude":30.28624,"Longitude":-97.73251,"Photo_1":"https://access.bluedag.com/clientdata/090884C4-08CE-44BA-8783-0F91BAD9C316/photos/complaints/hi-res/KY7niRzpx4B02rNfOs8emHoJ1757272013.jpg","Photo_2":null,"FID":91,"ObjectId":91,"GlobalID":"d5b01d90-dc3e-4cc0-8368-f75b98399c66","CreationDate":"Tue, 18 Nov 2025 19:57:58 GMT","Creator":"TRECS_PUB","EditDate":"Wed, 19 Nov 2025 23:26:41 GMT","Editor":"cjg4522_trecs"}},{"type":"Feature","id":92,"geometry":{"type":"Point","coordinates":[-97.7327196993948,30.286116769545]},"properties":{"Finding_Number":175,"Section":"Stairs","Area_Description":"ART","As_Built":"Stairs","Finding":"Stairs","Latitude":30.28582,"Longitude":-97.73269,"Photo_1":"https://access.bluedag.com/clientdata/090884C4-08CE-44BA-8783-0F91BAD9C316/photos/complaints/hi-res/f9JPYwLcbFVMETG3I8iRl0s41757272014.jpg","Photo_2":null,"FID":92,"ObjectId":92,"GlobalID":"794ed438-6109-4651-8392-1965388ca6db","CreationDate":"Tue, 18 Nov 2025 19:57:58 GMT","Creator":"TRECS_PUB","EditDate":"Wed, 19 Nov 2025 23:27:31 GMT","Editor":"cjg4522_trecs"}},{"type":"Feature","id":93,"geometry":{"type":"Point","coordinates":[-97.7334511347102,30.2856973961251]},"properties":{"Finding_Number":176,"Section":"Stairs","Area_Description":"ART","As_Built":"Stairs","Finding":"Stairs","Latitude":30.28576,"Longitude":-97.73321,"Photo_1":"https://access.bluedag.com/clientdata/090884C4-08CE-44BA-8783-0F91BAD9C316/photos/complaints/hi-res/uTvlPDg18aAYCmG4hwIepLsX1757272016.jpg","Photo_2":null,"FID":93,"ObjectId":93,"GlobalID":"f24b4182-b683-4015-98ef-4a8102d5c394","CreationDate":"Tue, 18 Nov 2025 19:57:58 GMT","Creator":"TRECS_PUB","EditDate":"Wed, 19 Nov 2025 23:30:02 GMT","Editor":"cjg4522_trecs"}},{"type":"Feature","id":94,"geometry":{"type":"Point","coordinates":[-97.7307168565891,30.2870288409113]},"properties":{"Finding_Number":177,"Section":"Stairs","Area_Description":"MRH","As_Built":"Stairs","Finding":"Stairs","Latitude":30.28699,"Longitude":-97.7307,"Photo_1":"https://access.bluedag.com/clientdata/090884C4-08CE-44BA-8783-0F91BAD9C316/photos/complaints/hi-res/3NGAuHdWJ9Lp2R8acheyUDEs1757272023.jpg","Photo_2":null,"FID":94,"ObjectId":94,"GlobalID":"6fee857d-6712-4a50-81d3-ce6d1870eb6f","CreationDate":"Tue, 18 Nov 2025 19:57:58 GMT","Creator":"TRECS_PUB","EditDate":"Wed, 19 Nov 2025 23:21:28 GMT","Editor":"cjg4522_trecs"}},{"type":"Feature","id":95,"geometry":{"type":"Point","coordinates":[-97.7308856275695,30.287166741392]},"properties":{"Finding_Number":178,"Section":"Stairs","Area_Description":"MRH","As_Built":"Stairs","Finding":"Stairs","Latitude":30.28699,"Longitude":-97.73078,"Photo_1":"https://access.bluedag.com/clientdata/090884C4-08CE-44BA-8783-0F91BAD9C316/photos/complaints/hi-res/vfkaSVOpE5Io48szQG0JdMKn1757272023.jpg","Photo_2":null,"FID":95,"ObjectId":95,"GlobalID":"2d80fe67-3881-4e9d-b049-44fe35f1ab08","CreationDate":"Tue, 18 Nov 2025 19:57:58 GMT","Creator":"TRECS_PUB","EditDate":"Wed, 19 Nov 2025 23:21:54 GMT","Editor":"cjg4522_trecs"}},{"type":"Feature","id":96,"geometry":{"type":"Point","coordinates":[-97.7314983099801,30.287269840539]},"properties":{"Finding_Number":179,"Section":"Stairs","Area_Description":"MRH","As_Built":"Stairs","Finding":"Stairs","Latitude":30.28726,"Longitude":-97.73151,"Photo_1":"https://access.bluedag.com/clientdata/090884C4-08CE-44BA-8783-0F91BAD9C316/photos/complaints/hi-res/BDmUunGZsNlzHoryqKMW4iLb1757272025.jpg","Photo_2":null,"FID":96,"ObjectId":96,"GlobalID":"c3e0a70f-9fbd-49ca-85f8-a4e0180d8454","CreationDate":"Tue, 18 Nov 2025 19:57:58 GMT","Creator":"TRECS_PUB","EditDate":"Wed, 19 Nov 2025 23:22:46 GMT","Editor":"cjg4522_trecs"}},{"type":"Feature","id":97,"geometry":{"type":"Point","coordinates":[-97.7302835286098,30.287212635543]},"properties":{"Finding_Number":180,"Section":"Stairs","Area_Description":"MRH","As_Built":"Stairs","Finding":"Stairs","Latitude":30.28774,"Longitude":-97.72974,"Photo_1":"https://access.bluedag.com/clientdata/090884C4-08CE-44BA-8783-0F91BAD9C316/photos/complaints/hi-res/ehq14QcLr2dbmiJPtxBoln9X1757272028.jpg","Photo_2":null,"FID":97,"ObjectId":97,"GlobalID":"28d3477c-5f13-4c0f-8c69-c8817c30bdc4","CreationDate":"Tue, 18 Nov 2025 19:57:58 GMT","Creator":"TRECS_PUB","EditDate":"Tue, 18 Nov 2025 21:51:16 GMT","Editor":"cjg4522_trecs"}},{"type":"Feature","id":98,"geometry":{"type":"Point","coordinates":[-97.7292088867597,30.2868424839936]},"properties":{"Finding_Number":181,"Section":"Stairs","Area_Description":"TCC","As_Built":"Stairs","Finding":"Stairs","Latitude":30.28677,"Longitude":-97.72918,"Photo_1":"https://access.bluedag.com/clientdata/090884C4-08CE-44BA-8783-0F91BAD9C316/photos/complaints/hi-res/XMpZRUQEwgFAPoy237kHdtL91757272030.jpg","Photo_2":null,"FID":98,"ObjectId":98,"GlobalID":"8ee0a520-2102-410e-9a31-f284a839df45","CreationDate":"Tue, 18 Nov 2025 19:57:58 GMT","Creator":"TRECS_PUB","EditDate":"Tue, 18 Nov 2025 21:49:09 GMT","Editor":"cjg4522_trecs"}},{"type":"Feature","id":99,"geometry":{"type":"Point","coordinates":[-97.7292549614154,30.2853720520414]},"properties":{"Finding_Number":182,"Section":"Stairs","Area_Description":"LBJ","As_Built":"Stairs","Finding":"Stairs","Latitude":30.28538,"Longitude":-97.72942,"Photo_1":"https://access.bluedag.com/clientdata/090884C4-08CE-44BA-8783-0F91BAD9C316/photos/complaints/hi-res/OugQkMGLX2fAEUvqsC56ct4i1757272035.jpg","Photo_2":null,"FID":99,"ObjectId":99,"GlobalID":"3cd7a634-18a4-413a-b2fa-31b1be0cb64b","CreationDate":"Tue, 18 Nov 2025 19:57:58 GMT","Creator":"TRECS_PUB","EditDate":"Wed, 19 Nov 2025 22:50:42 GMT","Editor":"cjg4522_trecs"}},{"type":"Feature","id":100,"geometry":{"type":"Point","coordinates":[-97.7291983367207,30.2847892828208]},"properties":{"Finding_Number":183,"Section":"Stairs","Area_Description":"SRH","As_Built":"Stairs","Finding":"Stairs","Latitude":30.28495,"Longitude":-97.72923,"Photo_1":"https://access.bluedag.com/clientdata/090884C4-08CE-44BA-8783-0F91BAD9C316/photos/complaints/hi-res/pMHbu8FYja7UrZ5z2s4DqAOR1757272036.jpg","Photo_2":null,"FID":100,"ObjectId":100,"GlobalID":"6efb653d-10ee-4084-96f3-1ebe382763ea","CreationDate":"Tue, 18 Nov 2025 19:57:58 GMT","Creator":"TRECS_PUB","EditDate":"Wed, 19 Nov 2025 22:50:06 GMT","Editor":"cjg4522_trecs"}},{"type":"Feature","id":101,"geometry":{"type":"Point","coordinates":[-97.7306212030264,30.2839294440194]},"properties":{"Finding_Number":184,"Section":"Stairs","Area_Description":"UPB","As_Built":"Stairs","Finding":"Stairs","Latitude":30.28404,"Longitude":-97.73076,"Photo_1":"https://access.bluedag.com/clientdata/090884C4-08CE-44BA-8783-0F91BAD9C316/photos/complaints/hi-res/RO0FbPA9d6nVrcXy4Ha2Gsvw1757272042.jpg","Photo_2":null,"FID":101,"ObjectId":101,"GlobalID":"9ed1dc15-09ba-4c6b-b5bd-2b83503c23cd","CreationDate":"Tue, 18 Nov 2025 19:57:58 GMT","Creator":"TRECS_PUB","EditDate":"Wed, 19 Nov 2025 22:54:19 GMT","Editor":"cjg4522_trecs"}},{"type":"Feature","id":102,"geometry":{"type":"Point","coordinates":[-97.7306669074672,30.2882884410853]},"properties":{"Finding_Number":185,"Section":"Stairs","Area_Description":"UPB","As_Built":"Stairs","Finding":"Stairs","Latitude":30.28797,"Longitude":-97.73107,"Photo_1":"https://access.bluedag.com/clientdata/090884C4-08CE-44BA-8783-0F91BAD9C316/photos/complaints/hi-res/Ap5zvjhKSFeBOalDIki2sPuH1757272045.jpg","Photo_2":null,"FID":102,"ObjectId":102,"GlobalID":"2b6415fa-ea8d-479c-b86c-658f798666dc","CreationDate":"Tue, 18 Nov 2025 19:57:58 GMT","Creator":"TRECS_PUB","EditDate":"Wed, 19 Nov 2025 23:20:28 GMT","Editor":"cjg4522_trecs"}},{"type":"Feature","id":103,"geometry":{"type":"Point","coordinates":[-97.7309924041322,30.2883123093104]},"properties":{"Finding_Number":186,"Section":"Stairs","Area_Description":"TNH","As_Built":"Stairs","Finding":"Stairs","Latitude":30.28806,"Longitude":-97.73114,"Photo_1":"https://access.bluedag.com/clientdata/090884C4-08CE-44BA-8783-0F91BAD9C316/photos/complaints/hi-res/RYyN3GVr8Ff61c5azl20BCXE1757272044.jpg","Photo_2":null,"FID":103,"ObjectId":103,"GlobalID":"4eb22321-2048-4455-a506-e65fe4591064","CreationDate":"Tue, 18 Nov 2025 19:57:58 GMT","Creator":"TRECS_PUB","EditDate":"Wed, 19 Nov 2025 23:20:19 GMT","Editor":"cjg4522_trecs"}},{"type":"Feature","id":104,"geometry":{"type":"Point","coordinates":[-97.7306507107609,30.2882091379396]},"properties":{"Finding_Number":187,"Section":"Stairs","Area_Description":"CCJ","As_Built":"Stairs","Finding":"Stairs","Latitude":30.28821,"Longitude":-97.73066,"Photo_1":"https://access.bluedag.com/clientdata/090884C4-08CE-44BA-8783-0F91BAD9C316/photos/complaints/hi-res/dVKZjrJ1zI0Y6GgbuPwqNkRc1757272046.jpg","Photo_2":"https://access.bluedag.com/clientdata/090884C4-08CE-44BA-8783-0F91BAD9C316/photos/complaints/hi-res/3G8nxLOcPveTaqgY5lyRh1JH1759245003.jpg","FID":104,"ObjectId":104,"GlobalID":"398def0b-cd6b-42da-ad14-cd4e27b607d1","CreationDate":"Tue, 18 Nov 2025 19:57:58 GMT","Creator":"TRECS_PUB","EditDate":"Wed, 19 Nov 2025 23:20:49 GMT","Editor":"cjg4522_trecs"}},{"type":"Feature","id":105,"geometry":{"type":"Point","coordinates":[-97.7306511242916,30.2882088619493]},"properties":{"Finding_Number":188,"Section":"Stairs","Area_Description":"CCJ","As_Built":"Stairs","Finding":"Stairs","Latitude":30.28823,"Longitude":-97.73067,"Photo_1":"https://access.bluedag.com/clientdata/090884C4-08CE-44BA-8783-0F91BAD9C316/photos/complaints/hi-res/IOCZbaonikEQzDM9WBJHjGyp1759245003.jpg","Photo_2":null,"FID":105,"ObjectId":105,"GlobalID":"7f8370b7-d0c5-4eea-9fc4-6be7dde9d779","CreationDate":"Tue, 18 Nov 2025 19:57:58 GMT","Creator":"TRECS_PUB","EditDate":"Wed, 19 Nov 2025 23:20:41 GMT","Editor":"cjg4522_trecs"}},{"type":"Feature","id":106,"geometry":{"type":"Point","coordinates":[-97.7313076137503,30.2889851246928]},"properties":{"Finding_Number":189,"Section":"Stairs","Area_Description":"JON","As_Built":"Stairs","Finding":"Stairs","Latitude":30.28911,"Longitude":-97.73132,"Photo_1":"https://access.bluedag.com/clientdata/090884C4-08CE-44BA-8783-0F91BAD9C316/photos/complaints/hi-res/AVROdso1ZzqulKwkxByfcSiC1757272052.jpg","Photo_2":null,"FID":106,"ObjectId":106,"GlobalID":"51b07422-a383-4eae-aacc-b1522a7cd79b","CreationDate":"Tue, 18 Nov 2025 19:57:58 GMT","Creator":"TRECS_PUB","EditDate":"Wed, 19 Nov 2025 23:16:46 GMT","Editor":"cjg4522_trecs"}},{"type":"Feature","id":107,"geometry":{"type":"Point","coordinates":[-97.7322022334072,30.2811994714945]},"properties":{"Finding_Number":190,"Section":"Stairs","Area_Description":"Rec Center","As_Built":"Stairs","Finding":"Stairs","Latitude":30.28118,"Longitude":-97.73221,"Photo_1":"https://access.bluedag.com/clientdata/090884C4-08CE-44BA-8783-0F91BAD9C316/photos/complaints/hi-res/gcInO49Es3awQLhFGpHNd2jZ1758224446.jpg","Photo_2":"https://access.bluedag.com/clientdata/090884C4-08CE-44BA-8783-0F91BAD9C316/photos/complaints/hi-res/G6Fgju8fSd409EW5yemOZRCA1759245029.jpg","FID":107,"ObjectId":107,"GlobalID":"b1cbc98c-3b11-4047-9352-41ba5e8e3b2b","CreationDate":"Tue, 18 Nov 2025 19:57:58 GMT","Creator":"TRECS_PUB","EditDate":"Wed, 19 Nov 2025 23:00:08 GMT","Editor":"cjg4522_trecs"}},{"type":"Feature","id":108,"geometry":{"type":"Point","coordinates":[-97.7317992970785,30.2813811117693]},"properties":{"Finding_Number":191,"Section":"Stairs","Area_Description":"Rec Center","As_Built":"Stairs","Finding":"Stairs","Latitude":30.2814,"Longitude":-97.73186,"Photo_1":"https://access.bluedag.com/clientdata/090884C4-08CE-44BA-8783-0F91BAD9C316/photos/complaints/hi-res/9utDP7F3SrTxeYUOf4qEgzvV1758224447.jpg","Photo_2":"https://access.bluedag.com/clientdata/090884C4-08CE-44BA-8783-0F91BAD9C316/photos/complaints/hi-res/WQvwqDcCOzjFnrYdJbPIx8Tp1759245030.jpg","FID":108,"ObjectId":108,"GlobalID":"515909e7-a5dc-4414-af1d-4345f80232ed","CreationDate":"Tue, 18 Nov 2025 19:57:58 GMT","Creator":"TRECS_PUB","EditDate":"Wed, 19 Nov 2025 22:58:26 GMT","Editor":"cjg4522_trecs"}},{"type":"Feature","id":109,"geometry":{"type":"Point","coordinates":[-97.7317260280858,30.2817469570287]},"properties":{"Finding_Number":192,"Section":"Stairs","Area_Description":"Rec Center","As_Built":"Stairs","Finding":"Stairs","Latitude":30.28165,"Longitude":-97.73181,"Photo_1":"https://access.bluedag.com/clientdata/090884C4-08CE-44BA-8783-0F91BAD9C316/photos/complaints/hi-res/pwZ8dMOEHrl1F6zij4xUuDKv1758224448.jpg","Photo_2":"https://access.bluedag.com/clientdata/090884C4-08CE-44BA-8783-0F91BAD9C316/photos/complaints/hi-res/DQq2jF70EOnyT1lWwPprXHsU1759245031.jpg","FID":109,"ObjectId":109,"GlobalID":"374536f7-a8d1-4b90-aea7-41262832d982","CreationDate":"Tue, 18 Nov 2025 19:57:58 GMT","Creator":"TRECS_PUB","EditDate":"Wed, 19 Nov 2025 22:57:36 GMT","Editor":"cjg4522_trecs"}},{"type":"Feature","id":110,"geometry":{"type":"Point","coordinates":[-97.7319128140849,30.2816739927795]},"properties":{"Finding_Number":193,"Section":"Stairs","Area_Description":"Rec Center","As_Built":"Stairs","Finding":"Stairs","Latitude":30.28168,"Longitude":-97.73196,"Photo_1":"https://access.bluedag.com/clientdata/090884C4-08CE-44BA-8783-0F91BAD9C316/photos/complaints/hi-res/spXS0QBVWJGu69ef3yvmg7Ln1758224449.jpg","Photo_2":"https://access.bluedag.com/clientdata/090884C4-08CE-44BA-8783-0F91BAD9C316/photos/complaints/hi-res/WV3LdfHwQ6Ag9ObGme0r4KnT1759245031.jpg","FID":110,"ObjectId":110,"GlobalID":"5ef6b6d8-118b-48f0-a581-ff16252b19f7","CreationDate":"Tue, 18 Nov 2025 19:57:58 GMT","Creator":"TRECS_PUB","EditDate":"Wed, 19 Nov 2025 22:57:56 GMT","Editor":"cjg4522_trecs"}},{"type":"Feature","id":111,"geometry":{"type":"Point","coordinates":[-97.7330100323023,30.2818777868279]},"properties":{"Finding_Number":194,"Section":"Stairs","Area_Description":"Rec Center","As_Built":"Stairs","Finding":"Stairs","Latitude":30.28187,"Longitude":-97.73309,"Photo_1":"https://access.bluedag.com/clientdata/090884C4-08CE-44BA-8783-0F91BAD9C316/photos/complaints/hi-res/z7yoQEJgC968NOVTLwqsjbP11758224450.jpg","Photo_2":"https://access.bluedag.com/clientdata/090884C4-08CE-44BA-8783-0F91BAD9C316/photos/complaints/hi-res/R3YNj2m1Z9vkdfunr7zMxgls1759245031.jpg","FID":111,"ObjectId":111,"GlobalID":"fe8cab10-0e64-46f6-aa67-6273e2048815","CreationDate":"Tue, 18 Nov 2025 19:57:58 GMT","Creator":"TRECS_PUB","EditDate":"Wed, 19 Nov 2025 23:10:29 GMT","Editor":"cjg4522_trecs"}},{"type":"Feature","id":112,"geometry":{"type":"Point","coordinates":[-97.733185737856,30.2818175514514]},"properties":{"Finding_Number":195,"Section":"Stairs","Area_Description":"Rec Center","As_Built":"Stairs","Finding":"Stairs","Latitude":30.2818,"Longitude":-97.73326,"Photo_1":"https://access.bluedag.com/clientdata/090884C4-08CE-44BA-8783-0F91BAD9C316/photos/complaints/hi-res/o9ju2IAzhvKqkmLTfra8JxUG1758224451.jpg","Photo_2":"https://access.bluedag.com/clientdata/090884C4-08CE-44BA-8783-0F91BAD9C316/photos/complaints/hi-res/u4FSArJckqCgIjvEsRPlNMU21759245031.jpg","FID":112,"ObjectId":112,"GlobalID":"82054373-b063-41cd-a2bd-5c4dfa3ed59c","CreationDate":"Tue, 18 Nov 2025 19:57:58 GMT","Creator":"TRECS_PUB","EditDate":"Wed, 19 Nov 2025 23:10:14 GMT","Editor":"cjg4522_trecs"}},{"type":"Feature","id":113,"geometry":{"type":"Point","coordinates":[-97.7345845401503,30.2831108855914]},"properties":{"Finding_Number":196,"Section":"Stairs","Area_Description":"SJH","As_Built":null,"Finding":"Directions: Notes added to the As-Built field will carry over once the finding is updated.\r\n\r\nText / Notes added in the Finding Text, Item or Recommendation fields will be replaced when the drop-down menu selections are updated.","Latitude":30.2832,"Longitude":-97.73434,"Photo_1":"https://access.bluedag.com/clientdata/090884C4-08CE-44BA-8783-0F91BAD9C316/photos/complaints/hi-res/bQH5gzhC1uVArmcUXlT2RSK81757695188.jpg","Photo_2":null,"FID":113,"ObjectId":113,"GlobalID":"3eeaacc2-ec29-4dfa-950e-de406c00bdcd","CreationDate":"Tue, 18 Nov 2025 19:57:58 GMT","Creator":"TRECS_PUB","EditDate":"Tue, 27 Jan 2026 20:46:50 GMT","Editor":"cjg4522_trecs"}},{"type":"Feature","id":114,"geometry":{"type":"Point","coordinates":[-97.7338333129883,30.2816143035889]},"properties":{"Finding_Number":197,"Section":"Stairs","Area_Description":"CCF - Caven Clark","As_Built":null,"Finding":"Stairs","Latitude":30.28161,"Longitude":-97.73383,"Photo_1":"https://access.bluedag.com/clientdata/090884C4-08CE-44BA-8783-0F91BAD9C316/photos/complaints/hi-res/J7yXknP3i21vT0WCxw6jGzUL1759245033.jpg","Photo_2":null,"FID":114,"ObjectId":114,"GlobalID":"9badbce0-0109-4337-adf6-ee8e0adf75d4","CreationDate":"Tue, 18 Nov 2025 19:57:58 GMT","Creator":"TRECS_PUB","EditDate":"Tue, 18 Nov 2025 19:57:58 GMT","Editor":"TRECS_PUB"}},{"type":"Feature","id":115,"geometry":{"type":"Point","coordinates":[-97.7348191736708,30.2826750610011]},"properties":{"Finding_Number":198,"Section":"Stairs","Area_Description":"PHD","As_Built":"Stairs","Finding":"Stairs","Latitude":30.28268,"Longitude":-97.73479,"Photo_1":"https://access.bluedag.com/clientdata/090884C4-08CE-44BA-8783-0F91BAD9C316/photos/complaints/hi-res/51u86xIfhdZKbjc3yFztqSON1757695192.jpg","Photo_2":null,"FID":115,"ObjectId":115,"GlobalID":"3233f543-43cb-4abd-8218-a30b1335de41","CreationDate":"Tue, 18 Nov 2025 19:57:58 GMT","Creator":"TRECS_PUB","EditDate":"Tue, 27 Jan 2026 20:53:08 GMT","Editor":"cjg4522_trecs"}},{"type":"Feature","id":116,"geometry":{"type":"Point","coordinates":[-97.7347811161107,30.2827610978492]},"properties":{"Finding_Number":199,"Section":"Stairs","Area_Description":"PHD","As_Built":"Stairs","Finding":"Stairs","Latitude":30.28275,"Longitude":-97.73477,"Photo_1":"https://access.bluedag.com/clientdata/090884C4-08CE-44BA-8783-0F91BAD9C316/photos/complaints/hi-res/Y2EmMQWd7Af9Vgtljab4R8cZ1757695193.jpg","Photo_2":null,"FID":116,"ObjectId":116,"GlobalID":"24f3b2a0-014f-4757-8c3c-57186a072141","CreationDate":"Tue, 18 Nov 2025 19:57:58 GMT","Creator":"TRECS_PUB","EditDate":"Tue, 27 Jan 2026 20:53:20 GMT","Editor":"cjg4522_trecs"}},{"type":"Feature","id":117,"geometry":{"type":"Point","coordinates":[-97.7347717283792,30.2828386910004]},"properties":{"Finding_Number":200,"Section":"Stairs","Area_Description":"PHD","As_Built":"Stairs","Finding":"Stairs","Latitude":30.28275,"Longitude":-97.73477,"Photo_1":"https://access.bluedag.com/clientdata/090884C4-08CE-44BA-8783-0F91BAD9C316/photos/complaints/hi-res/L1Up2rVCdJXF6bBWZlDyhqAQ1757695193.jpg","Photo_2":null,"FID":117,"ObjectId":117,"GlobalID":"6af294c4-c923-426f-985d-253b1f5ade13","CreationDate":"Tue, 18 Nov 2025 19:57:58 GMT","Creator":"TRECS_PUB","EditDate":"Tue, 27 Jan 2026 20:52:55 GMT","Editor":"cjg4522_trecs"}},{"type":"Feature","id":118,"geometry":{"type":"Point","coordinates":[-97.7348853944255,30.2827935927638]},"properties":{"Finding_Number":201,"Section":"Stairs","Area_Description":"PHD","As_Built":"Stairs","Finding":"Stairs","Latitude":30.28275,"Longitude":-97.7348,"Photo_1":"https://access.bluedag.com/clientdata/090884C4-08CE-44BA-8783-0F91BAD9C316/photos/complaints/hi-res/5sUR13CDYgkhPndA8G4TXc7w1757695194.jpg","Photo_2":null,"FID":118,"ObjectId":118,"GlobalID":"57cd775c-fb5c-40ba-abb0-8852df6f1d1d","CreationDate":"Tue, 18 Nov 2025 19:57:58 GMT","Creator":"TRECS_PUB","EditDate":"Tue, 27 Jan 2026 20:52:41 GMT","Editor":"cjg4522_trecs"}},{"type":"Feature","id":119,"geometry":{"type":"Point","coordinates":[-97.7347718177777,30.2831619127462]},"properties":{"Finding_Number":202,"Section":"Stairs","Area_Description":"RRH","As_Built":"Stairs","Finding":"Stairs","Latitude":30.28316,"Longitude":-97.73479,"Photo_1":"https://access.bluedag.com/clientdata/090884C4-08CE-44BA-8783-0F91BAD9C316/photos/complaints/hi-res/cWR0oku9BgKmwltNGsa5bIUy1757695198.jpg","Photo_2":null,"FID":119,"ObjectId":119,"GlobalID":"3dee75e2-5d28-4cd3-b475-678ff3bdc383","CreationDate":"Tue, 18 Nov 2025 19:57:58 GMT","Creator":"TRECS_PUB","EditDate":"Tue, 27 Jan 2026 20:48:14 GMT","Editor":"cjg4522_trecs"}},{"type":"Feature","id":120,"geometry":{"type":"Point","coordinates":[-97.7351840731254,30.2831720616674]},"properties":{"Finding_Number":203,"Section":"Stairs","Area_Description":"RRH","As_Built":"Stairs","Finding":"Stairs","Latitude":30.28319,"Longitude":-97.73528,"Photo_1":"https://access.bluedag.com/clientdata/090884C4-08CE-44BA-8783-0F91BAD9C316/photos/complaints/hi-res/uPAB4vEyfoaK1SphOeVZ2zG91757695199.jpg","Photo_2":null,"FID":120,"ObjectId":120,"GlobalID":"7f5a8787-87a7-4436-af9f-d35026d33589","CreationDate":"Tue, 18 Nov 2025 19:57:58 GMT","Creator":"TRECS_PUB","EditDate":"Tue, 27 Jan 2026 21:02:52 GMT","Editor":"cjg4522_trecs"}},{"type":"Feature","id":121,"geometry":{"type":"Point","coordinates":[-97.7356185014603,30.2831792804032]},"properties":{"Finding_Number":204,"Section":"Stairs","Area_Description":"RRH","As_Built":"Stairs","Finding":"Stairs","Latitude":30.28323,"Longitude":-97.7356,"Photo_1":"https://access.bluedag.com/clientdata/090884C4-08CE-44BA-8783-0F91BAD9C316/photos/complaints/hi-res/e8i1R2UAM5OWVbwLChm4FjZ31757695200.jpg","Photo_2":null,"FID":121,"ObjectId":121,"GlobalID":"d9c18f97-a82d-40fc-b073-fe21d3fbbf27","CreationDate":"Tue, 18 Nov 2025 19:57:58 GMT","Creator":"TRECS_PUB","EditDate":"Tue, 27 Jan 2026 21:04:07 GMT","Editor":"cjg4522_trecs"}},{"type":"Feature","id":122,"geometry":{"type":"Point","coordinates":[-97.7347719668175,30.283161709379]},"properties":{"Finding_Number":205,"Section":"Stairs","Area_Description":"RHD","As_Built":null,"Finding":"Stairs","Latitude":30.28315,"Longitude":-97.73472,"Photo_1":"https://access.bluedag.com/clientdata/090884C4-08CE-44BA-8783-0F91BAD9C316/photos/complaints/hi-res/dgo2ah5eE93iS4BtvDxAbJlF1759245025.jpg","Photo_2":null,"FID":122,"ObjectId":122,"GlobalID":"a9f3a2f4-15d4-4fb6-b5c2-e82654eb39fb","CreationDate":"Tue, 18 Nov 2025 19:57:58 GMT","Creator":"TRECS_PUB","EditDate":"Tue, 27 Jan 2026 20:48:05 GMT","Editor":"cjg4522_trecs"}},{"type":"Feature","id":123,"geometry":{"type":"Point","coordinates":[-97.7351253626068,30.2849480437189]},"properties":{"Finding_Number":206,"Section":"Stairs","Area_Description":"RLP","As_Built":"Stairs","Finding":"Stairs","Latitude":30.28493,"Longitude":-97.73512,"Photo_1":"https://access.bluedag.com/clientdata/090884C4-08CE-44BA-8783-0F91BAD9C316/photos/complaints/hi-res/nVIlWmOZF6rAuz7stgfBUxSc1757695201.jpg","Photo_2":null,"FID":123,"ObjectId":123,"GlobalID":"704ac575-ba6a-4a1e-bf68-1bb50858ca39","CreationDate":"Tue, 18 Nov 2025 19:57:58 GMT","Creator":"TRECS_PUB","EditDate":"Tue, 27 Jan 2026 21:15:34 GMT","Editor":"cjg4522_trecs"}},{"type":"Feature","id":124,"geometry":{"type":"Point","coordinates":[-97.7351105210587,30.284958943034]},"properties":{"Finding_Number":207,"Section":"Stairs","Area_Description":"RLP","As_Built":"Stairs","Finding":"Stairs","Latitude":30.28492,"Longitude":-97.7351,"Photo_1":"https://access.bluedag.com/clientdata/090884C4-08CE-44BA-8783-0F91BAD9C316/photos/complaints/hi-res/fApVHhrKiUYSPgL6EjIvC9ye1757695202.jpg","Photo_2":null,"FID":124,"ObjectId":124,"GlobalID":"f0354de8-470f-4318-bbc7-d6013f5df476","CreationDate":"Tue, 18 Nov 2025 19:57:58 GMT","Creator":"TRECS_PUB","EditDate":"Tue, 27 Jan 2026 21:14:51 GMT","Editor":"cjg4522_trecs"}},{"type":"Feature","id":125,"geometry":{"type":"Point","coordinates":[-97.7360000610352,30.2850532531738]},"properties":{"Finding_Number":208,"Section":"Stairs","Area_Description":"RLP","As_Built":"Stairs","Finding":"Stairs","Latitude":30.28505,"Longitude":-97.736,"Photo_1":"https://access.bluedag.com/clientdata/090884C4-08CE-44BA-8783-0F91BAD9C316/photos/complaints/hi-res/SURjlALys9Zfn42rI8ewE3gm1757695206.jpg","Photo_2":null,"FID":125,"ObjectId":125,"GlobalID":"7d203cb4-e41a-42ee-8a17-2cc5e21d1ab3","CreationDate":"Tue, 18 Nov 2025 19:57:58 GMT","Creator":"TRECS_PUB","EditDate":"Tue, 18 Nov 2025 19:57:58 GMT","Editor":"TRECS_PUB"}},{"type":"Feature","id":126,"geometry":{"type":"Point","coordinates":[-97.7359853985914,30.2835548339352]},"properties":{"Finding_Number":209,"Section":"Stairs","Area_Description":"MHD","As_Built":"Stairs","Finding":"Stairs","Latitude":30.28343,"Longitude":-97.73602,"Photo_1":"https://access.bluedag.com/clientdata/090884C4-08CE-44BA-8783-0F91BAD9C316/photos/complaints/hi-res/SJXUzOjZcBMFGLnR3dsplo4b1757695201.jpg","Photo_2":null,"FID":126,"ObjectId":126,"GlobalID":"3a836687-0c12-4c63-83d9-1840fea3365c","CreationDate":"Tue, 18 Nov 2025 19:57:58 GMT","Creator":"TRECS_PUB","EditDate":"Tue, 27 Jan 2026 21:10:21 GMT","Editor":"cjg4522_trecs"}},{"type":"Feature","id":127,"geometry":{"type":"Point","coordinates":[-97.735532164138,30.2834259461775]},"properties":{"Finding_Number":210,"Section":"Stairs","Area_Description":"MHD","As_Built":null,"Finding":"Stairs","Latitude":30.28339,"Longitude":-97.73558,"Photo_1":"https://access.bluedag.com/clientdata/090884C4-08CE-44BA-8783-0F91BAD9C316/photos/complaints/hi-res/vBYUgNdZ2EolcRGxC9PVHSDM1758224477.jpg","Photo_2":"https://access.bluedag.com/clientdata/090884C4-08CE-44BA-8783-0F91BAD9C316/photos/complaints/hi-res/hXLvrEBgDA5F4qYR7y9HbP301759245020.jpg","FID":127,"ObjectId":127,"GlobalID":"e2f5b59e-3497-4778-a085-764b184ad9c1","CreationDate":"Tue, 18 Nov 2025 19:57:58 GMT","Creator":"TRECS_PUB","EditDate":"Tue, 27 Jan 2026 21:09:02 GMT","Editor":"cjg4522_trecs"}},{"type":"Feature","id":128,"geometry":{"type":"Point","coordinates":[-97.7356910106291,30.2834349039597]},"properties":{"Finding_Number":211,"Section":"Stairs","Area_Description":"MHD","As_Built":null,"Finding":"Stairs","Latitude":30.28284,"Longitude":-97.73528,"Photo_1":"https://access.bluedag.com/clientdata/090884C4-08CE-44BA-8783-0F91BAD9C316/photos/complaints/hi-res/4iTCf9M56qUElk0JLpcXdYjx1758224478.jpg","Photo_2":"https://access.bluedag.com/clientdata/090884C4-08CE-44BA-8783-0F91BAD9C316/photos/complaints/hi-res/hTzYy6wqdSs7XIiGxJRck3uE1759245021.jpg","FID":128,"ObjectId":128,"GlobalID":"1e4867b8-534d-4c46-8333-b19cf39c1982","CreationDate":"Tue, 18 Nov 2025 19:57:58 GMT","Creator":"TRECS_PUB","EditDate":"Tue, 27 Jan 2026 20:59:52 GMT","Editor":"cjg4522_trecs"}},{"type":"Feature","id":129,"geometry":{"type":"Point","coordinates":[-97.7358068231378,30.2834268302772]},"properties":{"Finding_Number":212,"Section":"Stairs","Area_Description":"MHD","As_Built":null,"Finding":"Stairs","Latitude":30.28341,"Longitude":-97.73586,"Photo_1":"https://access.bluedag.com/clientdata/090884C4-08CE-44BA-8783-0F91BAD9C316/photos/complaints/hi-res/Vr9JwB3YWG8HtDlKykQAZxd51758224480.jpg","Photo_2":"https://access.bluedag.com/clientdata/090884C4-08CE-44BA-8783-0F91BAD9C316/photos/complaints/hi-res/EkLF8xqijaUfWmQIKDwXs5pn1759245021.jpg","FID":129,"ObjectId":129,"GlobalID":"18969004-d8c2-48b5-a604-dc0e39c350e2","CreationDate":"Tue, 18 Nov 2025 19:57:58 GMT","Creator":"TRECS_PUB","EditDate":"Tue, 27 Jan 2026 21:09:32 GMT","Editor":"cjg4522_trecs"}},{"type":"Feature","id":130,"geometry":{"type":"Point","coordinates":[-97.7359858158267,30.2835523753102]},"properties":{"Finding_Number":213,"Section":"Stairs","Area_Description":"MHD","As_Built":null,"Finding":"Stairs","Latitude":30.28354,"Longitude":-97.73602,"Photo_1":"https://access.bluedag.com/clientdata/090884C4-08CE-44BA-8783-0F91BAD9C316/photos/complaints/hi-res/fjQr7dFhpkTeBoZiObKu9m3I1758224481.jpg","Photo_2":"https://access.bluedag.com/clientdata/090884C4-08CE-44BA-8783-0F91BAD9C316/photos/complaints/hi-res/ziag0B3fsnl7YFRMHJSOeAqc1759245022.jpg","FID":130,"ObjectId":130,"GlobalID":"e8ed0255-0449-4362-ba4a-08498da7d492","CreationDate":"Tue, 18 Nov 2025 19:57:58 GMT","Creator":"TRECS_PUB","EditDate":"Tue, 27 Jan 2026 21:09:58 GMT","Editor":"cjg4522_trecs"}},{"type":"Feature","id":131,"geometry":{"type":"Point","coordinates":[-97.7347412109375,30.2842788696289]},"properties":{"Finding_Number":214,"Section":"Stairs","Area_Description":"Etter-Harbin Alumni Center","As_Built":"Stairs","Finding":"Stairs","Latitude":30.28428,"Longitude":-97.73474,"Photo_1":"https://access.bluedag.com/clientdata/090884C4-08CE-44BA-8783-0F91BAD9C316/photos/complaints/hi-res/JOfsBdvnzL50N7mFRa3AYypK1759245014.jpg","Photo_2":null,"FID":131,"ObjectId":131,"GlobalID":"36c4e904-7a46-4e0b-bebb-b42965a595db","CreationDate":"Tue, 18 Nov 2025 19:57:58 GMT","Creator":"TRECS_PUB","EditDate":"Tue, 18 Nov 2025 19:57:58 GMT","Editor":"TRECS_PUB"}},{"type":"Feature","id":132,"geometry":{"type":"Point","coordinates":[-97.734567537834,30.284639034344]},"properties":{"Finding_Number":215,"Section":"Stairs","Area_Description":"Etter-Harbin Alumni Center","As_Built":"Stairs","Finding":"Stairs","Latitude":30.28428,"Longitude":-97.73474,"Photo_1":"https://access.bluedag.com/clientdata/090884C4-08CE-44BA-8783-0F91BAD9C316/photos/complaints/hi-res/dWJ50uSxtEn7KjPDwYiBHyC41759245017.jpg","Photo_2":null,"FID":132,"ObjectId":132,"GlobalID":"12da055d-a756-48f9-97bd-6e6212af2a18","CreationDate":"Tue, 18 Nov 2025 19:57:58 GMT","Creator":"TRECS_PUB","EditDate":"Tue, 27 Jan 2026 21:13:32 GMT","Editor":"cjg4522_trecs"}},{"type":"Feature","id":133,"geometry":{"type":"Point","coordinates":[-97.7338256835938,30.285530090332]},"properties":{"Finding_Number":216,"Section":"Stairs","Area_Description":"WIN","As_Built":"Stairs","Finding":"Stairs","Latitude":30.28553,"Longitude":-97.73383,"Photo_1":"https://access.bluedag.com/clientdata/090884C4-08CE-44BA-8783-0F91BAD9C316/photos/complaints/hi-res/SfIzNYC4m0MaJoOHbjRDdEqi1757695216.jpg","Photo_2":null,"FID":133,"ObjectId":133,"GlobalID":"b832affa-5a27-464c-9617-123d1730a885","CreationDate":"Tue, 18 Nov 2025 19:57:58 GMT","Creator":"TRECS_PUB","EditDate":"Tue, 18 Nov 2025 19:57:58 GMT","Editor":"TRECS_PUB"}},{"type":"Feature","id":134,"geometry":{"type":"Point","coordinates":[-97.7369026819276,30.2896994967525]},"properties":{"Finding_Number":217,"Section":"Stairs","Area_Description":"SEA","As_Built":"Stairs","Finding":"Stairs","Latitude":30.2897,"Longitude":-97.73692,"Photo_1":"https://access.bluedag.com/clientdata/090884C4-08CE-44BA-8783-0F91BAD9C316/photos/complaints/hi-res/3RxhJMlaF8I1i0ASU6B7Ljty1758038042.jpg","Photo_2":null,"FID":134,"ObjectId":134,"GlobalID":"10802984-0575-4379-8a0b-80a7d6401432","CreationDate":"Tue, 18 Nov 2025 19:57:58 GMT","Creator":"TRECS_PUB","EditDate":"Wed, 19 Nov 2025 23:41:38 GMT","Editor":"cjg4522_trecs"}},{"type":"Feature","id":135,"geometry":{"type":"Point","coordinates":[-97.7368627216274,30.2900348921911]},"properties":{"Finding_Number":218,"Section":"Stairs","Area_Description":"SEA","As_Built":"Stairs","Finding":"Stairs","Latitude":30.29002,"Longitude":-97.73681,"Photo_1":"https://access.bluedag.com/clientdata/090884C4-08CE-44BA-8783-0F91BAD9C316/photos/complaints/hi-res/fa3Heo5Fyb0QmrjIUNPVu4p91758038045.jpg","Photo_2":null,"FID":135,"ObjectId":135,"GlobalID":"ab2a435f-8e6f-48cb-b4bb-1660e186ae8d","CreationDate":"Tue, 18 Nov 2025 19:57:58 GMT","Creator":"TRECS_PUB","EditDate":"Wed, 19 Nov 2025 23:41:23 GMT","Editor":"cjg4522_trecs"}},{"type":"Feature","id":136,"geometry":{"type":"Point","coordinates":[-97.7368240356445,30.2902545928955]},"properties":{"Finding_Number":219,"Section":"Stairs","Area_Description":"SEA","As_Built":"Stairs","Finding":"Stairs","Latitude":30.29025,"Longitude":-97.73682,"Photo_1":"https://access.bluedag.com/clientdata/090884C4-08CE-44BA-8783-0F91BAD9C316/photos/complaints/hi-res/keFrS9VaXuE147UZ0pgYNbvQ1758038045.jpg","Photo_2":null,"FID":136,"ObjectId":136,"GlobalID":"86208e02-001b-4086-9e12-fdb1299f1f85","CreationDate":"Tue, 18 Nov 2025 19:57:58 GMT","Creator":"TRECS_PUB","EditDate":"Tue, 18 Nov 2025 19:57:58 GMT","Editor":"TRECS_PUB"}},{"type":"Feature","id":137,"geometry":{"type":"Point","coordinates":[-97.7378309290824,30.2897352746556]},"properties":{"Finding_Number":220,"Section":"Stairs","Area_Description":"SEA","As_Built":"Stairs","Finding":"Stairs","Latitude":30.28965,"Longitude":-97.73786,"Photo_1":"https://access.bluedag.com/clientdata/090884C4-08CE-44BA-8783-0F91BAD9C316/photos/complaints/hi-res/B0GPOWthqMmZzCe5lJkFu94o1758038047.jpg","Photo_2":null,"FID":137,"ObjectId":137,"GlobalID":"fbca6dcc-4116-4211-959a-5650fa080630","CreationDate":"Tue, 18 Nov 2025 19:57:58 GMT","Creator":"TRECS_PUB","EditDate":"Wed, 19 Nov 2025 23:41:59 GMT","Editor":"cjg4522_trecs"}},{"type":"Feature","id":138,"geometry":{"type":"Point","coordinates":[-97.7354255910924,30.2859168388471]},"properties":{"Finding_Number":221,"Section":"Stairs","Area_Description":"JGB","As_Built":"Stairs","Finding":"Stairs","Latitude":30.28594,"Longitude":-97.73542,"Photo_1":"https://access.bluedag.com/clientdata/090884C4-08CE-44BA-8783-0F91BAD9C316/photos/complaints/hi-res/tzp70nwSsTGgOVumyYhFHN6e1757695214.jpg","Photo_2":null,"FID":138,"ObjectId":138,"GlobalID":"31d97e02-25b2-4855-b8f0-a479af1aa386","CreationDate":"Tue, 18 Nov 2025 19:57:58 GMT","Creator":"TRECS_PUB","EditDate":"Tue, 27 Jan 2026 21:30:26 GMT","Editor":"cjg4522_trecs"}},{"type":"Feature","id":139,"geometry":{"type":"Point","coordinates":[-97.7355457391015,30.2861659877362]},"properties":{"Finding_Number":222,"Section":"Stairs","Area_Description":"JGB","As_Built":"Stairs","Finding":"Stairs","Latitude":30.28613,"Longitude":-97.73557,"Photo_1":"https://access.bluedag.com/clientdata/090884C4-08CE-44BA-8783-0F91BAD9C316/photos/complaints/hi-res/y9fHl7LixGFuCbcMdIe4tz6V1757695214.jpg","Photo_2":null,"FID":139,"ObjectId":139,"GlobalID":"f6e99bee-3cc1-479c-bab5-b75cf2673eef","CreationDate":"Tue, 18 Nov 2025 19:57:58 GMT","Creator":"TRECS_PUB","EditDate":"Tue, 27 Jan 2026 21:34:20 GMT","Editor":"cjg4522_trecs"}},{"type":"Feature","id":140,"geometry":{"type":"Point","coordinates":[-97.7357864379883,30.2862110137939]},"properties":{"Finding_Number":223,"Section":"Stairs","Area_Description":"JGB","As_Built":"Stairs","Finding":"Stairs","Latitude":30.28621,"Longitude":-97.73579,"Photo_1":"https://access.bluedag.com/clientdata/090884C4-08CE-44BA-8783-0F91BAD9C316/photos/complaints/hi-res/f1IQGY7iatk3S06sydlOD2VJ1757695213.jpg","Photo_2":null,"FID":140,"ObjectId":140,"GlobalID":"a06d8131-0003-4e17-955d-17311adeec4b","CreationDate":"Tue, 18 Nov 2025 19:57:58 GMT","Creator":"TRECS_PUB","EditDate":"Tue, 18 Nov 2025 19:57:58 GMT","Editor":"TRECS_PUB"}},{"type":"Feature","id":141,"geometry":{"type":"Point","coordinates":[-97.7360916137695,30.2859535217285]},"properties":{"Finding_Number":224,"Section":"Stairs","Area_Description":"JGB","As_Built":"Stairs","Finding":"Stairs","Latitude":30.28595,"Longitude":-97.73609,"Photo_1":"https://access.bluedag.com/clientdata/090884C4-08CE-44BA-8783-0F91BAD9C316/photos/complaints/hi-res/S8BPwV5qfaike7gFT64jbnp21757695209.jpg","Photo_2":null,"FID":141,"ObjectId":141,"GlobalID":"76b34464-9d42-45e3-b19c-f7fd7e1f6188","CreationDate":"Tue, 18 Nov 2025 19:57:58 GMT","Creator":"TRECS_PUB","EditDate":"Tue, 18 Nov 2025 19:57:58 GMT","Editor":"TRECS_PUB"}},{"type":"Feature","id":142,"geometry":{"type":"Point","coordinates":[-97.7361646297187,30.2858905792962]},"properties":{"Finding_Number":225,"Section":"Stairs","Area_Description":"JGB","As_Built":"Stairs","Finding":"Stairs","Latitude":30.28589,"Longitude":-97.73613,"Photo_1":"https://access.bluedag.com/clientdata/090884C4-08CE-44BA-8783-0F91BAD9C316/photos/complaints/hi-res/NOPIFbusCaW8ynmKJgBThpxL1757695209.jpg","Photo_2":null,"FID":142,"ObjectId":142,"GlobalID":"4e78f3fa-bc27-4c71-8104-2f5b385a0e3b","CreationDate":"Tue, 18 Nov 2025 19:57:58 GMT","Creator":"TRECS_PUB","EditDate":"Tue, 27 Jan 2026 21:41:42 GMT","Editor":"cjg4522_trecs"}},{"type":"Feature","id":143,"geometry":{"type":"Point","coordinates":[-97.7352101504636,30.2856807759925]},"properties":{"Finding_Number":226,"Section":"Stairs","Area_Description":"JGB","As_Built":null,"Finding":"Stairs","Latitude":30.28552,"Longitude":-97.73531,"Photo_1":"https://access.bluedag.com/clientdata/090884C4-08CE-44BA-8783-0F91BAD9C316/photos/complaints/hi-res/GsKEdFPOxnm6wMrg3871HQoS1758224490.jpg","Photo_2":"https://access.bluedag.com/clientdata/090884C4-08CE-44BA-8783-0F91BAD9C316/photos/complaints/hi-res/VdXoyfSZCqARxwj6KDGTFrNk1759245008.jpg","FID":143,"ObjectId":143,"GlobalID":"9add4aaa-0e3a-4fca-a5d3-f5c0b3f809d9","CreationDate":"Tue, 18 Nov 2025 19:57:58 GMT","Creator":"TRECS_PUB","EditDate":"Tue, 27 Jan 2026 21:25:40 GMT","Editor":"cjg4522_trecs"}},{"type":"Feature","id":144,"geometry":{"type":"Point","coordinates":[-97.7351047096481,30.2858525756396]},"properties":{"Finding_Number":227,"Section":"Stairs","Area_Description":"JGB","As_Built":null,"Finding":"Stairs","Latitude":30.28565,"Longitude":-97.73499,"Photo_1":"https://access.bluedag.com/clientdata/090884C4-08CE-44BA-8783-0F91BAD9C316/photos/complaints/hi-res/OGQv9CWmZEfsSMAUFjiXVqnw1758224491.jpg","Photo_2":"https://access.bluedag.com/clientdata/090884C4-08CE-44BA-8783-0F91BAD9C316/photos/complaints/hi-res/3ytpjzY6SQgBW7iVFdIsZcRh1759245009.jpg","FID":144,"ObjectId":144,"GlobalID":"a77d4ffe-6c16-4ace-851c-d9cb63aee7f2","CreationDate":"Tue, 18 Nov 2025 19:57:58 GMT","Creator":"TRECS_PUB","EditDate":"Tue, 27 Jan 2026 21:20:54 GMT","Editor":"cjg4522_trecs"}},{"type":"Feature","id":145,"geometry":{"type":"Point","coordinates":[-97.735217839449,30.2856464419828]},"properties":{"Finding_Number":228,"Section":"Stairs","Area_Description":"JGB","As_Built":null,"Finding":"Stairs","Latitude":30.28555,"Longitude":-97.73522,"Photo_1":"https://access.bluedag.com/clientdata/090884C4-08CE-44BA-8783-0F91BAD9C316/photos/complaints/hi-res/p41YPx5bA9H3jmOfD67w2oWh1758224494.jpg","Photo_2":"https://access.bluedag.com/clientdata/090884C4-08CE-44BA-8783-0F91BAD9C316/photos/complaints/hi-res/mCnLRSic5eMzFZWkXIKpvsPu1759245009.jpg","FID":145,"ObjectId":145,"GlobalID":"f1ab330e-c53e-467a-b8a9-48bd836a12d8","CreationDate":"Tue, 18 Nov 2025 19:57:58 GMT","Creator":"TRECS_PUB","EditDate":"Tue, 27 Jan 2026 21:25:33 GMT","Editor":"cjg4522_trecs"}},{"type":"Feature","id":146,"geometry":{"type":"Point","coordinates":[-97.735163241001,30.2855491547731]},"properties":{"Finding_Number":229,"Section":"Stairs","Area_Description":"JGB","As_Built":null,"Finding":"Stairs","Latitude":30.28581,"Longitude":-97.73509,"Photo_1":"https://access.bluedag.com/clientdata/090884C4-08CE-44BA-8783-0F91BAD9C316/photos/complaints/hi-res/0LqouXni4zF3BRNhte9JDajK1758224496.jpg","Photo_2":"https://access.bluedag.com/clientdata/090884C4-08CE-44BA-8783-0F91BAD9C316/photos/complaints/hi-res/oWYpvUt8COE1LPTrSZd4KGBD1759245009.jpg","FID":146,"ObjectId":146,"GlobalID":"c2037ceb-7fa6-4834-8304-84edacba0de0","CreationDate":"Tue, 18 Nov 2025 19:57:58 GMT","Creator":"TRECS_PUB","EditDate":"Tue, 27 Jan 2026 21:21:45 GMT","Editor":"cjg4522_trecs"}},{"type":"Feature","id":147,"geometry":{"type":"Point","coordinates":[-97.7380318754814,30.2898963581867]},"properties":{"Finding_Number":230,"Section":"Stairs","Area_Description":"SSB","As_Built":"Stairs","Finding":"Stairs","Latitude":30.28982,"Longitude":-97.73803,"Photo_1":"https://access.bluedag.com/clientdata/090884C4-08CE-44BA-8783-0F91BAD9C316/photos/complaints/hi-res/TdWDq38sG0mi1jVnyvXZPKpO1758038048.jpg","Photo_2":null,"FID":147,"ObjectId":147,"GlobalID":"cced295c-26e6-4e87-8366-7b14a1b6d2fd","CreationDate":"Tue, 18 Nov 2025 19:57:58 GMT","Creator":"TRECS_PUB","EditDate":"Wed, 19 Nov 2025 23:43:18 GMT","Editor":"cjg4522_trecs"}},{"type":"Feature","id":148,"geometry":{"type":"Point","coordinates":[-97.7381390873701,30.2896965246423]},"properties":{"Finding_Number":231,"Section":"Stairs","Area_Description":"SSB","As_Built":"Stairs","Finding":"Stairs","Latitude":30.28968,"Longitude":-97.73815,"Photo_1":"https://access.bluedag.com/clientdata/090884C4-08CE-44BA-8783-0F91BAD9C316/photos/complaints/hi-res/B5CYLAtsvDMjfe1lc7mQ9ON31758038048.jpg","Photo_2":null,"FID":148,"ObjectId":148,"GlobalID":"561dc6e9-46e0-4fa7-80e0-076f2a54f300","CreationDate":"Tue, 18 Nov 2025 19:57:58 GMT","Creator":"TRECS_PUB","EditDate":"Wed, 19 Nov 2025 23:43:54 GMT","Editor":"cjg4522_trecs"}},{"type":"Feature","id":149,"geometry":{"type":"Point","coordinates":[-97.7383072026087,30.2904471780403]},"properties":{"Finding_Number":232,"Section":"Stairs","Area_Description":"SSB","As_Built":"Stairs","Finding":"Stairs","Latitude":30.29061,"Longitude":-97.73828,"Photo_1":"https://access.bluedag.com/clientdata/090884C4-08CE-44BA-8783-0F91BAD9C316/photos/complaints/hi-res/dzkqZhnrmB3PlMCHfORT0F1U1758038052.jpg","Photo_2":null,"FID":149,"ObjectId":149,"GlobalID":"30da0882-311f-4cc6-9f10-8c6052933bb0","CreationDate":"Tue, 18 Nov 2025 19:57:58 GMT","Creator":"TRECS_PUB","EditDate":"Wed, 19 Nov 2025 23:44:12 GMT","Editor":"cjg4522_trecs"}},{"type":"Feature","id":150,"geometry":{"type":"Point","coordinates":[-97.7346038818359,30.2856369018555]},"properties":{"Finding_Number":233,"Section":"Stairs","Area_Description":"WIN","As_Built":null,"Finding":"Stairs","Latitude":30.28564,"Longitude":-97.7346,"Photo_1":"https://access.bluedag.com/clientdata/090884C4-08CE-44BA-8783-0F91BAD9C316/photos/complaints/hi-res/raWED59As8Bmu0kFyt4qCioU1758224498.jpg","Photo_2":"https://access.bluedag.com/clientdata/090884C4-08CE-44BA-8783-0F91BAD9C316/photos/complaints/hi-res/LOzD3Eckn9o2qp4xgIvBGeis1759245007.jpg","FID":150,"ObjectId":150,"GlobalID":"9eda4765-a38d-460f-9706-947b8c06bbdd","CreationDate":"Tue, 18 Nov 2025 19:57:58 GMT","Creator":"TRECS_PUB","EditDate":"Tue, 18 Nov 2025 19:57:58 GMT","Editor":"TRECS_PUB"}},{"type":"Feature","id":151,"geometry":{"type":"Point","coordinates":[-97.7350084485841,30.2857140157201]},"properties":{"Finding_Number":234,"Section":"Stairs","Area_Description":"WIN","As_Built":null,"Finding":"Stairs","Latitude":30.28564,"Longitude":-97.7338,"Photo_1":"https://access.bluedag.com/clientdata/090884C4-08CE-44BA-8783-0F91BAD9C316/photos/complaints/hi-res/RipytCMxAhg6lQL7fmT851SP1758224499.jpg","Photo_2":"https://access.bluedag.com/clientdata/090884C4-08CE-44BA-8783-0F91BAD9C316/photos/complaints/hi-res/4zYEaeKdGfjnv2tCOorq7L0B1759245008.jpg","FID":151,"ObjectId":151,"GlobalID":"f85216c2-a62c-439e-a0c5-aa5445ad2cfa","CreationDate":"Tue, 18 Nov 2025 19:57:58 GMT","Creator":"TRECS_PUB","EditDate":"Tue, 27 Jan 2026 20:44:04 GMT","Editor":"cjg4522_trecs"}},{"type":"Feature","id":152,"geometry":{"type":"Point","coordinates":[-97.7339597051168,30.2858626183637]},"properties":{"Finding_Number":235,"Section":"Stairs","Area_Description":"WIN","As_Built":null,"Finding":"Stairs","Latitude":30.28579,"Longitude":-97.7338,"Photo_1":"https://access.bluedag.com/clientdata/090884C4-08CE-44BA-8783-0F91BAD9C316/photos/complaints/hi-res/feCHNcXMizPlWd0FE1pwx2t81758224500.jpg","Photo_2":"https://access.bluedag.com/clientdata/090884C4-08CE-44BA-8783-0F91BAD9C316/photos/complaints/hi-res/8pe2P1sEgrhNxHUDORCwd9iu1759245008.jpg","FID":152,"ObjectId":152,"GlobalID":"9c62efeb-f573-41ec-8fa0-5f32a8fa740a","CreationDate":"Tue, 18 Nov 2025 19:57:58 GMT","Creator":"TRECS_PUB","EditDate":"Tue, 27 Jan 2026 20:44:48 GMT","Editor":"cjg4522_trecs"}},{"type":"Feature","id":153,"geometry":{"type":"Point","coordinates":[-97.7400439118425,30.2904337795444]},"properties":{"Finding_Number":236,"Section":"Stairs","Area_Description":"Housing Services","As_Built":"Stairs","Finding":"Stairs","Latitude":30.29043,"Longitude":-97.74002,"Photo_1":"https://access.bluedag.com/clientdata/090884C4-08CE-44BA-8783-0F91BAD9C316/photos/complaints/hi-res/EtjzxkQDNbU8a0MXSvYg71If1758038056.jpg","Photo_2":null,"FID":153,"ObjectId":153,"GlobalID":"a7a853ca-d443-410c-9638-a27cf96ab1a4","CreationDate":"Tue, 18 Nov 2025 19:57:58 GMT","Creator":"TRECS_PUB","EditDate":"Wed, 19 Nov 2025 23:49:20 GMT","Editor":"cjg4522_trecs"}},{"type":"Feature","id":154,"geometry":{"type":"Point","coordinates":[-97.739164633952,30.2907602975317]},"properties":{"Finding_Number":237,"Section":"Stairs","Area_Description":"Housing Services","As_Built":"Stairs","Finding":"Stairs","Latitude":30.29074,"Longitude":-97.73922,"Photo_1":"https://access.bluedag.com/clientdata/090884C4-08CE-44BA-8783-0F91BAD9C316/photos/complaints/hi-res/FuySV2fNvU7o03DjBqktPcLl1758038058.jpg","Photo_2":null,"FID":154,"ObjectId":154,"GlobalID":"c04552ac-f3db-445d-9dd4-d3645b1e8822","CreationDate":"Tue, 18 Nov 2025 19:57:58 GMT","Creator":"TRECS_PUB","EditDate":"Wed, 19 Nov 2025 23:45:01 GMT","Editor":"cjg4522_trecs"}},{"type":"Feature","id":155,"geometry":{"type":"Point","coordinates":[-97.7392395677067,30.2899139258464]},"properties":{"Finding_Number":238,"Section":"Stairs","Area_Description":"Housing Services","As_Built":"Stairs","Finding":"Stairs","Latitude":30.2899,"Longitude":-97.73924,"Photo_1":"https://access.bluedag.com/clientdata/090884C4-08CE-44BA-8783-0F91BAD9C316/photos/complaints/hi-res/Vnp7veBL4HkPjQwGXZ5lsONR1758038061.jpg","Photo_2":null,"FID":155,"ObjectId":155,"GlobalID":"2034ca1f-caff-41d7-a079-c88734107803","CreationDate":"Tue, 18 Nov 2025 19:57:58 GMT","Creator":"TRECS_PUB","EditDate":"Wed, 19 Nov 2025 23:45:28 GMT","Editor":"cjg4522_trecs"}},{"type":"Feature","id":156,"geometry":{"type":"Point","coordinates":[-97.7397291767284,30.2899135036194]},"properties":{"Finding_Number":239,"Section":"Stairs","Area_Description":"Housing Services","As_Built":"Stairs","Finding":"Stairs","Latitude":30.28991,"Longitude":-97.73978,"Photo_1":"https://access.bluedag.com/clientdata/090884C4-08CE-44BA-8783-0F91BAD9C316/photos/complaints/hi-res/Y382ncq79SLyijgbFozuNPEm1758038063.jpg","Photo_2":null,"FID":156,"ObjectId":156,"GlobalID":"6b1f590a-c322-41be-9e79-8299f40b8b22","CreationDate":"Tue, 18 Nov 2025 19:57:58 GMT","Creator":"TRECS_PUB","EditDate":"Wed, 19 Nov 2025 23:48:07 GMT","Editor":"cjg4522_trecs"}},{"type":"Feature","id":157,"geometry":{"type":"Point","coordinates":[-97.7400239375418,30.2901638224186]},"properties":{"Finding_Number":240,"Section":"Stairs","Area_Description":"Housing Services","As_Built":"Stairs","Finding":"Stairs","Latitude":30.29015,"Longitude":-97.74005,"Photo_1":"https://access.bluedag.com/clientdata/090884C4-08CE-44BA-8783-0F91BAD9C316/photos/complaints/hi-res/dSH3K97XtiY0r6RmlyxA8CaT1758038066.jpg","Photo_2":null,"FID":157,"ObjectId":157,"GlobalID":"713ad7ea-bdde-4118-853a-ac28b112afee","CreationDate":"Tue, 18 Nov 2025 19:57:58 GMT","Creator":"TRECS_PUB","EditDate":"Wed, 19 Nov 2025 23:49:03 GMT","Editor":"cjg4522_trecs"}},{"type":"Feature","id":158,"geometry":{"type":"Point","coordinates":[-97.7406833497988,30.2918448617898]},"properties":{"Finding_Number":241,"Section":"Stairs","Area_Description":"ADR","As_Built":"Stairs","Finding":"Stairs","Latitude":30.29181,"Longitude":-97.74068,"Photo_1":"https://access.bluedag.com/clientdata/090884C4-08CE-44BA-8783-0F91BAD9C316/photos/complaints/hi-res/qr2XOKdIlwfRjZ8QGUvTmMbP1758038068.jpg","Photo_2":null,"FID":158,"ObjectId":158,"GlobalID":"9a7dadc1-a324-43c0-97a9-05e096adb89f","CreationDate":"Tue, 18 Nov 2025 19:57:58 GMT","Creator":"TRECS_PUB","EditDate":"Wed, 19 Nov 2025 23:51:12 GMT","Editor":"cjg4522_trecs"}},{"type":"Feature","id":159,"geometry":{"type":"Point","coordinates":[-97.7408559902719,30.2918588489777]},"properties":{"Finding_Number":242,"Section":"Stairs","Area_Description":"ADR","As_Built":"Stairs","Finding":"Stairs","Latitude":30.29184,"Longitude":-97.74085,"Photo_1":"https://access.bluedag.com/clientdata/090884C4-08CE-44BA-8783-0F91BAD9C316/photos/complaints/hi-res/oMsxE21iaYGqrVwLQcDnXB7O1758038069.jpg","Photo_2":null,"FID":159,"ObjectId":159,"GlobalID":"d56c7a18-39b4-4174-9d6a-312f2ae1b618","CreationDate":"Tue, 18 Nov 2025 19:57:58 GMT","Creator":"TRECS_PUB","EditDate":"Wed, 19 Nov 2025 23:51:19 GMT","Editor":"cjg4522_trecs"}},{"type":"Feature","id":160,"geometry":{"type":"Point","coordinates":[-97.7403739566999,30.2900023903211]},"properties":{"Finding_Number":243,"Section":"Stairs","Area_Description":"BMC","As_Built":"Stairs","Finding":"Stairs","Latitude":30.28996,"Longitude":-97.74038,"Photo_1":"https://access.bluedag.com/clientdata/090884C4-08CE-44BA-8783-0F91BAD9C316/photos/complaints/hi-res/4MGOW2KDsyq5wfjLzaSYAHPQ1758038072.jpg","Photo_2":null,"FID":160,"ObjectId":160,"GlobalID":"1aaf5092-3287-43e4-ae8e-e68b6bdb16c0","CreationDate":"Tue, 18 Nov 2025 19:57:58 GMT","Creator":"TRECS_PUB","EditDate":"Wed, 19 Nov 2025 23:51:54 GMT","Editor":"cjg4522_trecs"}},{"type":"Feature","id":161,"geometry":{"type":"Point","coordinates":[-97.7405239924909,30.2899784453813]},"properties":{"Finding_Number":244,"Section":"Stairs","Area_Description":"BMC","As_Built":"Stairs","Finding":"Stairs","Latitude":30.28993,"Longitude":-97.74052,"Photo_1":"https://access.bluedag.com/clientdata/090884C4-08CE-44BA-8783-0F91BAD9C316/photos/complaints/hi-res/RNlmcBi24DuwI6WHLEgpto7y1758038073.jpg","Photo_2":null,"FID":161,"ObjectId":161,"GlobalID":"643e9266-754f-4543-b542-6b3ff971d520","CreationDate":"Tue, 18 Nov 2025 19:57:58 GMT","Creator":"TRECS_PUB","EditDate":"Wed, 19 Nov 2025 23:52:14 GMT","Editor":"cjg4522_trecs"}},{"type":"Feature","id":162,"geometry":{"type":"Point","coordinates":[-97.741039052866,30.2889745239494]},"properties":{"Finding_Number":245,"Section":"Stairs","Area_Description":"HSM","As_Built":"Stairs","Finding":"Stairs","Latitude":30.28882,"Longitude":-97.74098,"Photo_1":"https://access.bluedag.com/clientdata/090884C4-08CE-44BA-8783-0F91BAD9C316/photos/complaints/hi-res/vAQhODKH4lPp0nB9dJsqm3eR1758038075.jpg","Photo_2":null,"FID":162,"ObjectId":162,"GlobalID":"1d179e81-e970-479f-a52a-30ce2568d570","CreationDate":"Tue, 18 Nov 2025 19:57:58 GMT","Creator":"TRECS_PUB","EditDate":"Tue, 27 Jan 2026 23:00:57 GMT","Editor":"cjg4522_trecs"}},{"type":"Feature","id":163,"geometry":{"type":"Point","coordinates":[-97.7405014038086,30.2888889312744]},"properties":{"Finding_Number":246,"Section":"Stairs","Area_Description":"HSM","As_Built":"Stairs","Finding":"Stairs","Latitude":30.28889,"Longitude":-97.7405,"Photo_1":"https://access.bluedag.com/clientdata/090884C4-08CE-44BA-8783-0F91BAD9C316/photos/complaints/hi-res/W3H8ltcixe1z7RJ6hgqw54Dj1758038079.jpg","Photo_2":null,"FID":163,"ObjectId":163,"GlobalID":"87bd43f7-ea20-4fac-b6ae-812f6d61acd0","CreationDate":"Tue, 18 Nov 2025 19:57:58 GMT","Creator":"TRECS_PUB","EditDate":"Tue, 18 Nov 2025 19:57:58 GMT","Editor":"TRECS_PUB"}},{"type":"Feature","id":164,"geometry":{"type":"Point","coordinates":[-97.7409267428028,30.2892419964185]},"properties":{"Finding_Number":247,"Section":"Stairs","Area_Description":"HSM","As_Built":"Stairs","Finding":"Stairs","Latitude":30.28952,"Longitude":-97.74101,"Photo_1":"https://access.bluedag.com/clientdata/090884C4-08CE-44BA-8783-0F91BAD9C316/photos/complaints/hi-res/pkeIZcfMPF2hLKJRHorBmbnG1758038082.jpg","Photo_2":null,"FID":164,"ObjectId":164,"GlobalID":"058430f2-033e-441b-86dd-1ce6c5097d49","CreationDate":"Tue, 18 Nov 2025 19:57:58 GMT","Creator":"TRECS_PUB","EditDate":"Tue, 27 Jan 2026 23:01:09 GMT","Editor":"cjg4522_trecs"}},{"type":"Feature","id":165,"geometry":{"type":"Point","coordinates":[-97.7412860990424,30.2895129069237]},"properties":{"Finding_Number":248,"Section":"Stairs","Area_Description":"HSM","As_Built":"Stairs","Finding":"Stairs","Latitude":30.28955,"Longitude":-97.74146,"Photo_1":"https://access.bluedag.com/clientdata/090884C4-08CE-44BA-8783-0F91BAD9C316/photos/complaints/hi-res/P2hGdkYj9JwmiKQo1UtIsEOz1758038083.jpg","Photo_2":null,"FID":165,"ObjectId":165,"GlobalID":"d9d11d53-1787-42be-b861-60df61bd8d2f","CreationDate":"Tue, 18 Nov 2025 19:57:58 GMT","Creator":"TRECS_PUB","EditDate":"Tue, 27 Jan 2026 23:00:40 GMT","Editor":"cjg4522_trecs"}},{"type":"Feature","id":166,"geometry":{"type":"Point","coordinates":[-97.7404632568359,30.2894649505615]},"properties":{"Finding_Number":249,"Section":"Stairs","Area_Description":"HSM","As_Built":"Stairs","Finding":"Stairs","Latitude":30.28946,"Longitude":-97.74046,"Photo_1":"https://access.bluedag.com/clientdata/090884C4-08CE-44BA-8783-0F91BAD9C316/photos/complaints/hi-res/sd97lUCi2S1JjebuwxYt56mV1758038085.jpg","Photo_2":null,"FID":166,"ObjectId":166,"GlobalID":"4633dd53-0447-435b-b093-47ebf2db6e27","CreationDate":"Tue, 18 Nov 2025 19:57:58 GMT","Creator":"TRECS_PUB","EditDate":"Tue, 18 Nov 2025 19:57:58 GMT","Editor":"TRECS_PUB"}},{"type":"Feature","id":167,"geometry":{"type":"Point","coordinates":[-97.7391415238861,30.284706863268]},"properties":{"Finding_Number":250,"Section":"Stairs","Area_Description":"BAT","As_Built":"Stairs","Finding":"Stairs","Latitude":30.28474,"Longitude":-97.73913,"Photo_1":"https://access.bluedag.com/clientdata/090884C4-08CE-44BA-8783-0F91BAD9C316/photos/complaints/hi-res/AKm1WOY5JPwxykUMou3Dn0N91758208611.jpg","Photo_2":null,"FID":167,"ObjectId":167,"GlobalID":"1c7c38d7-f4b9-4668-bb0c-9b057e4f295a","CreationDate":"Tue, 18 Nov 2025 19:57:58 GMT","Creator":"TRECS_PUB","EditDate":"Tue, 27 Jan 2026 22:23:38 GMT","Editor":"cjg4522_trecs"}},{"type":"Feature","id":168,"geometry":{"type":"Point","coordinates":[-97.7391838729552,30.284298148321]},"properties":{"Finding_Number":251,"Section":"Stairs","Area_Description":"MEZ","As_Built":"Stairs","Finding":"Stairs","Latitude":30.28428,"Longitude":-97.73921,"Photo_1":"https://access.bluedag.com/clientdata/090884C4-08CE-44BA-8783-0F91BAD9C316/photos/complaints/hi-res/YRs6m54ExAUhwQlMrjaNp2zS1758208616.jpg","Photo_2":null,"FID":168,"ObjectId":168,"GlobalID":"d22d9a85-73bb-4720-af37-6ba008ae6294","CreationDate":"Tue, 18 Nov 2025 19:57:58 GMT","Creator":"TRECS_PUB","EditDate":"Tue, 27 Jan 2026 22:23:21 GMT","Editor":"cjg4522_trecs"}},{"type":"Feature","id":169,"geometry":{"type":"Point","coordinates":[-97.7391823530537,30.2841018283495]},"properties":{"Finding_Number":252,"Section":"Stairs","Area_Description":"BEN","As_Built":"Stairs","Finding":"Stairs","Latitude":30.28407,"Longitude":-97.73917,"Photo_1":"https://access.bluedag.com/clientdata/090884C4-08CE-44BA-8783-0F91BAD9C316/photos/complaints/hi-res/yLIrFqi4KZAzbk7OXx1ahvmP1758208619.jpg","Photo_2":null,"FID":169,"ObjectId":169,"GlobalID":"741a11e3-9818-4c04-8964-4d95ef54f04e","CreationDate":"Tue, 18 Nov 2025 19:57:58 GMT","Creator":"TRECS_PUB","EditDate":"Tue, 27 Jan 2026 22:23:05 GMT","Editor":"cjg4522_trecs"}},{"type":"Feature","id":170,"geometry":{"type":"Point","coordinates":[-97.7392657030971,30.2840390883075]},"properties":{"Finding_Number":253,"Section":"Stairs","Area_Description":"BEN","As_Built":"Stairs","Finding":"Stairs","Latitude":30.28406,"Longitude":-97.7393,"Photo_1":"https://access.bluedag.com/clientdata/090884C4-08CE-44BA-8783-0F91BAD9C316/photos/complaints/hi-res/YwIjvTrVNshyuoeXtMd0FBL31758208622.jpg","Photo_2":null,"FID":170,"ObjectId":170,"GlobalID":"be89503e-e59c-429f-b792-74819d626301","CreationDate":"Tue, 18 Nov 2025 19:57:58 GMT","Creator":"TRECS_PUB","EditDate":"Tue, 18 Nov 2025 20:05:06 GMT","Editor":"cjg4522_trecs"}},{"type":"Feature","id":171,"geometry":{"type":"Point","coordinates":[-97.7391662597656,30.283878326416]},"properties":{"Finding_Number":254,"Section":"Stairs","Area_Description":"BEN","As_Built":"Stairs","Finding":"Stairs","Latitude":30.28388,"Longitude":-97.73917,"Photo_1":"https://access.bluedag.com/clientdata/090884C4-08CE-44BA-8783-0F91BAD9C316/photos/complaints/hi-res/Mb7ijX1knqsAzKdEYw0FWroP1758208624.jpg","Photo_2":null,"FID":171,"ObjectId":171,"GlobalID":"56d1345a-9269-4e95-a982-1b5d8dfd5816","CreationDate":"Tue, 18 Nov 2025 19:57:58 GMT","Creator":"TRECS_PUB","EditDate":"Tue, 18 Nov 2025 19:57:58 GMT","Editor":"TRECS_PUB"}},{"type":"Feature","id":172,"geometry":{"type":"Point","coordinates":[-97.7399426248941,30.2846012435206]},"properties":{"Finding_Number":255,"Section":"Stairs","Area_Description":"PAR","As_Built":null,"Finding":"Stairs","Latitude":30.28465,"Longitude":-97.73999,"Photo_1":"https://access.bluedag.com/clientdata/090884C4-08CE-44BA-8783-0F91BAD9C316/photos/complaints/hi-res/J8leRUYgabqPTNSi0nwh1yrB1758224520.jpg","Photo_2":"https://access.bluedag.com/clientdata/090884C4-08CE-44BA-8783-0F91BAD9C316/photos/complaints/hi-res/nGsNJ5oVrq8pvKBtCxcWF4HE1758722496.jpg","FID":172,"ObjectId":172,"GlobalID":"b1fe051f-1f3d-4daa-81a0-3f03047c3ec4","CreationDate":"Tue, 18 Nov 2025 19:57:58 GMT","Creator":"TRECS_PUB","EditDate":"Tue, 27 Jan 2026 22:25:58 GMT","Editor":"cjg4522_trecs"}},{"type":"Feature","id":173,"geometry":{"type":"Point","coordinates":[-97.739916086005,30.2847728103954]},"properties":{"Finding_Number":256,"Section":"Stairs","Area_Description":"PAR","As_Built":null,"Finding":"Stairs","Latitude":30.28465,"Longitude":-97.73978,"Photo_1":"https://access.bluedag.com/clientdata/090884C4-08CE-44BA-8783-0F91BAD9C316/photos/complaints/hi-res/bi0ZEVtRcrq6IJnGfkKmhy5v1758224521.jpg","Photo_2":"https://access.bluedag.com/clientdata/090884C4-08CE-44BA-8783-0F91BAD9C316/photos/complaints/hi-res/gnKzqIvbPoZaHwL3pOCd7QM11758722495.jpg","FID":173,"ObjectId":173,"GlobalID":"7d30e694-ed33-463c-a49e-24f19fb2a318","CreationDate":"Tue, 18 Nov 2025 19:57:58 GMT","Creator":"TRECS_PUB","EditDate":"Tue, 27 Jan 2026 22:25:51 GMT","Editor":"cjg4522_trecs"}},{"type":"Feature","id":174,"geometry":{"type":"Point","coordinates":[-97.739875793457,30.2845058441162]},"properties":{"Finding_Number":257,"Section":"Stairs","Area_Description":"CAL","As_Built":null,"Finding":"Stairs","Latitude":30.28451,"Longitude":-97.73988,"Photo_1":"https://access.bluedag.com/clientdata/090884C4-08CE-44BA-8783-0F91BAD9C316/photos/complaints/hi-res/aIM2cU84KTwgzhJx67ACfuyP1758224525.jpg","Photo_2":"https://access.bluedag.com/clientdata/090884C4-08CE-44BA-8783-0F91BAD9C316/photos/complaints/hi-res/MCE9R21KW7DBtkQFAUZlG8ph1758722501.jpg","FID":174,"ObjectId":174,"GlobalID":"f51c3854-53dc-48c3-89e1-3b0e7581756f","CreationDate":"Tue, 18 Nov 2025 19:57:58 GMT","Creator":"TRECS_PUB","EditDate":"Tue, 18 Nov 2025 19:57:58 GMT","Editor":"TRECS_PUB"}},{"type":"Feature","id":175,"geometry":{"type":"Point","coordinates":[-97.7399457094599,30.2843675967718]},"properties":{"Finding_Number":258,"Section":"Stairs","Area_Description":"HRH","As_Built":null,"Finding":"Stairs","Latitude":30.28433,"Longitude":-97.73992,"Photo_1":"https://access.bluedag.com/clientdata/090884C4-08CE-44BA-8783-0F91BAD9C316/photos/complaints/hi-res/B1MgDYrE30xpzNAomKIwciUH1758224530.jpg","Photo_2":"https://access.bluedag.com/clientdata/090884C4-08CE-44BA-8783-0F91BAD9C316/photos/complaints/hi-res/05H32WU7pZskajbA9oPJnYyw1758722502.jpg","FID":175,"ObjectId":175,"GlobalID":"fe3df337-5283-4397-a54d-388e0ed21b14","CreationDate":"Tue, 18 Nov 2025 19:57:58 GMT","Creator":"TRECS_PUB","EditDate":"Tue, 27 Jan 2026 22:25:28 GMT","Editor":"cjg4522_trecs"}},{"type":"Feature","id":176,"geometry":{"type":"Point","coordinates":[-97.7397699056137,30.2840374875034]},"properties":{"Finding_Number":259,"Section":"Stairs","Area_Description":"HRH","As_Built":null,"Finding":"Stairs","Latitude":30.28405,"Longitude":-97.73978,"Photo_1":"https://access.bluedag.com/clientdata/090884C4-08CE-44BA-8783-0F91BAD9C316/photos/complaints/hi-res/CQdp47BKaPGiOLWkMoIEe0mU1758224531.jpg","Photo_2":"https://access.bluedag.com/clientdata/090884C4-08CE-44BA-8783-0F91BAD9C316/photos/complaints/hi-res/W641sYlrxAcEfiQOLNkVpGeX1758722502.jpg","FID":176,"ObjectId":176,"GlobalID":"fe7f93fe-4806-45be-ada1-9fa0ced4bcb6","CreationDate":"Tue, 18 Nov 2025 19:57:58 GMT","Creator":"TRECS_PUB","EditDate":"Tue, 27 Jan 2026 22:24:21 GMT","Editor":"cjg4522_trecs"}},{"type":"Feature","id":177,"geometry":{"type":"Point","coordinates":[-97.7398269919538,30.2840165413236]},"properties":{"Finding_Number":260,"Section":"Stairs","Area_Description":"HRH","As_Built":null,"Finding":"Stairs","Latitude":30.28401,"Longitude":-97.7398,"Photo_1":"https://access.bluedag.com/clientdata/090884C4-08CE-44BA-8783-0F91BAD9C316/photos/complaints/hi-res/dDZ6HLqwJajR532fbvNQpAem1758224535.jpg","Photo_2":"https://access.bluedag.com/clientdata/090884C4-08CE-44BA-8783-0F91BAD9C316/photos/complaints/hi-res/NktLGjJDgE6cWdQ4wyb3HeCf1758722503.jpg","FID":177,"ObjectId":177,"GlobalID":"0bec873f-2adc-4e19-91a8-8ac7b46492ec","CreationDate":"Tue, 18 Nov 2025 19:57:58 GMT","Creator":"TRECS_PUB","EditDate":"Tue, 27 Jan 2026 22:24:26 GMT","Editor":"cjg4522_trecs"}},{"type":"Feature","id":178,"geometry":{"type":"Point","coordinates":[-97.7402102347576,30.2839093967543]},"properties":{"Finding_Number":261,"Section":"Stairs","Area_Description":"HRH","As_Built":null,"Finding":"Stairs","Latitude":30.28377,"Longitude":-97.74023,"Photo_1":"https://access.bluedag.com/clientdata/090884C4-08CE-44BA-8783-0F91BAD9C316/photos/complaints/hi-res/UCMpmi1AVjfn7wLSN53GrcuO1758224536.jpg","Photo_2":"https://access.bluedag.com/clientdata/090884C4-08CE-44BA-8783-0F91BAD9C316/photos/complaints/hi-res/gBluxanJeCwqfQz0FK9YSZWE1758722503.jpg","FID":178,"ObjectId":178,"GlobalID":"de67d69a-bd07-4e01-84e0-e0e812d8f8d4","CreationDate":"Tue, 18 Nov 2025 19:57:58 GMT","Creator":"TRECS_PUB","EditDate":"Tue, 27 Jan 2026 22:24:57 GMT","Editor":"cjg4522_trecs"}},{"type":"Feature","id":179,"geometry":{"type":"Point","coordinates":[-97.7404580716672,30.2840911315288]},"properties":{"Finding_Number":262,"Section":"Stairs","Area_Description":"HRH","As_Built":null,"Finding":"Stairs","Latitude":30.2841,"Longitude":-97.74051,"Photo_1":"https://access.bluedag.com/clientdata/090884C4-08CE-44BA-8783-0F91BAD9C316/photos/complaints/hi-res/xFoDuiO1QznbR9gpIV6sqLwH1758722504.jpg","Photo_2":null,"FID":179,"ObjectId":179,"GlobalID":"6c965dde-8e85-4d52-95bb-ea9f63e6a2b5","CreationDate":"Tue, 18 Nov 2025 19:57:58 GMT","Creator":"TRECS_PUB","EditDate":"Tue, 27 Jan 2026 22:25:08 GMT","Editor":"cjg4522_trecs"}},{"type":"Feature","id":180,"geometry":{"type":"Point","coordinates":[-97.7406608764005,30.2815333113597]},"properties":{"Finding_Number":263,"Section":"Stairs","Area_Description":"ATT","As_Built":null,"Finding":"Stairs","Latitude":30.28151,"Longitude":-97.7407,"Photo_1":"https://access.bluedag.com/clientdata/090884C4-08CE-44BA-8783-0F91BAD9C316/photos/complaints/hi-res/GQa653yds2BZlXOzm8PRvbFn1758733996.jpg","Photo_2":null,"FID":180,"ObjectId":180,"GlobalID":"7a0c4d7c-3bcf-43cf-9340-827a77ee14e3","CreationDate":"Tue, 18 Nov 2025 19:57:58 GMT","Creator":"TRECS_PUB","EditDate":"Tue, 27 Jan 2026 22:27:16 GMT","Editor":"cjg4522_trecs"}},{"type":"Feature","id":181,"geometry":{"type":"Point","coordinates":[-97.740864605003,30.2815651899759]},"properties":{"Finding_Number":264,"Section":"Stairs","Area_Description":"ATT","As_Built":null,"Finding":"Stairs","Latitude":30.28156,"Longitude":-97.7409,"Photo_1":"https://access.bluedag.com/clientdata/090884C4-08CE-44BA-8783-0F91BAD9C316/photos/complaints/hi-res/5mYgRnKWTVv9bJMIUZr3twfX1758733998.jpg","Photo_2":null,"FID":181,"ObjectId":181,"GlobalID":"d17ae778-887c-4ef6-89cc-0bd624b2fbb3","CreationDate":"Tue, 18 Nov 2025 19:57:58 GMT","Creator":"TRECS_PUB","EditDate":"Tue, 27 Jan 2026 22:27:27 GMT","Editor":"cjg4522_trecs"}},{"type":"Feature","id":182,"geometry":{"type":"Point","coordinates":[-97.7401896711975,30.285226686482]},"properties":{"Finding_Number":265,"Section":"Stairs","Area_Description":"GOL","As_Built":"Stairs","Finding":"Stairs","Latitude":30.28521,"Longitude":-97.74012,"Photo_1":"https://access.bluedag.com/clientdata/090884C4-08CE-44BA-8783-0F91BAD9C316/photos/complaints/hi-res/fAuXNY4L9pibwOPR76a0hTQI1758720893.jpg","Photo_2":null,"FID":182,"ObjectId":182,"GlobalID":"7cfcfe78-8bd6-4c9f-b43a-12afe4a60669","CreationDate":"Tue, 18 Nov 2025 19:57:58 GMT","Creator":"TRECS_PUB","EditDate":"Tue, 27 Jan 2026 22:26:48 GMT","Editor":"cjg4522_trecs"}},{"type":"Feature","id":183,"geometry":{"type":"Point","coordinates":[-97.7337335918845,30.285820308615]},"properties":{"Finding_Number":null,"Section":null,"Area_Description":null,"As_Built":null,"Finding":null,"Latitude":null,"Longitude":null,"Photo_1":null,"Photo_2":null,"FID":null,"ObjectId":183,"GlobalID":"24b64349-4aaa-4670-b405-d6ecd149f520","CreationDate":"Tue, 27 Jan 2026 20:45:12 GMT","Creator":"cjg4522_trecs","EditDate":"Tue, 27 Jan 2026 20:45:12 GMT","Editor":"cjg4522_trecs"}},{"type":"Feature","id":184,"geometry":{"type":"Point","coordinates":[-97.7325426027699,30.2871775782604]},"properties":{"Finding_Number":null,"Section":null,"Area_Description":null,"As_Built":null,"Finding":null,"Latitude":null,"Longitude":null,"Photo_1":null,"Photo_2":null,"FID":null,"ObjectId":184,"GlobalID":"6444fc1a-f701-41de-8e24-0ae149a2f6ee","CreationDate":"Tue, 27 Jan 2026 20:45:37 GMT","Creator":"cjg4522_trecs","EditDate":"Tue, 27 Jan 2026 20:45:37 GMT","Editor":"cjg4522_trecs"}},{"type":"Feature","id":185,"geometry":{"type":"Point","coordinates":[-97.7326901242657,30.287007344019]},"properties":{"Finding_Number":null,"Section":null,"Area_Description":null,"As_Built":null,"Finding":null,"Latitude":null,"Longitude":null,"Photo_1":null,"Photo_2":null,"FID":null,"ObjectId":185,"GlobalID":"182f27d0-cede-44de-a22f-3aab8f03144d","CreationDate":"Tue, 27 Jan 2026 20:45:52 GMT","Creator":"cjg4522_trecs","EditDate":"Tue, 27 Jan 2026 20:45:52 GMT","Editor":"cjg4522_trecs"}},{"type":"Feature","id":186,"geometry":{"type":"Point","coordinates":[-97.7321818456573,30.2869691281284]},"properties":{"Finding_Number":null,"Section":null,"Area_Description":null,"As_Built":null,"Finding":null,"Latitude":null,"Longitude":null,"Photo_1":null,"Photo_2":null,"FID":null,"ObjectId":186,"GlobalID":"74be0a21-293e-488f-b11a-6652f2920347","CreationDate":"Tue, 27 Jan 2026 20:46:00 GMT","Creator":"cjg4522_trecs","EditDate":"Tue, 27 Jan 2026 20:46:00 GMT","Editor":"cjg4522_trecs"}},{"type":"Feature","id":187,"geometry":{"type":"Point","coordinates":[-97.7345053439359,30.283138177199]},"properties":{"Finding_Number":null,"Section":null,"Area_Description":null,"As_Built":null,"Finding":null,"Latitude":null,"Longitude":null,"Photo_1":null,"Photo_2":null,"FID":null,"ObjectId":187,"GlobalID":"94225311-fff7-49fb-988d-00192e4ecc89","CreationDate":"Tue, 27 Jan 2026 20:46:56 GMT","Creator":"cjg4522_trecs","EditDate":"Tue, 27 Jan 2026 20:46:56 GMT","Editor":"cjg4522_trecs"}},{"type":"Feature","id":188,"geometry":{"type":"Point","coordinates":[-97.7349251096469,30.2831422305585]},"properties":{"Finding_Number":null,"Section":null,"Area_Description":null,"As_Built":null,"Finding":null,"Latitude":null,"Longitude":null,"Photo_1":null,"Photo_2":null,"FID":null,"ObjectId":188,"GlobalID":"5e3b1dc2-a16f-46b7-aebf-dcc553de444e","CreationDate":"Tue, 27 Jan 2026 20:52:15 GMT","Creator":"cjg4522_trecs","EditDate":"Tue, 27 Jan 2026 20:52:15 GMT","Editor":"cjg4522_trecs"}},{"type":"Feature","id":189,"geometry":{"type":"Point","coordinates":[-97.7350354534566,30.2818524933154]},"properties":{"Finding_Number":null,"Section":null,"Area_Description":null,"As_Built":null,"Finding":null,"Latitude":null,"Longitude":null,"Photo_1":null,"Photo_2":null,"FID":null,"ObjectId":189,"GlobalID":"19b107dd-482a-4bc6-8d27-4035a6b5dd68","CreationDate":"Tue, 27 Jan 2026 21:01:10 GMT","Creator":"cjg4522_trecs","EditDate":"Tue, 27 Jan 2026 21:01:10 GMT","Editor":"cjg4522_trecs"}},{"type":"Feature","id":190,"geometry":{"type":"Point","coordinates":[-97.7363953334274,30.2822891027984]},"properties":{"Finding_Number":null,"Section":null,"Area_Description":null,"As_Built":null,"Finding":null,"Latitude":null,"Longitude":null,"Photo_1":null,"Photo_2":null,"FID":null,"ObjectId":190,"GlobalID":"33ebb968-46df-4f2a-a004-7890a4ec3f22","CreationDate":"Tue, 27 Jan 2026 21:01:32 GMT","Creator":"cjg4522_trecs","EditDate":"Tue, 27 Jan 2026 21:01:32 GMT","Editor":"cjg4522_trecs"}},{"type":"Feature","id":191,"geometry":{"type":"Point","coordinates":[-97.7346590940995,30.2842094644973]},"properties":{"Finding_Number":null,"Section":null,"Area_Description":null,"As_Built":null,"Finding":null,"Latitude":null,"Longitude":null,"Photo_1":null,"Photo_2":null,"FID":null,"ObjectId":191,"GlobalID":"622bca74-f0b0-46a4-81d7-936da172d591","CreationDate":"Tue, 27 Jan 2026 21:14:09 GMT","Creator":"cjg4522_trecs","EditDate":"Tue, 27 Jan 2026 21:14:09 GMT","Editor":"cjg4522_trecs"}},{"type":"Feature","id":192,"geometry":{"type":"Point","coordinates":[-97.7350382300991,30.2855789794112]},"properties":{"Finding_Number":null,"Section":null,"Area_Description":null,"As_Built":null,"Finding":null,"Latitude":null,"Longitude":null,"Photo_1":null,"Photo_2":null,"FID":null,"ObjectId":192,"GlobalID":"8e76b615-0b04-48c6-8108-674b5b3ef010","CreationDate":"Tue, 27 Jan 2026 21:26:01 GMT","Creator":"cjg4522_trecs","EditDate":"Tue, 27 Jan 2026 21:26:01 GMT","Editor":"cjg4522_trecs"}},{"type":"Feature","id":193,"geometry":{"type":"Point","coordinates":[-97.7350730988163,30.285532656443]},"properties":{"Finding_Number":null,"Section":null,"Area_Description":null,"As_Built":null,"Finding":null,"Latitude":null,"Longitude":null,"Photo_1":null,"Photo_2":null,"FID":null,"ObjectId":193,"GlobalID":"69a3389e-9484-45fb-9534-466e77d94b56","CreationDate":"Tue, 27 Jan 2026 21:26:11 GMT","Creator":"cjg4522_trecs","EditDate":"Tue, 27 Jan 2026 21:26:11 GMT","Editor":"cjg4522_trecs"}},{"type":"Feature","id":194,"geometry":{"type":"Point","coordinates":[-97.7351307663101,30.2855314983686]},"properties":{"Finding_Number":null,"Section":null,"Area_Description":null,"As_Built":null,"Finding":null,"Latitude":null,"Longitude":null,"Photo_1":null,"Photo_2":null,"FID":null,"ObjectId":194,"GlobalID":"ded9e0f3-60af-49fa-89da-faa84259c9d6","CreationDate":"Tue, 27 Jan 2026 21:26:18 GMT","Creator":"cjg4522_trecs","EditDate":"Tue, 27 Jan 2026 21:26:18 GMT","Editor":"cjg4522_trecs"}},{"type":"Feature","id":195,"geometry":{"type":"Point","coordinates":[-97.7372895972949,30.2855405885282]},"properties":{"Finding_Number":null,"Section":null,"Area_Description":null,"As_Built":null,"Finding":null,"Latitude":null,"Longitude":null,"Photo_1":null,"Photo_2":null,"FID":null,"ObjectId":195,"GlobalID":"4549f6a3-32d2-4a9e-b7c4-d5fe96cfa8de","CreationDate":"Tue, 27 Jan 2026 21:47:56 GMT","Creator":"cjg4522_trecs","EditDate":"Tue, 27 Jan 2026 21:47:56 GMT","Editor":"cjg4522_trecs"}},{"type":"Feature","id":196,"geometry":{"type":"Point","coordinates":[-97.7373436054676,30.2826192782997]},"properties":{"Finding_Number":null,"Section":null,"Area_Description":null,"As_Built":null,"Finding":null,"Latitude":null,"Longitude":null,"Photo_1":null,"Photo_2":null,"FID":null,"ObjectId":196,"GlobalID":"dde1cedc-cf6f-4b08-a712-c320e863a31e","CreationDate":"Tue, 27 Jan 2026 21:57:41 GMT","Creator":"cjg4522_trecs","EditDate":"Tue, 27 Jan 2026 21:57:41 GMT","Editor":"cjg4522_trecs"}},{"type":"Feature","id":197,"geometry":{"type":"Point","coordinates":[-97.7372698447197,30.2826447566915]},"properties":{"Finding_Number":null,"Section":null,"Area_Description":null,"As_Built":null,"Finding":null,"Latitude":null,"Longitude":null,"Photo_1":null,"Photo_2":null,"FID":null,"ObjectId":197,"GlobalID":"6500387c-5516-4627-998c-609b572403f8","CreationDate":"Tue, 27 Jan 2026 21:57:49 GMT","Creator":"cjg4522_trecs","EditDate":"Tue, 27 Jan 2026 21:57:49 GMT","Editor":"cjg4522_trecs"}},{"type":"Feature","id":198,"geometry":{"type":"Point","coordinates":[-97.737292357626,30.2830436582501]},"properties":{"Finding_Number":null,"Section":null,"Area_Description":null,"As_Built":null,"Finding":null,"Latitude":null,"Longitude":null,"Photo_1":null,"Photo_2":null,"FID":null,"ObjectId":198,"GlobalID":"778f1605-72d0-4810-90a6-dc4cf6b5a6ee","CreationDate":"Tue, 27 Jan 2026 21:57:56 GMT","Creator":"cjg4522_trecs","EditDate":"Tue, 27 Jan 2026 21:57:56 GMT","Editor":"cjg4522_trecs"}},{"type":"Feature","id":199,"geometry":{"type":"Point","coordinates":[-97.7369825624847,30.2842619759434]},"properties":{"Finding_Number":null,"Section":null,"Area_Description":null,"As_Built":null,"Finding":null,"Latitude":null,"Longitude":null,"Photo_1":null,"Photo_2":null,"FID":null,"ObjectId":199,"GlobalID":"d2cf719c-6f0f-4170-9968-a4db1b76f2d8","CreationDate":"Tue, 27 Jan 2026 21:58:09 GMT","Creator":"cjg4522_trecs","EditDate":"Tue, 27 Jan 2026 21:58:09 GMT","Editor":"cjg4522_trecs"}},{"type":"Feature","id":200,"geometry":{"type":"Point","coordinates":[-97.7365287848149,30.2876349968991]},"properties":{"Finding_Number":null,"Section":null,"Area_Description":null,"As_Built":null,"Finding":null,"Latitude":null,"Longitude":null,"Photo_1":null,"Photo_2":null,"FID":null,"ObjectId":200,"GlobalID":"beb9569d-f294-4f0b-9617-07accc0fdef5","CreationDate":"Tue, 27 Jan 2026 22:00:49 GMT","Creator":"cjg4522_trecs","EditDate":"Tue, 27 Jan 2026 22:00:49 GMT","Editor":"cjg4522_trecs"}},{"type":"Feature","id":201,"geometry":{"type":"Point","coordinates":[-97.7368975885545,30.2875076113539]},"properties":{"Finding_Number":null,"Section":null,"Area_Description":null,"As_Built":null,"Finding":null,"Latitude":null,"Longitude":null,"Photo_1":null,"Photo_2":null,"FID":null,"ObjectId":201,"GlobalID":"aaca631d-b488-434c-a457-6f167f0fd08e","CreationDate":"Tue, 27 Jan 2026 22:00:58 GMT","Creator":"cjg4522_trecs","EditDate":"Tue, 27 Jan 2026 22:00:58 GMT","Editor":"cjg4522_trecs"}},{"type":"Feature","id":202,"geometry":{"type":"Point","coordinates":[-97.7365971811448,30.2878376553804]},"properties":{"Finding_Number":null,"Section":null,"Area_Description":null,"As_Built":null,"Finding":null,"Latitude":null,"Longitude":null,"Photo_1":null,"Photo_2":null,"FID":null,"ObjectId":202,"GlobalID":"a14c0943-f1e1-4055-85bd-784483fc7d46","CreationDate":"Tue, 27 Jan 2026 22:01:05 GMT","Creator":"cjg4522_trecs","EditDate":"Tue, 27 Jan 2026 22:01:05 GMT","Editor":"cjg4522_trecs"}},{"type":"Feature","id":203,"geometry":{"type":"Point","coordinates":[-97.7387236886991,30.2840474280935]},"properties":{"Finding_Number":null,"Section":null,"Area_Description":null,"As_Built":null,"Finding":null,"Latitude":null,"Longitude":null,"Photo_1":null,"Photo_2":null,"FID":null,"ObjectId":203,"GlobalID":"9df0e48f-5296-4dca-b1b2-291193995439","CreationDate":"Tue, 27 Jan 2026 22:14:59 GMT","Creator":"cjg4522_trecs","EditDate":"Tue, 27 Jan 2026 22:14:59 GMT","Editor":"cjg4522_trecs"}},{"type":"Feature","id":204,"geometry":{"type":"Point","coordinates":[-97.7387679451478,30.2838262322706]},"properties":{"Finding_Number":null,"Section":null,"Area_Description":null,"As_Built":null,"Finding":null,"Latitude":null,"Longitude":null,"Photo_1":null,"Photo_2":null,"FID":null,"ObjectId":204,"GlobalID":"3d05d70c-f709-4d01-a2ab-ec5a61d45047","CreationDate":"Tue, 27 Jan 2026 22:15:07 GMT","Creator":"cjg4522_trecs","EditDate":"Tue, 27 Jan 2026 22:15:07 GMT","Editor":"cjg4522_trecs"}},{"type":"Feature","id":205,"geometry":{"type":"Point","coordinates":[-97.7383495205416,30.2845870974852]},"properties":{"Finding_Number":null,"Section":null,"Area_Description":null,"As_Built":null,"Finding":null,"Latitude":null,"Longitude":null,"Photo_1":null,"Photo_2":null,"FID":null,"ObjectId":205,"GlobalID":"0286a41a-9c67-4bfc-80dd-099fd3e21080","CreationDate":"Tue, 27 Jan 2026 22:15:32 GMT","Creator":"cjg4522_trecs","EditDate":"Tue, 27 Jan 2026 22:15:32 GMT","Editor":"cjg4522_trecs"}},{"type":"Feature","id":206,"geometry":{"type":"Point","coordinates":[-97.7390218662552,30.2838627163496]},"properties":{"Finding_Number":null,"Section":null,"Area_Description":null,"As_Built":null,"Finding":null,"Latitude":null,"Longitude":null,"Photo_1":null,"Photo_2":null,"FID":null,"ObjectId":206,"GlobalID":"53bc7afc-5bff-4ffd-b95c-af6b811b38b3","CreationDate":"Tue, 27 Jan 2026 22:22:37 GMT","Creator":"cjg4522_trecs","EditDate":"Tue, 27 Jan 2026 22:22:37 GMT","Editor":"cjg4522_trecs"}},{"type":"Feature","id":207,"geometry":{"type":"Point","coordinates":[-97.7390232073597,30.2838152344763]},"properties":{"Finding_Number":null,"Section":null,"Area_Description":null,"As_Built":null,"Finding":null,"Latitude":null,"Longitude":null,"Photo_1":null,"Photo_2":null,"FID":null,"ObjectId":207,"GlobalID":"6f6e551e-742f-48c3-84c8-97bd0ac82fb9","CreationDate":"Tue, 27 Jan 2026 22:22:42 GMT","Creator":"cjg4522_trecs","EditDate":"Tue, 27 Jan 2026 22:22:42 GMT","Editor":"cjg4522_trecs"}},{"type":"Feature","id":208,"geometry":{"type":"Point","coordinates":[-97.7391532944969,30.2845396200678]},"properties":{"Finding_Number":null,"Section":null,"Area_Description":null,"As_Built":null,"Finding":null,"Latitude":null,"Longitude":null,"Photo_1":null,"Photo_2":null,"FID":null,"ObjectId":208,"GlobalID":"8d8f5d27-b413-40e1-a1a3-d4a7238e9266","CreationDate":"Tue, 27 Jan 2026 22:23:43 GMT","Creator":"cjg4522_trecs","EditDate":"Tue, 27 Jan 2026 22:23:43 GMT","Editor":"cjg4522_trecs"}},{"type":"Feature","id":209,"geometry":{"type":"Point","coordinates":[-97.7398171412281,30.2840798587695]},"properties":{"Finding_Number":null,"Section":null,"Area_Description":null,"As_Built":null,"Finding":null,"Latitude":null,"Longitude":null,"Photo_1":null,"Photo_2":null,"FID":null,"ObjectId":209,"GlobalID":"409ef91c-ea9d-4c98-b817-e33ceda66604","CreationDate":"Tue, 27 Jan 2026 22:24:30 GMT","Creator":"cjg4522_trecs","EditDate":"Tue, 27 Jan 2026 22:24:30 GMT","Editor":"cjg4522_trecs"}},{"type":"Feature","id":210,"geometry":{"type":"Point","coordinates":[-97.7393812822633,30.2840439579226]},"properties":{"Finding_Number":null,"Section":null,"Area_Description":null,"As_Built":null,"Finding":null,"Latitude":null,"Longitude":null,"Photo_1":null,"Photo_2":null,"FID":null,"ObjectId":210,"GlobalID":"05a71133-2958-479d-b668-e6323f251fa5","CreationDate":"Tue, 27 Jan 2026 22:24:36 GMT","Creator":"cjg4522_trecs","EditDate":"Tue, 27 Jan 2026 22:24:36 GMT","Editor":"cjg4522_trecs"}},{"type":"Feature","id":211,"geometry":{"type":"Point","coordinates":[-97.7393826233678,30.2839872113957]},"properties":{"Finding_Number":null,"Section":null,"Area_Description":null,"As_Built":null,"Finding":null,"Latitude":null,"Longitude":null,"Photo_1":null,"Photo_2":null,"FID":null,"ObjectId":211,"GlobalID":"4b901c2d-413f-476e-8630-31a3a8171b2e","CreationDate":"Tue, 27 Jan 2026 22:24:39 GMT","Creator":"cjg4522_trecs","EditDate":"Tue, 27 Jan 2026 22:24:39 GMT","Editor":"cjg4522_trecs"}},{"type":"Feature","id":212,"geometry":{"type":"Point","coordinates":[-97.739422856503,30.2840103732474]},"properties":{"Finding_Number":null,"Section":null,"Area_Description":null,"As_Built":null,"Finding":null,"Latitude":null,"Longitude":null,"Photo_1":null,"Photo_2":null,"FID":null,"ObjectId":212,"GlobalID":"6f082fe6-5ff4-45b2-9ce5-00cf48161d93","CreationDate":"Tue, 27 Jan 2026 22:24:41 GMT","Creator":"cjg4522_trecs","EditDate":"Tue, 27 Jan 2026 22:24:41 GMT","Editor":"cjg4522_trecs"}},{"type":"Feature","id":213,"geometry":{"type":"Point","coordinates":[-97.739421234049,30.2857639966662]},"properties":{"Finding_Number":null,"Section":null,"Area_Description":null,"As_Built":null,"Finding":null,"Latitude":null,"Longitude":null,"Photo_1":null,"Photo_2":null,"FID":null,"ObjectId":213,"GlobalID":"55b479b0-6e8e-415b-a369-964922ccc15d","CreationDate":"Tue, 27 Jan 2026 22:26:28 GMT","Creator":"cjg4522_trecs","EditDate":"Tue, 27 Jan 2026 22:26:28 GMT","Editor":"cjg4522_trecs"}},{"type":"Feature","id":214,"geometry":{"type":"Point","coordinates":[-97.7394359861986,30.2855648081237]},"properties":{"Finding_Number":null,"Section":null,"Area_Description":null,"As_Built":null,"Finding":null,"Latitude":null,"Longitude":null,"Photo_1":null,"Photo_2":null,"FID":null,"ObjectId":214,"GlobalID":"583c01d0-c73f-45b9-b65f-ec5d99fe545e","CreationDate":"Tue, 27 Jan 2026 22:26:32 GMT","Creator":"cjg4522_trecs","EditDate":"Tue, 27 Jan 2026 22:26:32 GMT","Editor":"cjg4522_trecs"}},{"type":"Feature","id":215,"geometry":{"type":"Point","coordinates":[-97.7394936536924,30.2850703092379]},"properties":{"Finding_Number":null,"Section":null,"Area_Description":null,"As_Built":null,"Finding":null,"Latitude":null,"Longitude":null,"Photo_1":null,"Photo_2":null,"FID":null,"ObjectId":215,"GlobalID":"3223f30a-0258-4e16-8923-a6bef87e35b8","CreationDate":"Tue, 27 Jan 2026 22:26:34 GMT","Creator":"cjg4522_trecs","EditDate":"Tue, 27 Jan 2026 22:26:34 GMT","Editor":"cjg4522_trecs"}},{"type":"Feature","id":216,"geometry":{"type":"Point","coordinates":[-97.741796330132,30.2824645947824]},"properties":{"Finding_Number":null,"Section":null,"Area_Description":null,"As_Built":null,"Finding":null,"Latitude":null,"Longitude":null,"Photo_1":null,"Photo_2":null,"FID":null,"ObjectId":216,"GlobalID":"53852149-d2c3-4d42-87a1-480334b44456","CreationDate":"Tue, 27 Jan 2026 22:29:14 GMT","Creator":"cjg4522_trecs","EditDate":"Tue, 27 Jan 2026 22:29:14 GMT","Editor":"cjg4522_trecs"}},{"type":"Feature","id":217,"geometry":{"type":"Point","coordinates":[-97.7416729485175,30.2839365424304]},"properties":{"Finding_Number":null,"Section":null,"Area_Description":null,"As_Built":null,"Finding":null,"Latitude":null,"Longitude":null,"Photo_1":null,"Photo_2":null,"FID":null,"ObjectId":217,"GlobalID":"bd8db384-739b-4176-b94e-c22a24130a24","CreationDate":"Tue, 27 Jan 2026 22:30:19 GMT","Creator":"cjg4522_trecs","EditDate":"Tue, 27 Jan 2026 22:30:19 GMT","Editor":"cjg4522_trecs"}},{"type":"Feature","id":218,"geometry":{"type":"Point","coordinates":[-97.7416058932922,30.2839712852237]},"properties":{"Finding_Number":null,"Section":null,"Area_Description":null,"As_Built":null,"Finding":null,"Latitude":null,"Longitude":null,"Photo_1":null,"Photo_2":null,"FID":null,"ObjectId":218,"GlobalID":"4eac662c-f249-4649-aea0-20817e101c2d","CreationDate":"Tue, 27 Jan 2026 22:30:26 GMT","Creator":"cjg4522_trecs","EditDate":"Tue, 27 Jan 2026 22:30:26 GMT","Editor":"cjg4522_trecs"}},{"type":"Feature","id":219,"geometry":{"type":"Point","coordinates":[-97.7403854881904,30.2849359718732]},"properties":{"Finding_Number":null,"Section":null,"Area_Description":null,"As_Built":null,"Finding":null,"Latitude":null,"Longitude":null,"Photo_1":null,"Photo_2":null,"FID":null,"ObjectId":219,"GlobalID":"c8d0fb6a-d283-41de-903f-2f848faa742a","CreationDate":"Tue, 27 Jan 2026 22:30:38 GMT","Creator":"cjg4522_trecs","EditDate":"Tue, 27 Jan 2026 22:30:38 GMT","Editor":"cjg4522_trecs"}},{"type":"Feature","id":220,"geometry":{"type":"Point","coordinates":[-97.740751609721,30.2856632443724]},"properties":{"Finding_Number":null,"Section":null,"Area_Description":null,"As_Built":null,"Finding":null,"Latitude":null,"Longitude":null,"Photo_1":null,"Photo_2":null,"FID":null,"ObjectId":220,"GlobalID":"562a0224-83b3-4e79-8f42-f2e6c2c27c89","CreationDate":"Tue, 27 Jan 2026 22:31:59 GMT","Creator":"cjg4522_trecs","EditDate":"Tue, 27 Jan 2026 22:31:59 GMT","Editor":"cjg4522_trecs"}},{"type":"Feature","id":221,"geometry":{"type":"Point","coordinates":[-97.740756974139,30.2855787050117]},"properties":{"Finding_Number":null,"Section":null,"Area_Description":null,"As_Built":null,"Finding":null,"Latitude":null,"Longitude":null,"Photo_1":null,"Photo_2":null,"FID":null,"ObjectId":221,"GlobalID":"ad40df30-7c76-40ee-b24d-29749f8d90c4","CreationDate":"Tue, 27 Jan 2026 22:32:03 GMT","Creator":"cjg4522_trecs","EditDate":"Tue, 27 Jan 2026 22:32:03 GMT","Editor":"cjg4522_trecs"}},{"type":"Feature","id":222,"geometry":{"type":"Point","coordinates":[-97.7408508514545,30.2855069044016]},"properties":{"Finding_Number":null,"Section":null,"Area_Description":null,"As_Built":null,"Finding":null,"Latitude":null,"Longitude":null,"Photo_1":null,"Photo_2":null,"FID":null,"ObjectId":222,"GlobalID":"8feb4268-06a1-47f9-bf31-a967b98839c9","CreationDate":"Tue, 27 Jan 2026 22:32:05 GMT","Creator":"cjg4522_trecs","EditDate":"Tue, 27 Jan 2026 22:32:05 GMT","Editor":"cjg4522_trecs"}},{"type":"Feature","id":223,"geometry":{"type":"Point","coordinates":[-97.7408562158725,30.2854258391334]},"properties":{"Finding_Number":null,"Section":null,"Area_Description":null,"As_Built":null,"Finding":null,"Latitude":null,"Longitude":null,"Photo_1":null,"Photo_2":null,"FID":null,"ObjectId":223,"GlobalID":"e80be681-1392-41d9-88e6-0861cd2f3d4e","CreationDate":"Tue, 27 Jan 2026 22:32:07 GMT","Creator":"cjg4522_trecs","EditDate":"Tue, 27 Jan 2026 22:32:07 GMT","Editor":"cjg4522_trecs"}},{"type":"Feature","id":224,"geometry":{"type":"Point","coordinates":[-97.7404149924896,30.2859469718315]},"properties":{"Finding_Number":null,"Section":null,"Area_Description":null,"As_Built":null,"Finding":null,"Latitude":null,"Longitude":null,"Photo_1":null,"Photo_2":null,"FID":null,"ObjectId":224,"GlobalID":"c5db9152-f52e-4653-bd42-7dd874607bc4","CreationDate":"Tue, 27 Jan 2026 22:32:15 GMT","Creator":"cjg4522_trecs","EditDate":"Tue, 27 Jan 2026 22:32:15 GMT","Editor":"cjg4522_trecs"}},{"type":"Feature","id":225,"geometry":{"type":"Point","coordinates":[-97.7402741765164,30.2859365492046]},"properties":{"Finding_Number":null,"Section":null,"Area_Description":null,"As_Built":null,"Finding":null,"Latitude":null,"Longitude":null,"Photo_1":null,"Photo_2":null,"FID":null,"ObjectId":225,"GlobalID":"cae92591-f933-4790-bc71-3e644ec8c36b","CreationDate":"Tue, 27 Jan 2026 22:32:17 GMT","Creator":"cjg4522_trecs","EditDate":"Tue, 27 Jan 2026 22:32:17 GMT","Editor":"cjg4522_trecs"}},{"type":"Feature","id":226,"geometry":{"type":"Point","coordinates":[-97.7413604854868,30.2858649556976]},"properties":{"Finding_Number":null,"Section":null,"Area_Description":null,"As_Built":null,"Finding":null,"Latitude":null,"Longitude":null,"Photo_1":null,"Photo_2":null,"FID":null,"ObjectId":226,"GlobalID":"75c94730-9221-4d88-b900-a195540576ed","CreationDate":"Tue, 27 Jan 2026 22:33:42 GMT","Creator":"cjg4522_trecs","EditDate":"Tue, 27 Jan 2026 22:33:42 GMT","Editor":"cjg4522_trecs"}},{"type":"Feature","id":227,"geometry":{"type":"Point","coordinates":[-97.7380080824589,30.2894035877596]},"properties":{"Finding_Number":null,"Section":null,"Area_Description":null,"As_Built":null,"Finding":null,"Latitude":null,"Longitude":null,"Photo_1":null,"Photo_2":null,"FID":null,"ObjectId":227,"GlobalID":"fc2de28d-1813-43a2-b5bd-1c22dc1670c5","CreationDate":"Tue, 27 Jan 2026 22:59:53 GMT","Creator":"cjg4522_trecs","EditDate":"Tue, 27 Jan 2026 22:59:53 GMT","Editor":"cjg4522_trecs"}},{"type":"Feature","id":228,"geometry":{"type":"Point","coordinates":[-97.7381223499023,30.2856181845515]},"properties":{"Finding_Number":null,"Section":null,"Area_Description":null,"As_Built":null,"Finding":null,"Latitude":null,"Longitude":null,"Photo_1":null,"Photo_2":null,"FID":null,"ObjectId":228,"GlobalID":"8a9bc0ea-762d-44d8-b700-653b4fc1e617","CreationDate":"Tue, 27 Jan 2026 23:05:24 GMT","Creator":"cjg4522_trecs","EditDate":"Tue, 27 Jan 2026 23:05:24 GMT","Editor":"cjg4522_trecs"}},{"type":"Feature","id":229,"geometry":{"type":"Point","coordinates":[-97.7378393768513,30.2855961811532]},"properties":{"Finding_Number":null,"Section":null,"Area_Description":null,"As_Built":null,"Finding":null,"Latitude":null,"Longitude":null,"Photo_1":null,"Photo_2":null,"FID":null,"ObjectId":229,"GlobalID":"a0fe764f-7087-408f-9441-97cce13cef9a","CreationDate":"Tue, 27 Jan 2026 23:05:26 GMT","Creator":"cjg4522_trecs","EditDate":"Tue, 27 Jan 2026 23:05:26 GMT","Editor":"cjg4522_trecs"}},{"type":"Feature","id":230,"geometry":{"type":"Point","coordinates":[-97.7383422910414,30.2856228168453]},"properties":{"Finding_Number":null,"Section":null,"Area_Description":null,"As_Built":null,"Finding":null,"Latitude":null,"Longitude":null,"Photo_1":null,"Photo_2":null,"FID":null,"ObjectId":230,"GlobalID":"0d3b347f-9b7e-4308-a96f-3d28ddd295ba","CreationDate":"Tue, 27 Jan 2026 23:05:29 GMT","Creator":"cjg4522_trecs","EditDate":"Tue, 27 Jan 2026 23:05:29 GMT","Editor":"cjg4522_trecs"}},{"type":"Feature","id":231,"geometry":{"type":"Point","coordinates":[-97.7399583219723,30.2857548371255]},"properties":{"Finding_Number":null,"Section":null,"Area_Description":null,"As_Built":null,"Finding":null,"Latitude":null,"Longitude":null,"Photo_1":null,"Photo_2":null,"FID":null,"ObjectId":231,"GlobalID":"3b887339-c4db-4d3f-8ca0-7d21d61a93d5","CreationDate":"Tue, 27 Jan 2026 23:05:41 GMT","Creator":"cjg4522_trecs","EditDate":"Tue, 27 Jan 2026 23:05:41 GMT","Editor":"cjg4522_trecs"}},{"type":"Feature","id":232,"geometry":{"type":"Point","coordinates":[-97.7391054285774,30.2870700237233]},"properties":{"Finding_Number":null,"Section":null,"Area_Description":null,"As_Built":null,"Finding":null,"Latitude":null,"Longitude":null,"Photo_1":null,"Photo_2":null,"FID":null,"ObjectId":232,"GlobalID":"53aba69f-8a51-47b6-b487-cf2c9860bbc1","CreationDate":"Tue, 27 Jan 2026 23:06:06 GMT","Creator":"cjg4522_trecs","EditDate":"Tue, 27 Jan 2026 23:06:06 GMT","Editor":"cjg4522_trecs"}},{"type":"Feature","id":233,"geometry":{"type":"Point","coordinates":[-97.733415782057,30.2863663992137]},"properties":{"Finding_Number":null,"Section":null,"Area_Description":null,"As_Built":null,"Finding":null,"Latitude":null,"Longitude":null,"Photo_1":null,"Photo_2":null,"FID":null,"ObjectId":233,"GlobalID":"75b22691-5097-4172-8bc9-5d03fa67bf99","CreationDate":"Wed, 28 Jan 2026 16:23:16 GMT","Creator":"cjg4522_trecs","EditDate":"Wed, 28 Jan 2026 16:23:16 GMT","Editor":"cjg4522_trecs"}},{"type":"Feature","id":234,"geometry":{"type":"Point","coordinates":[-97.7333538676231,30.2870207035152]},"properties":{"Finding_Number":null,"Section":null,"Area_Description":null,"As_Built":null,"Finding":null,"Latitude":null,"Longitude":null,"Photo_1":null,"Photo_2":null,"FID":null,"ObjectId":234,"GlobalID":"38394325-514e-449c-b2af-c74c5bbdcdf5","CreationDate":"Wed, 28 Jan 2026 16:23:27 GMT","Creator":"cjg4522_trecs","EditDate":"Wed, 28 Jan 2026 16:23:27 GMT","Editor":"cjg4522_trecs"}},{"type":"Feature","id":235,"geometry":{"type":"Point","coordinates":[-97.7333368803539,30.2871156641359]},"properties":{"Finding_Number":null,"Section":null,"Area_Description":null,"As_Built":null,"Finding":null,"Latitude":null,"Longitude":null,"Photo_1":null,"Photo_2":null,"FID":null,"ObjectId":235,"GlobalID":"25f27568-9ed7-4cbd-a07e-8b94f2ed5001","CreationDate":"Wed, 28 Jan 2026 16:23:34 GMT","Creator":"cjg4522_trecs","EditDate":"Wed, 28 Jan 2026 16:23:34 GMT","Editor":"cjg4522_trecs"}},{"type":"Feature","id":236,"geometry":{"type":"Point","coordinates":[-97.7333109522789,30.2864015270384]},"properties":{"Finding_Number":null,"Section":null,"Area_Description":null,"As_Built":null,"Finding":null,"Latitude":null,"Longitude":null,"Photo_1":null,"Photo_2":null,"FID":null,"ObjectId":236,"GlobalID":"85c6eaf5-f7e7-4753-a53e-41cdc5f54cc7","CreationDate":"Wed, 28 Jan 2026 16:23:43 GMT","Creator":"cjg4522_trecs","EditDate":"Wed, 28 Jan 2026 16:23:43 GMT","Editor":"cjg4522_trecs"}},{"type":"Feature","id":237,"geometry":{"type":"Point","coordinates":[-97.7331813122311,30.286385314138]},"properties":{"Finding_Number":null,"Section":null,"Area_Description":null,"As_Built":null,"Finding":null,"Latitude":null,"Longitude":null,"Photo_1":null,"Photo_2":null,"FID":null,"ObjectId":237,"GlobalID":"357a6cc5-71a3-454e-96df-d6edef5cc0b9","CreationDate":"Wed, 28 Jan 2026 16:23:47 GMT","Creator":"cjg4522_trecs","EditDate":"Wed, 28 Jan 2026 16:23:47 GMT","Editor":"cjg4522_trecs"}},{"type":"Feature","id":238,"geometry":{"type":"Point","coordinates":[-97.7314763213122,30.2868599264352]},"properties":{"Finding_Number":null,"Section":null,"Area_Description":null,"As_Built":null,"Finding":null,"Latitude":null,"Longitude":null,"Photo_1":null,"Photo_2":null,"FID":null,"ObjectId":238,"GlobalID":"ad41e2bd-d6ea-4cb4-b1b0-e8bde2546d3b","CreationDate":"Wed, 28 Jan 2026 16:24:01 GMT","Creator":"cjg4522_trecs","EditDate":"Wed, 28 Jan 2026 16:24:01 GMT","Editor":"cjg4522_trecs"}},{"type":"Feature","id":239,"geometry":{"type":"Point","coordinates":[-97.7312970636813,30.2857149249083]},"properties":{"Finding_Number":null,"Section":null,"Area_Description":null,"As_Built":null,"Finding":null,"Latitude":null,"Longitude":null,"Photo_1":null,"Photo_2":null,"FID":null,"ObjectId":239,"GlobalID":"c0c2cd7d-a9c3-4c6d-b05e-aecadeb6779e","CreationDate":"Wed, 28 Jan 2026 16:24:12 GMT","Creator":"cjg4522_trecs","EditDate":"Wed, 28 Jan 2026 16:24:12 GMT","Editor":"cjg4522_trecs"}},{"type":"Feature","id":240,"geometry":{"type":"Point","coordinates":[-97.7313650130035,30.2846769006128]},"properties":{"Finding_Number":null,"Section":null,"Area_Description":null,"As_Built":null,"Finding":null,"Latitude":null,"Longitude":null,"Photo_1":null,"Photo_2":null,"FID":null,"ObjectId":240,"GlobalID":"30699ad4-38ed-4d66-8bc5-c7d6ee0be4ab","CreationDate":"Wed, 28 Jan 2026 16:24:22 GMT","Creator":"cjg4522_trecs","EditDate":"Wed, 28 Jan 2026 16:24:22 GMT","Editor":"cjg4522_trecs"}},{"type":"Feature","id":241,"geometry":{"type":"Point","coordinates":[-97.7316046237028,30.2849089032941]},"properties":{"Finding_Number":null,"Section":null,"Area_Description":null,"As_Built":null,"Finding":null,"Latitude":null,"Longitude":null,"Photo_1":null,"Photo_2":null,"FID":null,"ObjectId":241,"GlobalID":"62aa1f6f-accb-4606-b2db-73758150d41a","CreationDate":"Wed, 28 Jan 2026 16:24:27 GMT","Creator":"cjg4522_trecs","EditDate":"Wed, 28 Jan 2026 16:24:27 GMT","Editor":"cjg4522_trecs"}},{"type":"Feature","id":242,"geometry":{"type":"Point","coordinates":[-97.7312112329109,30.283944988394]},"properties":{"Finding_Number":null,"Section":null,"Area_Description":null,"As_Built":null,"Finding":null,"Latitude":null,"Longitude":null,"Photo_1":null,"Photo_2":null,"FID":null,"ObjectId":242,"GlobalID":"163a4290-13e6-434f-b79b-2ff21019dc37","CreationDate":"Wed, 28 Jan 2026 16:24:34 GMT","Creator":"cjg4522_trecs","EditDate":"Wed, 28 Jan 2026 16:24:34 GMT","Editor":"cjg4522_trecs"}},{"type":"Feature","id":243,"geometry":{"type":"Point","coordinates":[-97.7312237499409,30.2838415319649]},"properties":{"Finding_Number":null,"Section":null,"Area_Description":null,"As_Built":null,"Finding":null,"Latitude":null,"Longitude":null,"Photo_1":null,"Photo_2":null,"FID":null,"ObjectId":243,"GlobalID":"a7ed4fd6-1eb8-4c04-a85f-b9673b7ed6d3","CreationDate":"Wed, 28 Jan 2026 16:24:39 GMT","Creator":"cjg4522_trecs","EditDate":"Wed, 28 Jan 2026 16:24:39 GMT","Editor":"cjg4522_trecs"}},{"type":"Feature","id":244,"geometry":{"type":"Point","coordinates":[-97.7313989876237,30.2831022788494]},"properties":{"Finding_Number":null,"Section":null,"Area_Description":null,"As_Built":null,"Finding":null,"Latitude":null,"Longitude":null,"Photo_1":null,"Photo_2":null,"FID":null,"ObjectId":244,"GlobalID":"19e8cfa2-7d7d-45e2-b749-397f71de3cf4","CreationDate":"Wed, 28 Jan 2026 16:24:50 GMT","Creator":"cjg4522_trecs","EditDate":"Wed, 28 Jan 2026 16:24:50 GMT","Editor":"cjg4522_trecs"}},{"type":"Feature","id":245,"geometry":{"type":"Point","coordinates":[-97.7312378315382,30.2828245267375]},"properties":{"Finding_Number":null,"Section":null,"Area_Description":null,"As_Built":null,"Finding":null,"Latitude":null,"Longitude":null,"Photo_1":null,"Photo_2":null,"FID":null,"ObjectId":245,"GlobalID":"7a86f805-a401-4672-8f58-25c422dc5eb6","CreationDate":"Wed, 28 Jan 2026 16:24:54 GMT","Creator":"cjg4522_trecs","EditDate":"Wed, 28 Jan 2026 16:24:54 GMT","Editor":"cjg4522_trecs"}},{"type":"Feature","id":246,"geometry":{"type":"Point","coordinates":[-97.7310688523703,30.2832831358171]},"properties":{"Finding_Number":null,"Section":null,"Area_Description":null,"As_Built":null,"Finding":null,"Latitude":null,"Longitude":null,"Photo_1":null,"Photo_2":null,"FID":null,"ObjectId":246,"GlobalID":"95b80131-5ea2-44e7-aec3-2ac1f2034cb2","CreationDate":"Wed, 28 Jan 2026 16:24:58 GMT","Creator":"cjg4522_trecs","EditDate":"Wed, 28 Jan 2026 16:24:58 GMT","Editor":"cjg4522_trecs"}},{"type":"Feature","id":249,"geometry":{"type":"Point","coordinates":[-97.7335764942548,30.2827212620627]},"properties":{"Finding_Number":null,"Section":null,"Area_Description":null,"As_Built":null,"Finding":null,"Latitude":null,"Longitude":null,"Photo_1":null,"Photo_2":null,"FID":null,"ObjectId":249,"GlobalID":"52022527-d257-4cab-be58-86a59cccfbe4","CreationDate":"Wed, 28 Jan 2026 16:25:47 GMT","Creator":"cjg4522_trecs","EditDate":"Wed, 28 Jan 2026 16:25:47 GMT","Editor":"cjg4522_trecs"}},{"type":"Feature","id":250,"geometry":{"type":"Point","coordinates":[-97.7336667953462,30.2828254916969]},"properties":{"Finding_Number":null,"Section":null,"Area_Description":null,"As_Built":null,"Finding":null,"Latitude":null,"Longitude":null,"Photo_1":null,"Photo_2":null,"FID":null,"ObjectId":250,"GlobalID":"e31908ee-f31c-4fa4-a169-8450d690e23f","CreationDate":"Wed, 28 Jan 2026 16:25:53 GMT","Creator":"cjg4522_trecs","EditDate":"Wed, 28 Jan 2026 16:25:53 GMT","Editor":"cjg4522_trecs"}},{"type":"Feature","id":251,"geometry":{"type":"Point","coordinates":[-97.7381733534998,30.2836282495652]},"properties":{"Finding_Number":null,"Section":null,"Area_Description":null,"As_Built":null,"Finding":null,"Latitude":null,"Longitude":null,"Photo_1":null,"Photo_2":null,"FID":null,"ObjectId":251,"GlobalID":"e43dea7e-6df8-4cf9-9393-1dd7ff7e06b9","CreationDate":"Wed, 28 Jan 2026 16:26:18 GMT","Creator":"cjg4522_trecs","EditDate":"Wed, 28 Jan 2026 16:26:18 GMT","Editor":"cjg4522_trecs"}},{"type":"Feature","id":252,"geometry":{"type":"Point","coordinates":[-97.7382319150906,30.2836988934541]},"properties":{"Finding_Number":null,"Section":null,"Area_Description":null,"As_Built":null,"Finding":null,"Latitude":null,"Longitude":null,"Photo_1":null,"Photo_2":null,"FID":null,"ObjectId":252,"GlobalID":"42018abe-01d8-438d-82e8-74e9939fd072","CreationDate":"Wed, 28 Jan 2026 16:26:21 GMT","Creator":"cjg4522_trecs","EditDate":"Wed, 28 Jan 2026 16:26:21 GMT","Editor":"cjg4522_trecs"}},{"type":"Feature","id":253,"geometry":{"type":"Point","coordinates":[-97.7406968651756,30.2838413391739]},"properties":{"Finding_Number":null,"Section":null,"Area_Description":null,"As_Built":null,"Finding":null,"Latitude":null,"Longitude":null,"Photo_1":null,"Photo_2":null,"FID":null,"ObjectId":253,"GlobalID":"baa3c00e-0419-4543-8a1b-e32b3543640d","CreationDate":"Wed, 28 Jan 2026 16:26:33 GMT","Creator":"cjg4522_trecs","EditDate":"Wed, 28 Jan 2026 16:26:33 GMT","Editor":"cjg4522_trecs"}},{"type":"Feature","id":254,"geometry":{"type":"Point","coordinates":[-97.7411054549608,30.2838915233006]},"properties":{"Finding_Number":null,"Section":null,"Area_Description":null,"As_Built":null,"Finding":null,"Latitude":null,"Longitude":null,"Photo_1":null,"Photo_2":null,"FID":null,"ObjectId":254,"GlobalID":"7c20246e-d78f-40b3-8b53-69b6bef0ae15","CreationDate":"Wed, 28 Jan 2026 16:26:37 GMT","Creator":"cjg4522_trecs","EditDate":"Wed, 28 Jan 2026 16:26:37 GMT","Editor":"cjg4522_trecs"}},{"type":"Feature","id":255,"geometry":{"type":"Point","coordinates":[-97.7406199751292,30.28410692852]},"properties":{"Finding_Number":null,"Section":null,"Area_Description":null,"As_Built":null,"Finding":null,"Latitude":null,"Longitude":null,"Photo_1":null,"Photo_2":null,"FID":null,"ObjectId":255,"GlobalID":"71427764-04bd-4785-a2f8-cb54cbe5afbd","CreationDate":"Wed, 28 Jan 2026 16:27:25 GMT","Creator":"cjg4522_trecs","EditDate":"Wed, 28 Jan 2026 16:27:25 GMT","Editor":"cjg4522_trecs"}},{"type":"Feature","id":256,"geometry":{"type":"Point","coordinates":[-97.7399924500331,30.2860746991309]},"properties":{"Finding_Number":null,"Section":null,"Area_Description":null,"As_Built":null,"Finding":null,"Latitude":null,"Longitude":null,"Photo_1":null,"Photo_2":null,"FID":null,"ObjectId":256,"GlobalID":"64e86d6c-c970-4944-a391-d4024d9fe1a7","CreationDate":"Wed, 28 Jan 2026 16:31:22 GMT","Creator":"cjg4522_trecs","EditDate":"Wed, 28 Jan 2026 16:31:22 GMT","Editor":"cjg4522_trecs"}},{"type":"Feature","id":257,"geometry":{"type":"Point","coordinates":[-97.7405890178303,30.2815385379784]},"properties":{"Finding_Number":null,"Section":null,"Area_Description":null,"As_Built":null,"Finding":null,"Latitude":null,"Longitude":null,"Photo_1":null,"Photo_2":null,"FID":null,"ObjectId":257,"GlobalID":"5daa9372-5fce-4fe8-bba5-f69500f7ad91","CreationDate":"Wed, 28 Jan 2026 16:31:37 GMT","Creator":"cjg4522_trecs","EditDate":"Wed, 28 Jan 2026 16:31:37 GMT","Editor":"cjg4522_trecs"}},{"type":"Feature","id":258,"geometry":{"type":"Point","coordinates":[-97.7384620261641,30.2817547205371]},"properties":{"Finding_Number":null,"Section":null,"Area_Description":null,"As_Built":null,"Finding":null,"Latitude":null,"Longitude":null,"Photo_1":null,"Photo_2":null,"FID":null,"ObjectId":258,"GlobalID":"e69f47bb-c4af-4241-ae20-a36b4ec4a741","CreationDate":"Wed, 28 Jan 2026 16:31:57 GMT","Creator":"cjg4522_trecs","EditDate":"Wed, 28 Jan 2026 16:31:57 GMT","Editor":"cjg4522_trecs"}},{"type":"Feature","id":259,"geometry":{"type":"Point","coordinates":[-97.7346818996483,30.2823777867952]},"properties":{"Finding_Number":null,"Section":null,"Area_Description":null,"As_Built":null,"Finding":null,"Latitude":null,"Longitude":null,"Photo_1":null,"Photo_2":null,"FID":null,"ObjectId":259,"GlobalID":"e0eddd3a-f86c-424e-8051-7ac53c086e39","CreationDate":"Wed, 28 Jan 2026 16:32:23 GMT","Creator":"cjg4522_trecs","EditDate":"Wed, 28 Jan 2026 16:32:23 GMT","Editor":"cjg4522_trecs"}},{"type":"Feature","id":260,"geometry":{"type":"Point","coordinates":[-97.7347552133068,30.2823762425992]},"properties":{"Finding_Number":null,"Section":null,"Area_Description":null,"As_Built":null,"Finding":null,"Latitude":null,"Longitude":null,"Photo_1":null,"Photo_2":null,"FID":null,"ObjectId":260,"GlobalID":"866d3872-f805-4075-9121-c4aa681960c2","CreationDate":"Wed, 28 Jan 2026 16:32:26 GMT","Creator":"cjg4522_trecs","EditDate":"Wed, 28 Jan 2026 16:32:26 GMT","Editor":"cjg4522_trecs"}},{"type":"Feature","id":261,"geometry":{"type":"Point","coordinates":[-97.7346586537823,30.2827283079347]},"properties":{"Finding_Number":null,"Section":null,"Area_Description":null,"As_Built":null,"Finding":null,"Latitude":null,"Longitude":null,"Photo_1":null,"Photo_2":null,"FID":null,"ObjectId":261,"GlobalID":"e3b3b030-7b63-4841-be10-6050cb9b677b","CreationDate":"Wed, 28 Jan 2026 16:32:30 GMT","Creator":"cjg4522_trecs","EditDate":"Wed, 28 Jan 2026 16:32:30 GMT","Editor":"cjg4522_trecs"}},{"type":"Feature","id":262,"geometry":{"type":"Point","coordinates":[-97.7377369357971,30.2851247895423]},"properties":{"Finding_Number":null,"Section":null,"Area_Description":null,"As_Built":null,"Finding":null,"Latitude":null,"Longitude":null,"Photo_1":null,"Photo_2":null,"FID":null,"ObjectId":262,"GlobalID":"38e96876-d32c-4082-9444-48fff0f1099c","CreationDate":"Wed, 28 Jan 2026 16:32:47 GMT","Creator":"cjg4522_trecs","EditDate":"Wed, 28 Jan 2026 16:32:47 GMT","Editor":"cjg4522_trecs"}},{"type":"Feature","id":263,"geometry":{"type":"Point","coordinates":[-97.7377485586483,30.2852961851631]},"properties":{"Finding_Number":null,"Section":null,"Area_Description":null,"As_Built":null,"Finding":null,"Latitude":null,"Longitude":null,"Photo_1":null,"Photo_2":null,"FID":null,"ObjectId":263,"GlobalID":"cc2152df-1d11-4017-bb1c-007e031188ee","CreationDate":"Wed, 28 Jan 2026 16:32:51 GMT","Creator":"cjg4522_trecs","EditDate":"Wed, 28 Jan 2026 16:32:51 GMT","Editor":"cjg4522_trecs"}},{"type":"Feature","id":264,"geometry":{"type":"Point","coordinates":[-97.7379953218775,30.2851479511254]},"properties":{"Finding_Number":null,"Section":null,"Area_Description":null,"As_Built":null,"Finding":null,"Latitude":null,"Longitude":null,"Photo_1":null,"Photo_2":null,"FID":null,"ObjectId":264,"GlobalID":"46aae421-a7bd-4e33-9671-e33868da3b73","CreationDate":"Wed, 28 Jan 2026 16:32:55 GMT","Creator":"cjg4522_trecs","EditDate":"Wed, 28 Jan 2026 16:32:55 GMT","Editor":"cjg4522_trecs"}},{"type":"Feature","id":265,"geometry":{"type":"Point","coordinates":[-97.7379550887423,30.2853100820893]},"properties":{"Finding_Number":null,"Section":null,"Area_Description":null,"As_Built":null,"Finding":null,"Latitude":null,"Longitude":null,"Photo_1":null,"Photo_2":null,"FID":null,"ObjectId":265,"GlobalID":"261043a8-ccba-43fb-8548-d9fcbb62b304","CreationDate":"Wed, 28 Jan 2026 16:32:58 GMT","Creator":"cjg4522_trecs","EditDate":"Wed, 28 Jan 2026 16:32:58 GMT","Editor":"cjg4522_trecs"}},{"type":"Feature","id":266,"geometry":{"type":"Point","coordinates":[-97.7381723476725,30.2851595319149]},"properties":{"Finding_Number":null,"Section":null,"Area_Description":null,"As_Built":null,"Finding":null,"Latitude":null,"Longitude":null,"Photo_1":null,"Photo_2":null,"FID":null,"ObjectId":266,"GlobalID":"95395784-9647-4e60-b54c-e88127a2c7dc","CreationDate":"Wed, 28 Jan 2026 16:33:02 GMT","Creator":"cjg4522_trecs","EditDate":"Wed, 28 Jan 2026 16:33:02 GMT","Editor":"cjg4522_trecs"}},{"type":"Feature","id":267,"geometry":{"type":"Point","coordinates":[-97.7386953785121,30.28499122433]},"properties":{"Finding_Number":null,"Section":null,"Area_Description":null,"As_Built":null,"Finding":null,"Latitude":null,"Longitude":null,"Photo_1":null,"Photo_2":null,"FID":null,"ObjectId":267,"GlobalID":"6f9bbaaa-3a5b-49f0-b7b4-505aaa83ed83","CreationDate":"Wed, 28 Jan 2026 16:33:07 GMT","Creator":"cjg4522_trecs","EditDate":"Wed, 28 Jan 2026 16:33:07 GMT","Editor":"cjg4522_trecs"}},{"type":"Feature","id":268,"geometry":{"type":"Point","coordinates":[-97.7387695862675,30.285042179875]},"properties":{"Finding_Number":null,"Section":null,"Area_Description":null,"As_Built":null,"Finding":null,"Latitude":null,"Longitude":null,"Photo_1":null,"Photo_2":null,"FID":null,"ObjectId":268,"GlobalID":"e11e669b-4388-488c-8baf-851a7c5f9978","CreationDate":"Wed, 28 Jan 2026 16:33:12 GMT","Creator":"cjg4522_trecs","EditDate":"Wed, 28 Jan 2026 16:33:12 GMT","Editor":"cjg4522_trecs"}},{"type":"Feature","id":269,"geometry":{"type":"Point","coordinates":[-97.738889391658,30.2856714014451]},"properties":{"Finding_Number":null,"Section":null,"Area_Description":null,"As_Built":null,"Finding":null,"Latitude":null,"Longitude":null,"Photo_1":null,"Photo_2":null,"FID":null,"ObjectId":269,"GlobalID":"bc33a991-ea88-4317-9d47-523d81ae080e","CreationDate":"Wed, 28 Jan 2026 16:33:19 GMT","Creator":"cjg4522_trecs","EditDate":"Wed, 28 Jan 2026 16:33:19 GMT","Editor":"cjg4522_trecs"}},{"type":"Feature","id":270,"geometry":{"type":"Point","coordinates":[-97.738670344534,30.2861801801383]},"properties":{"Finding_Number":null,"Section":null,"Area_Description":null,"As_Built":null,"Finding":null,"Latitude":null,"Longitude":null,"Photo_1":null,"Photo_2":null,"FID":null,"ObjectId":270,"GlobalID":"cf4ca881-cce8-4486-bcbb-2b2d3b91795e","CreationDate":"Wed, 28 Jan 2026 16:33:23 GMT","Creator":"cjg4522_trecs","EditDate":"Wed, 28 Jan 2026 16:33:23 GMT","Editor":"cjg4522_trecs"}},{"type":"Feature","id":271,"geometry":{"type":"Point","coordinates":[-97.73864173425,30.2862465759593]},"properties":{"Finding_Number":null,"Section":null,"Area_Description":null,"As_Built":null,"Finding":null,"Latitude":null,"Longitude":null,"Photo_1":null,"Photo_2":null,"FID":null,"ObjectId":271,"GlobalID":"9d0f4321-d3c7-4739-ae85-60b74d2c97b2","CreationDate":"Wed, 28 Jan 2026 16:33:26 GMT","Creator":"cjg4522_trecs","EditDate":"Wed, 28 Jan 2026 16:33:26 GMT","Editor":"cjg4522_trecs"}},{"type":"Feature","id":272,"geometry":{"type":"Point","coordinates":[-97.7385889842485,30.286221098503]},"properties":{"Finding_Number":null,"Section":null,"Area_Description":null,"As_Built":null,"Finding":null,"Latitude":null,"Longitude":null,"Photo_1":null,"Photo_2":null,"FID":null,"ObjectId":272,"GlobalID":"d321e7bf-321e-4523-97e0-57bc17b1fe76","CreationDate":"Wed, 28 Jan 2026 16:33:30 GMT","Creator":"cjg4522_trecs","EditDate":"Wed, 28 Jan 2026 16:33:30 GMT","Editor":"cjg4522_trecs"}},{"type":"Feature","id":273,"geometry":{"type":"Point","coordinates":[-97.7379363132793,30.2862913544913]},"properties":{"Finding_Number":null,"Section":null,"Area_Description":null,"As_Built":null,"Finding":null,"Latitude":null,"Longitude":null,"Photo_1":null,"Photo_2":null,"FID":null,"ObjectId":273,"GlobalID":"712daabd-a09c-4ef9-a6bd-f590987063d6","CreationDate":"Wed, 28 Jan 2026 16:33:37 GMT","Creator":"cjg4522_trecs","EditDate":"Wed, 28 Jan 2026 16:33:37 GMT","Editor":"cjg4522_trecs"}},{"type":"Feature","id":274,"geometry":{"type":"Point","coordinates":[-97.7377628638721,30.2863044792447]},"properties":{"Finding_Number":null,"Section":null,"Area_Description":null,"As_Built":null,"Finding":null,"Latitude":null,"Longitude":null,"Photo_1":null,"Photo_2":null,"FID":null,"ObjectId":274,"GlobalID":"c3d91252-192f-45ef-9764-90cedd234d15","CreationDate":"Wed, 28 Jan 2026 16:33:42 GMT","Creator":"cjg4522_trecs","EditDate":"Wed, 28 Jan 2026 16:33:42 GMT","Editor":"cjg4522_trecs"}},{"type":"Feature","id":275,"geometry":{"type":"Point","coordinates":[-97.7378844572929,30.2860751820343]},"properties":{"Finding_Number":null,"Section":null,"Area_Description":null,"As_Built":null,"Finding":null,"Latitude":null,"Longitude":null,"Photo_1":null,"Photo_2":null,"FID":null,"ObjectId":275,"GlobalID":"b7807ca3-1359-46c5-ac91-ab2c4c1cfc00","CreationDate":"Wed, 28 Jan 2026 16:33:46 GMT","Creator":"cjg4522_trecs","EditDate":"Wed, 28 Jan 2026 16:33:46 GMT","Editor":"cjg4522_trecs"}},{"type":"Feature","id":276,"geometry":{"type":"Point","coordinates":[-97.7381133390742,30.2860705497619]},"properties":{"Finding_Number":null,"Section":null,"Area_Description":null,"As_Built":null,"Finding":null,"Latitude":null,"Longitude":null,"Photo_1":null,"Photo_2":null,"FID":null,"ObjectId":276,"GlobalID":"392cc10b-dce7-4c14-a9b2-dcdf45643d45","CreationDate":"Wed, 28 Jan 2026 16:33:51 GMT","Creator":"cjg4522_trecs","EditDate":"Wed, 28 Jan 2026 16:33:51 GMT","Editor":"cjg4522_trecs"}},{"type":"Feature","id":277,"geometry":{"type":"Point","coordinates":[-97.7381508900004,30.2859315814882]},"properties":{"Finding_Number":null,"Section":null,"Area_Description":null,"As_Built":null,"Finding":null,"Latitude":null,"Longitude":null,"Photo_1":null,"Photo_2":null,"FID":null,"ObjectId":277,"GlobalID":"e29bdce1-27cc-44fd-8662-316f981d7d10","CreationDate":"Wed, 28 Jan 2026 16:33:54 GMT","Creator":"cjg4522_trecs","EditDate":"Wed, 28 Jan 2026 16:33:54 GMT","Editor":"cjg4522_trecs"}},{"type":"Feature","id":278,"geometry":{"type":"Point","coordinates":[-97.73812227988,30.2858644134187]},"properties":{"Finding_Number":null,"Section":null,"Area_Description":null,"As_Built":null,"Finding":null,"Latitude":null,"Longitude":null,"Photo_1":null,"Photo_2":null,"FID":null,"ObjectId":278,"GlobalID":"e5cc6671-0daf-4f9f-8444-8485fe74c7d8","CreationDate":"Wed, 28 Jan 2026 16:33:59 GMT","Creator":"cjg4522_trecs","EditDate":"Wed, 28 Jan 2026 16:33:59 GMT","Editor":"cjg4522_trecs"}},{"type":"Feature","id":279,"geometry":{"type":"Point","coordinates":[-97.738479907694,30.2852822881288]},"properties":{"Finding_Number":null,"Section":null,"Area_Description":null,"As_Built":null,"Finding":null,"Latitude":null,"Longitude":null,"Photo_1":null,"Photo_2":null,"FID":null,"ObjectId":279,"GlobalID":"08f20d28-5acd-495a-a628-1f36b5566037","CreationDate":"Wed, 28 Jan 2026 16:34:04 GMT","Creator":"cjg4522_trecs","EditDate":"Wed, 28 Jan 2026 16:34:04 GMT","Editor":"cjg4522_trecs"}},{"type":"Feature","id":280,"geometry":{"type":"Point","coordinates":[-97.7392072443525,30.2878870833408]},"properties":{"Finding_Number":null,"Section":null,"Area_Description":null,"As_Built":null,"Finding":null,"Latitude":null,"Longitude":null,"Photo_1":null,"Photo_2":null,"FID":null,"ObjectId":280,"GlobalID":"ee1a968d-0d77-4707-a0a7-7cc5394258c3","CreationDate":"Wed, 28 Jan 2026 16:34:13 GMT","Creator":"cjg4522_trecs","EditDate":"Wed, 28 Jan 2026 16:34:13 GMT","Editor":"cjg4522_trecs"}},{"type":"Feature","id":281,"geometry":{"type":"Point","coordinates":[-97.7392483716665,30.2875118754977]},"properties":{"Finding_Number":null,"Section":null,"Area_Description":null,"As_Built":null,"Finding":null,"Latitude":null,"Longitude":null,"Photo_1":null,"Photo_2":null,"FID":null,"ObjectId":281,"GlobalID":"ac9e9605-7677-451a-a008-4ec55bbf5d99","CreationDate":"Wed, 28 Jan 2026 16:34:18 GMT","Creator":"cjg4522_trecs","EditDate":"Wed, 28 Jan 2026 16:34:18 GMT","Editor":"cjg4522_trecs"}},{"type":"Feature","id":282,"geometry":{"type":"Point","coordinates":[-97.7382389668984,30.2874972068963]},"properties":{"Finding_Number":null,"Section":null,"Area_Description":null,"As_Built":null,"Finding":null,"Latitude":null,"Longitude":null,"Photo_1":null,"Photo_2":null,"FID":null,"ObjectId":282,"GlobalID":"8b6f888e-b1d1-4fc9-8ed0-a2671f7bc948","CreationDate":"Wed, 28 Jan 2026 16:34:21 GMT","Creator":"cjg4522_trecs","EditDate":"Wed, 28 Jan 2026 16:34:21 GMT","Editor":"cjg4522_trecs"}},{"type":"Feature","id":283,"geometry":{"type":"Point","coordinates":[-97.7387470220438,30.2873343075232]},"properties":{"Finding_Number":null,"Section":null,"Area_Description":null,"As_Built":null,"Finding":null,"Latitude":null,"Longitude":null,"Photo_1":null,"Photo_2":null,"FID":null,"ObjectId":283,"GlobalID":"e8b416aa-c2cd-41e3-8cb5-0303b5647fc0","CreationDate":"Wed, 28 Jan 2026 16:34:27 GMT","Creator":"cjg4522_trecs","EditDate":"Wed, 28 Jan 2026 16:34:27 GMT","Editor":"cjg4522_trecs"}},{"type":"Feature","id":284,"geometry":{"type":"Point","coordinates":[-97.7387559627678,30.2872810370612]},"properties":{"Finding_Number":null,"Section":null,"Area_Description":null,"As_Built":null,"Finding":null,"Latitude":null,"Longitude":null,"Photo_1":null,"Photo_2":null,"FID":null,"ObjectId":284,"GlobalID":"5f668247-e668-45e7-a882-f3d690f085d0","CreationDate":"Wed, 28 Jan 2026 16:34:31 GMT","Creator":"cjg4522_trecs","EditDate":"Wed, 28 Jan 2026 16:34:31 GMT","Editor":"cjg4522_trecs"}},{"type":"Feature","id":285,"geometry":{"type":"Point","coordinates":[-97.7387398695137,30.2874130551099]},"properties":{"Finding_Number":null,"Section":null,"Area_Description":null,"As_Built":null,"Finding":null,"Latitude":null,"Longitude":null,"Photo_1":null,"Photo_2":null,"FID":null,"ObjectId":285,"GlobalID":"e9115131-bf35-4d8d-9daf-898f8ef6ee7e","CreationDate":"Wed, 28 Jan 2026 16:34:36 GMT","Creator":"cjg4522_trecs","EditDate":"Wed, 28 Jan 2026 16:34:36 GMT","Editor":"cjg4522_trecs"}},{"type":"Feature","id":286,"geometry":{"type":"Point","coordinates":[-97.7377785933706,30.2872275977128]},"properties":{"Finding_Number":null,"Section":null,"Area_Description":null,"As_Built":null,"Finding":null,"Latitude":null,"Longitude":null,"Photo_1":null,"Photo_2":null,"FID":null,"ObjectId":286,"GlobalID":"1da703eb-2a0d-4027-90d5-eb143eb6d999","CreationDate":"Wed, 28 Jan 2026 16:34:41 GMT","Creator":"cjg4522_trecs","EditDate":"Wed, 28 Jan 2026 16:34:41 GMT","Editor":"cjg4522_trecs"}},{"type":"Feature","id":287,"geometry":{"type":"Point","coordinates":[-97.7377736759602,30.2872673575513]},"properties":{"Finding_Number":null,"Section":null,"Area_Description":null,"As_Built":null,"Finding":null,"Latitude":null,"Longitude":null,"Photo_1":null,"Photo_2":null,"FID":null,"ObjectId":287,"GlobalID":"42318c3f-b8f0-4a5b-a460-ee08464d27bb","CreationDate":"Wed, 28 Jan 2026 16:34:44 GMT","Creator":"cjg4522_trecs","EditDate":"Wed, 28 Jan 2026 16:34:44 GMT","Editor":"cjg4522_trecs"}},{"type":"Feature","id":288,"geometry":{"type":"Point","coordinates":[-97.7367278370383,30.288192241434]},"properties":{"Finding_Number":null,"Section":null,"Area_Description":null,"As_Built":null,"Finding":null,"Latitude":null,"Longitude":null,"Photo_1":null,"Photo_2":null,"FID":null,"ObjectId":288,"GlobalID":"8b308eab-5e54-40a0-97d3-927675274d93","CreationDate":"Wed, 28 Jan 2026 16:35:00 GMT","Creator":"cjg4522_trecs","EditDate":"Wed, 28 Jan 2026 16:35:00 GMT","Editor":"cjg4522_trecs"}},{"type":"Feature","id":289,"geometry":{"type":"Point","coordinates":[-97.7359124455799,30.2891912415355]},"properties":{"Finding_Number":null,"Section":null,"Area_Description":null,"As_Built":null,"Finding":null,"Latitude":null,"Longitude":null,"Photo_1":null,"Photo_2":null,"FID":null,"ObjectId":289,"GlobalID":"51daf847-8184-4734-91e8-862e6fef6e54","CreationDate":"Wed, 28 Jan 2026 16:35:06 GMT","Creator":"cjg4522_trecs","EditDate":"Wed, 28 Jan 2026 16:35:06 GMT","Editor":"cjg4522_trecs"}},{"type":"Feature","id":290,"geometry":{"type":"Point","coordinates":[-97.7370309267388,30.2891088283213]},"properties":{"Finding_Number":null,"Section":null,"Area_Description":null,"As_Built":null,"Finding":null,"Latitude":null,"Longitude":null,"Photo_1":null,"Photo_2":null,"FID":null,"ObjectId":290,"GlobalID":"7ef2c53d-3325-47f1-965f-92fd19984da1","CreationDate":"Wed, 28 Jan 2026 16:35:10 GMT","Creator":"cjg4522_trecs","EditDate":"Wed, 28 Jan 2026 16:35:10 GMT","Editor":"cjg4522_trecs"}},{"type":"Feature","id":291,"geometry":{"type":"Point","coordinates":[-97.7369933758126,30.2891358490468]},"properties":{"Finding_Number":null,"Section":null,"Area_Description":null,"As_Built":null,"Finding":null,"Latitude":null,"Longitude":null,"Photo_1":null,"Photo_2":null,"FID":null,"ObjectId":291,"GlobalID":"b9ae23e1-2761-4e7b-b3e3-3e5b36676da1","CreationDate":"Wed, 28 Jan 2026 16:35:13 GMT","Creator":"cjg4522_trecs","EditDate":"Wed, 28 Jan 2026 16:35:13 GMT","Editor":"cjg4522_trecs"}},{"type":"Feature","id":292,"geometry":{"type":"Point","coordinates":[-97.7327825984601,30.2871840669266]},"properties":{"Finding_Number":null,"Section":null,"Area_Description":null,"As_Built":null,"Finding":null,"Latitude":null,"Longitude":null,"Photo_1":null,"Photo_2":null,"FID":null,"ObjectId":292,"GlobalID":"e331c76d-d2cd-4fe1-9377-d7fe580b3ab4","CreationDate":"Wed, 28 Jan 2026 16:35:47 GMT","Creator":"cjg4522_trecs","EditDate":"Wed, 28 Jan 2026 16:35:47 GMT","Editor":"cjg4522_trecs"}},{"type":"Feature","id":293,"geometry":{"type":"Point","coordinates":[-97.729650757743,30.2857097490217]},"properties":{"Finding_Number":null,"Section":null,"Area_Description":null,"As_Built":null,"Finding":null,"Latitude":null,"Longitude":null,"Photo_1":null,"Photo_2":null,"FID":null,"ObjectId":293,"GlobalID":"1dd72980-4691-442a-9006-7e94f52bba5c","CreationDate":"Wed, 28 Jan 2026 16:36:06 GMT","Creator":"cjg4522_trecs","EditDate":"Wed, 28 Jan 2026 16:36:06 GMT","Editor":"cjg4522_trecs"}},{"type":"Feature","id":294,"geometry":{"type":"Point","coordinates":[-97.7293045292353,30.2845574603713]},"properties":{"Finding_Number":null,"Section":null,"Area_Description":null,"As_Built":null,"Finding":null,"Latitude":null,"Longitude":null,"Photo_1":null,"Photo_2":null,"FID":null,"ObjectId":294,"GlobalID":"fd8a9d21-ac6c-4e7d-b1a1-3b9c2c1a0dc1","CreationDate":"Wed, 28 Jan 2026 16:36:15 GMT","Creator":"cjg4522_trecs","EditDate":"Wed, 28 Jan 2026 16:36:15 GMT","Editor":"cjg4522_trecs"}},{"type":"Feature","id":295,"geometry":{"type":"Point","coordinates":[-97.7290085922286,30.2837012449436]},"properties":{"Finding_Number":null,"Section":null,"Area_Description":null,"As_Built":null,"Finding":null,"Latitude":null,"Longitude":null,"Photo_1":null,"Photo_2":null,"FID":null,"ObjectId":295,"GlobalID":"536275d7-6ee8-4421-9af0-7e25dc58ac03","CreationDate":"Wed, 28 Jan 2026 16:36:21 GMT","Creator":"cjg4522_trecs","EditDate":"Wed, 28 Jan 2026 16:36:21 GMT","Editor":"cjg4522_trecs"}},{"type":"Feature","id":296,"geometry":{"type":"Point","coordinates":[-97.7288619649116,30.2842486368608]},"properties":{"Finding_Number":null,"Section":null,"Area_Description":null,"As_Built":null,"Finding":null,"Latitude":null,"Longitude":null,"Photo_1":null,"Photo_2":null,"FID":null,"ObjectId":296,"GlobalID":"36c8849a-ab98-448f-a186-aa122d44dd07","CreationDate":"Wed, 28 Jan 2026 16:36:25 GMT","Creator":"cjg4522_trecs","EditDate":"Wed, 28 Jan 2026 16:36:25 GMT","Editor":"cjg4522_trecs"}},{"type":"Feature","id":297,"geometry":{"type":"Point","coordinates":[-97.7413404957558,30.2875383287025]},"properties":{"Finding_Number":null,"Section":null,"Area_Description":null,"As_Built":null,"Finding":null,"Latitude":null,"Longitude":null,"Photo_1":null,"Photo_2":null,"FID":null,"ObjectId":297,"GlobalID":"3c195baa-9900-4316-a35b-cf37ee5b9413","CreationDate":"Wed, 28 Jan 2026 16:36:59 GMT","Creator":"cjg4522_trecs","EditDate":"Wed, 28 Jan 2026 16:36:59 GMT","Editor":"cjg4522_trecs"}},{"type":"Feature","id":298,"geometry":{"type":"Point","coordinates":[-97.7393323033242,30.2882960770989]},"properties":{"Finding_Number":null,"Section":null,"Area_Description":null,"As_Built":null,"Finding":null,"Latitude":null,"Longitude":null,"Photo_1":null,"Photo_2":null,"FID":null,"ObjectId":298,"GlobalID":"69cca80f-0842-4324-a4af-1f35bc5fe20d","CreationDate":"Wed, 28 Jan 2026 16:38:16 GMT","Creator":"cjg4522_trecs","EditDate":"Wed, 28 Jan 2026 16:38:16 GMT","Editor":"cjg4522_trecs"}}]}